CREATE DATABASE  IF NOT EXISTS `travelliondb` /*!40100 DEFAULT CHARACTER SET utf8mb3 */ /*!80016 DEFAULT ENCRYPTION='N' */;
USE `travelliondb`;
-- MySQL dump 10.13  Distrib 8.0.31, for Win64 (x86_64)
--
-- Host: localhost    Database: travelliondb
-- ------------------------------------------------------
-- Server version	8.0.31

/*!40101 SET @OLD_CHARACTER_SET_CLIENT=@@CHARACTER_SET_CLIENT */;
/*!40101 SET @OLD_CHARACTER_SET_RESULTS=@@CHARACTER_SET_RESULTS */;
/*!40101 SET @OLD_COLLATION_CONNECTION=@@COLLATION_CONNECTION */;
/*!50503 SET NAMES utf8 */;
/*!40103 SET @OLD_TIME_ZONE=@@TIME_ZONE */;
/*!40103 SET TIME_ZONE='+00:00' */;
/*!40014 SET @OLD_UNIQUE_CHECKS=@@UNIQUE_CHECKS, UNIQUE_CHECKS=0 */;
/*!40014 SET @OLD_FOREIGN_KEY_CHECKS=@@FOREIGN_KEY_CHECKS, FOREIGN_KEY_CHECKS=0 */;
/*!40101 SET @OLD_SQL_MODE=@@SQL_MODE, SQL_MODE='NO_AUTO_VALUE_ON_ZERO' */;
/*!40111 SET @OLD_SQL_NOTES=@@SQL_NOTES, SQL_NOTES=0 */;

--
-- Table structure for table `accommodation`
--

DROP TABLE IF EXISTS `accommodation`;
/*!40101 SET @saved_cs_client     = @@character_set_client */;
/*!50503 SET character_set_client = utf8mb4 */;
CREATE TABLE `accommodation` (
  `id` int NOT NULL AUTO_INCREMENT,
  `user_id` int NOT NULL,
  `supplier_id` int NOT NULL,
  `reference` varchar(45) NOT NULL,
  `name` varchar(100) DEFAULT NULL,
  `location` varchar(100) DEFAULT NULL,
  `validfrom` date DEFAULT NULL,
  `validto` date DEFAULT NULL,
  `salesfrom` date DEFAULT NULL,
  `salesto` date DEFAULT NULL,
  `markup` decimal(10,2) DEFAULT NULL,
  `createdon` timestamp NULL DEFAULT NULL,
  `updatedon` timestamp NULL DEFAULT NULL,
  `accommodationstatus_id` int NOT NULL,
  `residenttype_id` int NOT NULL,
  `currency_id` int NOT NULL,
  `accommodationtype_id` int NOT NULL,
  `starrating_id` int NOT NULL,
  PRIMARY KEY (`id`),
  KEY `fk_accommodation_accommodationstatus1_idx` (`accommodationstatus_id`),
  KEY `fk_accommodation_residenttype1_idx` (`residenttype_id`),
  KEY `fk_accommodation_currency1_idx` (`currency_id`),
  KEY `fk_accommodation_supplier1_idx` (`supplier_id`),
  KEY `fk_accommodation_user1_idx` (`user_id`),
  KEY `fk_accommodation_accommodationtype1_idx` (`accommodationtype_id`),
  KEY `fk_accommodation_starrating1_idx` (`starrating_id`),
  CONSTRAINT `fk_accommodation_accommodationstatus1` FOREIGN KEY (`accommodationstatus_id`) REFERENCES `accommodationstatus` (`id`),
  CONSTRAINT `fk_accommodation_accommodationtype1` FOREIGN KEY (`accommodationtype_id`) REFERENCES `accommodationtype` (`id`),
  CONSTRAINT `fk_accommodation_currency1` FOREIGN KEY (`currency_id`) REFERENCES `currency` (`id`),
  CONSTRAINT `fk_accommodation_residenttype1` FOREIGN KEY (`residenttype_id`) REFERENCES `residenttype` (`id`),
  CONSTRAINT `fk_accommodation_starrating1` FOREIGN KEY (`starrating_id`) REFERENCES `starrating` (`id`),
  CONSTRAINT `fk_accommodation_supplier1` FOREIGN KEY (`supplier_id`) REFERENCES `supplier` (`id`),
  CONSTRAINT `fk_accommodation_user1` FOREIGN KEY (`user_id`) REFERENCES `user` (`id`)
) ENGINE=InnoDB AUTO_INCREMENT=61 DEFAULT CHARSET=utf8mb3;
/*!40101 SET character_set_client = @saved_cs_client */;

--
-- Dumping data for table `accommodation`
--

LOCK TABLES `accommodation` WRITE;
/*!40000 ALTER TABLE `accommodation` DISABLE KEYS */;
INSERT INTO `accommodation` VALUES (17,6,20,'ACM_SUP_BR25000018_25_001','Cinnamon Citadel Kandy','Kandy','2025-07-09','2025-09-09','2025-07-15','2025-09-03',165.00,'2025-05-03 06:14:38','2025-07-18 09:05:12',4,1,3,1,3),(18,6,15,'ACM_SUP_BR25000013_25_001','Empire Hotel','Kandy','2025-07-11','2025-08-28','2025-07-15','2025-08-24',90.00,'2025-05-03 06:18:59','2025-05-03 06:18:59',1,3,3,2,5),(19,6,13,'ACM_SUP_BR25000011_25_001','Mahaweli Reach Hotel','Kandy','2025-07-02','2025-09-05','2025-07-08','2025-08-30',80.00,'2025-05-03 06:20:19','2025-05-03 06:20:19',4,3,3,3,7),(20,6,6,'ACM_SUP_BR25000004_25_001','The Kandy House','Kandy','2025-07-16','2025-09-18','2025-07-22','2025-09-12',70.00,'2025-05-03 06:20:35','2025-05-03 06:20:35',1,1,3,4,3),(21,6,25,'ACM_SUP_BR25000023_25_001','The Manor House','Kandy','2025-07-03','2025-08-12','2025-07-07','2025-08-08',60.00,'2025-05-03 06:20:49','2025-05-03 06:20:49',1,3,3,5,5),(22,6,23,'ACM_SUP_BR25000021_25_001','Queen\'s Hotel','Kandy','2025-07-09','2025-09-18','2025-07-16','2025-09-11',50.00,'2025-05-03 06:23:52','2025-05-03 06:23:52',2,1,3,6,7),(23,6,20,'ACM_SUP_BR25000018_25_002','Heritance Kandalama','Dambulla','2025-06-20','2025-08-16','2025-06-25','2025-08-11',100.00,'2025-05-03 06:25:24','2025-05-03 06:25:24',3,1,3,7,3),(24,6,6,'ACM_SUP_BR25000004_25_002','Hunas Falls Hotel','Elkaduwa','2025-07-12','2025-09-21','2025-07-19','2025-09-14',90.00,'2025-05-03 06:26:13','2025-05-03 06:26:13',3,1,3,8,5),(25,6,12,'ACM_SUP_BR25000010_25_001','Jetwing Vil Uyana','Sigiriya','2025-07-20','2025-08-26','2025-07-23','2025-08-23',80.00,'2025-05-03 06:27:03','2025-05-03 06:27:03',3,3,3,9,7),(26,6,18,'ACM_SUP_BR25000016_25_001','Alpine Hotel','Nuwara Eliya','2025-07-15','2025-08-15','2025-07-18','2025-08-12',70.00,'2025-05-03 06:27:28','2025-05-03 06:27:28',1,1,3,10,3),(27,6,6,'ACM_SUP_BR25000004_25_003','The Grand Hotel','Nuwara Eliya','2025-07-31','2025-10-29','2025-08-09','2025-10-20',60.00,'2025-05-03 06:27:40','2025-05-03 06:27:40',1,3,3,11,5),(28,6,19,'ACM_SUP_BR25000017_25_001','Heritance Tea Factory','Nuwara Eliya','2025-06-07','2025-08-25','2025-06-14','2025-08-18',50.00,'2025-05-03 06:27:52','2025-05-03 06:27:52',2,3,3,12,7),(29,6,25,'ACM_SUP_BR25000023_25_002','The Hill Club','Nuwara Eliya','2025-06-10','2025-08-14','2025-06-16','2025-08-08',100.00,'2025-05-03 06:28:37','2025-05-03 06:28:37',1,1,3,13,3),(30,6,15,'ACM_SUP_BR25000013_25_002','St. Andrew\'s Hotel','Nuwara Eliya','2025-07-18','2025-09-27','2025-07-25','2025-09-20',90.00,'2025-05-03 06:29:01','2025-05-03 06:29:01',4,1,3,14,5),(31,6,22,'ACM_SUP_BR25000020_25_001','Jetwing Jaffna','Jaffna','2025-06-10','2025-08-09','2025-06-16','2025-08-03',80.00,'2025-05-03 06:29:12','2025-05-03 06:29:12',4,1,3,15,7),(32,6,15,'ACM_SUP_BR25000013_25_003','Tilko Jaffna City Hotel','Jaffna','2025-06-30','2025-08-18','2025-07-04','2025-08-14',70.00,'2025-05-03 06:29:25','2025-05-03 06:29:25',1,1,3,1,3),(33,6,19,'ACM_SUP_BR25000017_25_002','Amangalla','Galle','2025-06-21','2025-08-27','2025-06-27','2025-08-21',60.00,'2025-05-03 06:29:36','2025-05-03 06:29:36',4,3,3,2,5),(34,6,7,'ACM_SUP_BR25000005_25_001','Cinnamon Bentota Beach','Bentota','2025-07-31','2025-10-07','2025-08-06','2025-10-01',50.00,'2025-05-03 06:29:48','2025-05-03 06:29:48',3,1,3,3,7),(35,6,4,'ACM_SUP_BR25000003_25_001','Closenberg Hotel','Galle','2025-06-04','2025-08-04','2025-06-10','2025-07-29',100.00,'2025-05-03 06:30:35','2025-05-03 06:30:35',3,3,3,4,3),(36,6,18,'ACM_SUP_BR25000016_25_002','Galle Fort Hotel','Galle','2025-06-15','2025-08-08','2025-06-20','2025-08-03',90.00,'2025-05-03 06:31:39','2025-05-03 06:31:39',4,3,3,5,5),(37,6,21,'ACM_SUP_BR25000019_25_001','Heritance Ahungalla','Ahungalla','2025-06-17','2025-09-08','2025-06-25','2025-08-31',80.00,'2025-05-03 06:31:55','2025-05-03 06:31:55',3,3,3,6,7),(38,6,9,'ACM_SUP_BR25000007_25_001','Jetwing Lighthouse','Galle','2025-07-25','2025-10-02','2025-07-31','2025-09-26',70.00,'2025-05-03 06:32:08','2025-05-03 06:32:08',3,1,3,7,3),(39,6,16,'ACM_SUP_BR25000014_25_001','Nooit Gedacht Hotel','Unawatuna','2025-07-13','2025-09-07','2025-07-18','2025-09-02',60.00,'2025-05-03 06:32:26','2025-05-03 06:32:26',1,1,3,8,5),(40,6,10,'ACM_SUP_BR25000008_25_001','Saman Villas','Bentota','2025-07-06','2025-09-16','2025-07-13','2025-09-09',50.00,'2025-05-03 06:32:42','2025-05-03 06:32:42',3,3,3,9,7),(41,6,9,'ACM_SUP_BR25000007_25_002','The Fortress Resort & Spa','Koggala','2025-06-21','2025-07-31','2025-06-25','2025-07-27',100.00,'2025-05-03 06:32:56','2025-05-03 06:32:56',2,1,3,10,3),(42,6,21,'ACM_SUP_BR25000019_25_001','Bandarawela Hotel','Bandarawela','2025-07-20','2025-09-29','2025-07-27','2025-09-22',90.00,'2025-05-03 06:33:09','2025-05-03 06:33:09',3,3,3,11,5),(43,6,18,'ACM_SUP_BR25000016_25_003','Cinnamon Grand Colombo','Colombo','2025-07-06','2025-08-07','2025-07-09','2025-08-04',80.00,'2025-05-03 06:33:24','2025-05-03 06:33:24',3,3,3,12,7),(44,6,21,'ACM_SUP_BR25000019_25_002','Cinnamon Lakeside Colombo','Colombo','2025-07-19','2025-08-22','2025-07-22','2025-08-19',70.00,'2025-05-03 06:33:48','2025-05-03 06:33:48',3,3,3,13,3),(45,6,18,'ACM_SUP_BR25000016_25_004','Cinnamon Life at City of Dreams Sri Lanka','Colombo','2025-06-24','2025-09-09','2025-07-01','2025-09-02',60.00,'2025-05-03 06:34:01','2025-05-03 06:34:01',1,1,3,14,5),(46,6,22,'ACM_SUP_BR25000020_25_002','Cinnamon Red Colombo','Colombo','2025-06-28','2025-07-29','2025-07-01','2025-07-26',50.00,'2025-05-03 06:34:15','2025-05-03 06:34:15',3,1,3,15,7),(47,6,15,'ACM_SUP_BR25000013_25_004','Galadari Hotel','Colombo','2025-06-05','2025-08-26','2025-06-13','2025-08-18',100.00,'2025-05-03 06:34:30','2025-05-03 06:34:30',2,1,3,1,3),(48,6,6,'ACM_SUP_BR25000004_25_004','Galle Face Hotel','Colombo','2025-06-26','2025-09-02','2025-07-02','2025-08-27',90.00,'2025-05-03 06:34:43','2025-05-03 06:34:43',2,1,3,2,5),(49,6,1,'ACM_SUP_BR25000001_25_001','Grand Oriental Hotel','Colombo','2025-06-29','2025-08-02','2025-07-02','2025-07-30',80.00,'2025-05-03 06:34:57','2025-05-03 06:34:57',3,1,3,3,7),(50,6,19,'ACM_SUP_BR25000017_25_003','Hilton Colombo','Colombo','2025-07-30','2025-08-29','2025-08-02','2025-08-26',70.00,'2025-05-03 06:35:29','2025-05-03 06:35:29',4,3,3,4,3),(51,6,13,'ACM_SUP_BR25000011_25_002','Hilton Colombo Residences','Colombo','2025-06-18','2025-08-21','2025-06-24','2025-08-15',60.00,'2025-05-03 06:35:45','2025-05-03 06:35:45',1,3,3,5,5),(52,6,23,'ACM_SUP_BR25000021_25_002','ITC Ratnadipa','Colombo','2025-08-01','2025-10-21','2025-08-09','2025-10-13',50.00,'2025-05-03 06:36:04','2025-05-03 06:36:04',4,1,3,6,7),(53,6,11,'ACM_SUP_BR25000009_25_001','The Kingsbury','Colombo','2025-07-20','2025-08-23','2025-07-23','2025-08-20',100.00,'2025-05-03 06:36:17','2025-05-03 06:36:17',2,1,3,7,3),(54,6,19,'ACM_SUP_BR25000017_25_004','Mount Lavinia Hotel','Mount Lavinia','2025-07-02','2025-09-24','2025-07-10','2025-09-16',90.00,'2025-05-03 06:36:30','2025-05-03 06:36:30',1,1,3,8,5),(55,6,20,'ACM_SUP_BR25000018_25_003','NH Collection Colombo','Colombo','2025-07-29','2025-10-04','2025-08-04','2025-09-28',80.00,'2025-05-03 06:36:42','2025-05-03 06:36:42',3,3,3,9,7),(56,6,13,'ACM_SUP_BR25000011_25_003','Shangri-La Colombo','Colombo','2025-06-29','2025-08-06','2025-07-02','2025-08-03',70.00,'2025-05-03 06:37:00','2025-05-03 06:37:00',2,1,3,10,3),(57,6,13,'ACM_SUP_BR25000011_25_004','Taj Samudra','Colombo','2025-06-06','2025-08-11','2025-06-12','2025-08-05',60.00,'2025-05-03 06:37:14','2025-05-03 06:37:14',1,3,3,11,5),(58,6,17,'ACM_SUP_BR25000015_25_001','Tintagel Colombo','Colombo','2025-06-20','2025-08-15','2025-06-25','2025-08-10',50.00,'2025-05-03 06:37:24','2025-05-03 06:37:24',1,3,3,12,7),(59,6,12,'ACM_SUP_BR25000010_25_002','Blue Water Hotel','Wadduwa','2025-06-13','2025-09-11','2025-06-22','2025-09-02',100.00,'2025-05-03 06:37:42','2025-05-03 06:37:42',3,3,3,13,3),(60,6,1,'ACM_SUP_BR25000001_25_002','Cinamon','Kandy','2025-07-19','2025-08-20','2025-07-20','2025-08-18',20.00,'2025-07-19 06:42:12','2025-07-19 06:42:12',1,1,1,1,5);
/*!40000 ALTER TABLE `accommodation` ENABLE KEYS */;
UNLOCK TABLES;

--
-- Table structure for table `accommodationcncelationcharges`
--

DROP TABLE IF EXISTS `accommodationcncelationcharges`;
/*!40101 SET @saved_cs_client     = @@character_set_client */;
/*!50503 SET character_set_client = utf8mb4 */;
CREATE TABLE `accommodationcncelationcharges` (
  `id` int NOT NULL AUTO_INCREMENT,
  `amount` decimal(10,2) DEFAULT NULL,
  `accommodation_id` int NOT NULL,
  `ratetype_id` int NOT NULL,
  `cancellationscheme_id` int NOT NULL,
  PRIMARY KEY (`id`),
  KEY `fk_accommodationcncelationcharges_accommodation1_idx` (`accommodation_id`),
  KEY `fk_accommodationcncelationcharges_ratetype1_idx` (`ratetype_id`),
  KEY `fk_accommodationcncelationcharges_cancellationscheme1_idx` (`cancellationscheme_id`),
  CONSTRAINT `fk_accommodationcncelationcharges_accommodation1` FOREIGN KEY (`accommodation_id`) REFERENCES `accommodation` (`id`),
  CONSTRAINT `fk_accommodationcncelationcharges_cancellationscheme1` FOREIGN KEY (`cancellationscheme_id`) REFERENCES `cancellationscheme` (`id`),
  CONSTRAINT `fk_accommodationcncelationcharges_ratetype1` FOREIGN KEY (`ratetype_id`) REFERENCES `ratetype` (`id`)
) ENGINE=InnoDB AUTO_INCREMENT=200 DEFAULT CHARSET=utf8mb3;
/*!40101 SET character_set_client = @saved_cs_client */;

--
-- Dumping data for table `accommodationcncelationcharges`
--

LOCK TABLES `accommodationcncelationcharges` WRITE;
/*!40000 ALTER TABLE `accommodationcncelationcharges` DISABLE KEYS */;
INSERT INTO `accommodationcncelationcharges` VALUES (27,1300.00,17,3,5),(28,325.00,17,3,1),(30,650.00,17,3,2),(31,730.00,18,3,2),(32,1460.00,18,3,5),(33,365.00,18,3,1),(34,1095.00,18,3,3),(35,1540.00,19,3,5),(36,770.00,19,3,2),(37,1155.00,19,3,3),(38,385.00,19,3,1),(39,700.00,20,3,2),(40,350.00,20,3,1),(41,1400.00,20,3,5),(42,1050.00,20,3,3),(43,1840.00,21,3,5),(44,920.00,21,3,2),(45,1380.00,21,3,3),(46,460.00,21,3,1),(47,300.00,22,3,1),(48,1200.00,22,3,5),(49,900.00,22,3,3),(50,600.00,22,3,2),(51,415.00,23,3,1),(52,1660.00,23,3,5),(53,1245.00,23,3,3),(54,830.00,23,3,2),(55,1760.00,24,3,5),(56,440.00,24,3,1),(57,880.00,24,3,2),(58,1320.00,24,3,3),(59,1300.00,25,3,5),(60,975.00,25,3,3),(61,650.00,25,3,2),(62,325.00,25,3,1),(63,740.00,26,3,2),(64,1480.00,26,3,5),(65,370.00,26,3,1),(66,1110.00,26,3,3),(67,880.00,27,3,2),(68,1320.00,27,3,3),(69,1760.00,27,3,5),(70,440.00,27,3,1),(71,540.00,28,3,2),(72,810.00,28,3,3),(73,270.00,28,3,1),(74,1080.00,28,3,5),(75,890.00,29,3,2),(76,1780.00,29,3,5),(77,1335.00,29,3,3),(78,445.00,29,3,1),(79,160.00,30,3,1),(80,640.00,30,3,5),(81,480.00,30,3,3),(82,320.00,30,3,2),(83,350.00,31,3,1),(84,700.00,31,3,2),(85,1050.00,31,3,3),(86,1400.00,31,3,5),(87,1580.00,32,3,5),(88,1185.00,32,3,3),(89,395.00,32,3,1),(90,790.00,32,3,2),(91,400.00,33,3,2),(92,200.00,33,3,1),(93,800.00,33,3,5),(94,600.00,33,3,3),(95,105.00,34,3,1),(96,420.00,34,3,5),(97,315.00,34,3,3),(98,210.00,34,3,2),(99,1260.00,35,3,3),(100,1680.00,35,3,5),(101,420.00,35,3,1),(102,840.00,35,3,2),(103,1440.00,36,3,5),(104,1080.00,36,3,3),(105,720.00,36,3,2),(106,360.00,36,3,1),(107,1420.00,37,3,5),(108,710.00,37,3,2),(109,355.00,37,3,1),(110,1065.00,37,3,3),(111,360.00,38,3,2),(112,180.00,38,3,1),(113,540.00,38,3,3),(114,720.00,38,3,5),(115,340.00,39,3,1),(116,680.00,39,3,2),(117,1360.00,39,3,5),(118,1020.00,39,3,3),(119,2000.00,40,3,5),(120,500.00,40,3,1),(121,1500.00,40,3,3),(122,1000.00,40,3,2),(123,480.00,41,3,2),(124,240.00,41,3,1),(125,720.00,41,3,3),(126,960.00,41,3,5),(127,1520.00,42,3,5),(128,760.00,42,3,2),(129,1140.00,42,3,3),(130,380.00,42,3,1),(131,120.00,43,3,2),(132,240.00,43,3,5),(133,60.00,43,3,1),(134,180.00,43,3,3),(135,335.00,44,3,1),(136,670.00,44,3,2),(137,1340.00,44,3,5),(138,1005.00,44,3,3),(139,365.00,45,3,1),(140,730.00,45,3,2),(141,1095.00,45,3,3),(142,1460.00,45,3,5),(143,420.00,46,3,2),(144,630.00,46,3,3),(145,840.00,46,3,5),(146,210.00,46,3,1),(147,350.00,47,3,1),(148,1400.00,47,3,5),(149,1050.00,47,3,3),(150,700.00,47,3,2),(151,1395.00,48,3,3),(152,1860.00,48,3,5),(153,930.00,48,3,2),(154,465.00,48,3,1),(155,280.00,49,3,5),(156,70.00,49,3,1),(157,140.00,49,3,2),(158,210.00,49,3,3),(159,435.00,50,3,1),(160,870.00,50,3,2),(161,1740.00,50,3,5),(162,1305.00,50,3,3),(163,340.00,51,3,5),(164,170.00,51,3,2),(165,255.00,51,3,3),(166,85.00,51,3,1),(167,440.00,52,3,1),(168,880.00,52,3,2),(169,1320.00,52,3,3),(170,1760.00,52,3,5),(171,680.00,53,3,5),(172,340.00,53,3,2),(173,510.00,53,3,3),(174,170.00,53,3,1),(175,675.00,54,3,3),(176,450.00,54,3,2),(177,225.00,54,3,1),(178,900.00,54,3,5),(179,1620.00,55,3,5),(180,405.00,55,3,1),(181,1215.00,55,3,3),(182,810.00,55,3,2),(183,750.00,56,3,2),(184,1125.00,56,3,3),(185,375.00,56,3,1),(186,1500.00,56,3,5),(187,1440.00,57,3,3),(188,480.00,57,3,1),(189,960.00,57,3,2),(190,1920.00,57,3,5),(191,700.00,58,3,5),(192,525.00,58,3,3),(193,350.00,58,3,2),(194,175.00,58,3,1),(195,425.00,59,3,1),(196,850.00,59,3,2),(197,1700.00,59,3,5),(198,1275.00,59,3,3),(199,40.00,60,3,2);
/*!40000 ALTER TABLE `accommodationcncelationcharges` ENABLE KEYS */;
UNLOCK TABLES;

--
-- Table structure for table `accommodationdiscount`
--

DROP TABLE IF EXISTS `accommodationdiscount`;
/*!40101 SET @saved_cs_client     = @@character_set_client */;
/*!50503 SET character_set_client = utf8mb4 */;
CREATE TABLE `accommodationdiscount` (
  `id` int NOT NULL AUTO_INCREMENT,
  `amount` decimal(10,2) DEFAULT NULL,
  `accommodation_id` int NOT NULL,
  `accommodationdiscounttype_id` int NOT NULL,
  PRIMARY KEY (`id`),
  KEY `fk_accommodationdiscount_accommodation1_idx` (`accommodation_id`),
  KEY `fk_accommodationdiscount_accommodationdiscounttype1_idx` (`accommodationdiscounttype_id`),
  CONSTRAINT `fk_accommodationdiscount_accommodation1` FOREIGN KEY (`accommodation_id`) REFERENCES `accommodation` (`id`),
  CONSTRAINT `fk_accommodationdiscount_accommodationdiscounttype1` FOREIGN KEY (`accommodationdiscounttype_id`) REFERENCES `accommodationdiscounttype` (`id`)
) ENGINE=InnoDB AUTO_INCREMENT=156 DEFAULT CHARSET=utf8mb3;
/*!40101 SET character_set_client = @saved_cs_client */;

--
-- Dumping data for table `accommodationdiscount`
--

LOCK TABLES `accommodationdiscount` WRITE;
/*!40000 ALTER TABLE `accommodationdiscount` DISABLE KEYS */;
INSERT INTO `accommodationdiscount` VALUES (25,360.00,17,2),(27,80.00,17,1),(28,280.00,18,3),(29,110.00,18,1),(30,300.00,18,2),(31,100.00,19,3),(32,180.00,19,1),(33,440.00,19,2),(34,450.00,20,2),(35,230.00,20,3),(36,130.00,20,1),(37,160.00,21,1),(38,240.00,21,3),(39,350.00,21,2),(40,170.00,22,1),(41,490.00,22,2),(42,180.00,22,3),(43,110.00,23,1),(44,250.00,23,3),(45,390.00,23,2),(46,60.00,24,1),(47,160.00,24,3),(48,490.00,24,2),(49,370.00,25,2),(50,170.00,25,1),(51,120.00,25,3),(52,190.00,26,1),(53,470.00,26,2),(54,130.00,26,3),(55,160.00,27,3),(56,310.00,27,2),(57,110.00,27,1),(58,200.00,28,1),(59,270.00,28,3),(60,350.00,28,2),(61,280.00,29,2),(62,110.00,29,1),(63,230.00,29,3),(64,400.00,30,2),(65,140.00,30,1),(66,270.00,30,3),(67,420.00,31,2),(68,270.00,31,3),(69,160.00,31,1),(70,150.00,32,3),(71,100.00,32,1),(72,310.00,32,2),(73,430.00,33,2),(74,180.00,33,1),(75,120.00,33,3),(76,500.00,34,2),(77,130.00,34,3),(78,130.00,34,1),(79,130.00,35,1),(80,100.00,35,3),(81,440.00,35,2),(82,270.00,36,3),(83,380.00,36,2),(84,180.00,36,1),(85,260.00,37,3),(86,350.00,37,2),(87,110.00,37,1),(88,70.00,38,1),(89,260.00,38,3),(90,330.00,38,2),(91,200.00,39,1),(92,130.00,39,3),(93,400.00,39,2),(94,170.00,40,1),(95,140.00,40,3),(96,340.00,40,2),(97,60.00,41,1),(98,470.00,41,2),(99,250.00,41,3),(100,480.00,42,2),(101,200.00,42,3),(102,180.00,42,1),(103,90.00,43,1),(104,180.00,43,3),(105,390.00,43,2),(106,440.00,44,2),(107,150.00,44,1),(108,260.00,44,3),(109,270.00,45,2),(110,260.00,45,3),(111,100.00,45,1),(112,50.00,46,1),(113,420.00,46,2),(114,160.00,46,3),(115,170.00,47,1),(116,110.00,47,3),(117,250.00,47,2),(118,130.00,48,1),(119,340.00,48,2),(120,210.00,48,3),(121,170.00,49,3),(122,480.00,49,2),(123,140.00,49,1),(124,280.00,50,3),(125,350.00,50,2),(126,170.00,50,1),(127,230.00,51,2),(128,150.00,51,3),(129,150.00,51,1),(130,200.00,52,1),(131,500.00,52,2),(132,160.00,52,3),(133,370.00,53,2),(134,100.00,53,1),(135,230.00,53,3),(136,60.00,54,1),(137,210.00,54,3),(138,260.00,54,2),(139,210.00,55,2),(140,150.00,55,3),(141,140.00,55,1),(142,400.00,56,2),(143,280.00,56,3),(144,140.00,56,1),(145,350.00,57,2),(146,160.00,57,1),(147,200.00,57,3),(148,140.00,58,3),(149,80.00,58,1),(150,500.00,58,2),(151,330.00,59,2),(152,140.00,59,3),(153,80.00,59,1),(154,40.00,60,2),(155,100.00,60,1);
/*!40000 ALTER TABLE `accommodationdiscount` ENABLE KEYS */;
UNLOCK TABLES;

--
-- Table structure for table `accommodationdiscounttype`
--

DROP TABLE IF EXISTS `accommodationdiscounttype`;
/*!40101 SET @saved_cs_client     = @@character_set_client */;
/*!50503 SET character_set_client = utf8mb4 */;
CREATE TABLE `accommodationdiscounttype` (
  `id` int NOT NULL AUTO_INCREMENT,
  `name` varchar(45) DEFAULT NULL,
  PRIMARY KEY (`id`)
) ENGINE=InnoDB AUTO_INCREMENT=4 DEFAULT CHARSET=utf8mb3;
/*!40101 SET character_set_client = @saved_cs_client */;

--
-- Dumping data for table `accommodationdiscounttype`
--

LOCK TABLES `accommodationdiscounttype` WRITE;
/*!40000 ALTER TABLE `accommodationdiscounttype` DISABLE KEYS */;
INSERT INTO `accommodationdiscounttype` VALUES (1,'Early Bird'),(2,'Honeymoon'),(3,'Senior Citizen');
/*!40000 ALTER TABLE `accommodationdiscounttype` ENABLE KEYS */;
UNLOCK TABLES;

--
-- Table structure for table `accommodationfacilities`
--

DROP TABLE IF EXISTS `accommodationfacilities`;
/*!40101 SET @saved_cs_client     = @@character_set_client */;
/*!50503 SET character_set_client = utf8mb4 */;
CREATE TABLE `accommodationfacilities` (
  `id` int NOT NULL AUTO_INCREMENT,
  `accommodationroom_id` int NOT NULL,
  `roomfacilities_id` int NOT NULL,
  PRIMARY KEY (`id`),
  KEY `fk_accommodationroom_has_roomfacilities_roomfacilities1_idx` (`roomfacilities_id`),
  KEY `fk_accommodationroom_has_roomfacilities_accommodationroom1_idx` (`accommodationroom_id`),
  CONSTRAINT `fk_accommodationroom_has_roomfacilities_accommodationroom1` FOREIGN KEY (`accommodationroom_id`) REFERENCES `accommodationroom` (`id`),
  CONSTRAINT `fk_accommodationroom_has_roomfacilities_roomfacilities1` FOREIGN KEY (`roomfacilities_id`) REFERENCES `roomfacilities` (`id`)
) ENGINE=InnoDB AUTO_INCREMENT=1391 DEFAULT CHARSET=utf8mb3;
/*!40101 SET character_set_client = @saved_cs_client */;

--
-- Dumping data for table `accommodationfacilities`
--

LOCK TABLES `accommodationfacilities` WRITE;
/*!40000 ALTER TABLE `accommodationfacilities` DISABLE KEYS */;
INSERT INTO `accommodationfacilities` VALUES (61,25,1),(62,25,19),(63,25,17),(64,25,3),(65,25,20),(66,25,18),(67,25,4),(68,25,7),(69,26,8),(70,26,3),(72,26,17),(73,26,16),(74,27,8),(75,27,14),(76,27,9),(77,27,3),(78,27,7),(79,27,22),(80,27,4),(81,27,15),(82,28,15),(83,28,1),(84,28,13),(85,28,4),(86,28,14),(87,28,11),(88,28,21),(89,28,17),(90,28,20),(91,28,18),(92,29,7),(93,29,15),(94,29,3),(95,29,12),(96,29,14),(97,29,17),(98,29,21),(99,29,8),(100,29,2),(101,29,16),(102,30,9),(103,30,19),(104,30,14),(105,30,1),(106,30,7),(107,30,18),(108,30,15),(109,30,22),(110,31,21),(111,31,11),(112,31,4),(113,31,18),(114,31,10),(115,32,11),(116,32,3),(117,32,12),(118,32,22),(119,32,1),(120,32,10),(121,32,18),(122,32,21),(123,33,22),(124,33,1),(125,33,12),(126,33,15),(127,33,21),(128,33,8),(129,33,16),(130,33,14),(131,33,19),(132,34,13),(133,34,15),(134,34,20),(135,34,12),(136,34,17),(137,34,22),(138,34,7),(139,35,16),(140,35,1),(141,35,17),(142,35,2),(143,35,18),(144,35,12),(145,35,19),(146,35,10),(147,35,8),(148,36,2),(149,36,4),(150,36,1),(151,36,16),(152,36,9),(153,36,15),(154,37,15),(155,37,3),(156,37,9),(157,37,22),(158,37,17),(159,37,7),(160,37,12),(161,37,18),(162,37,13),(163,38,4),(164,38,9),(165,38,13),(166,38,18),(167,38,16),(168,38,8),(169,38,10),(170,38,19),(171,39,21),(172,39,7),(173,39,12),(174,39,14),(175,39,15),(176,39,19),(177,39,2),(178,40,22),(179,40,16),(180,40,11),(181,40,7),(182,40,2),(183,40,19),(184,40,9),(185,40,1),(186,41,12),(187,41,4),(188,41,1),(189,41,18),(190,41,13),(191,41,3),(192,41,9),(193,41,19),(194,42,2),(195,42,21),(196,42,16),(197,42,18),(198,42,22),(199,42,8),(200,43,16),(201,43,17),(202,43,8),(203,43,11),(204,43,1),(205,44,22),(206,44,11),(207,44,14),(208,44,17),(209,44,4),(210,44,15),(211,44,9),(212,44,20),(213,44,18),(214,44,3),(215,44,1),(216,44,7),(217,45,7),(218,45,14),(219,45,18),(220,45,2),(221,45,16),(222,45,1),(223,45,9),(224,45,8),(225,46,17),(226,46,7),(227,46,3),(228,46,4),(229,46,14),(230,46,19),(231,46,8),(232,46,21),(233,46,15),(234,46,12),(235,46,11),(236,46,13),(237,46,2),(238,47,8),(239,47,22),(240,47,17),(241,47,21),(242,47,15),(243,47,11),(244,47,7),(245,47,20),(246,47,2),(247,47,18),(248,47,4),(249,47,19),(250,47,14),(251,47,3),(252,48,14),(253,48,19),(254,48,13),(255,48,8),(256,48,9),(257,48,10),(258,48,12),(259,49,12),(260,49,10),(261,49,19),(262,49,8),(263,49,14),(264,49,1),(265,49,11),(266,49,20),(267,50,8),(268,50,9),(269,50,22),(270,50,18),(271,50,21),(272,50,7),(273,50,17),(274,50,19),(275,50,11),(276,51,4),(277,51,15),(278,51,18),(279,51,7),(280,51,20),(281,51,9),(282,51,22),(283,51,19),(284,51,11),(285,52,3),(286,52,10),(287,52,16),(288,52,19),(289,52,9),(290,52,2),(291,52,11),(292,52,18),(293,52,13),(294,52,21),(295,52,20),(296,52,22),(297,53,10),(298,53,2),(299,53,9),(300,53,21),(301,53,12),(302,53,8),(303,54,18),(304,54,9),(305,54,14),(306,54,19),(307,54,7),(308,55,16),(309,55,1),(310,55,7),(311,55,2),(312,55,17),(313,55,8),(314,56,14),(315,56,2),(316,56,21),(317,56,15),(318,56,8),(319,56,9),(320,56,10),(321,56,7),(322,56,22),(323,56,16),(324,57,17),(325,57,19),(326,57,22),(327,57,14),(328,57,1),(329,57,21),(330,57,16),(331,57,15),(332,57,8),(333,57,20),(334,57,3),(335,57,7),(336,58,22),(337,58,18),(338,58,14),(339,58,21),(340,58,7),(341,58,15),(342,58,9),(343,58,1),(344,58,19),(345,58,17),(346,59,17),(347,59,21),(348,59,8),(349,59,20),(350,59,4),(351,59,9),(352,59,22),(353,59,16),(354,60,1),(355,60,18),(356,60,17),(357,60,3),(358,60,10),(359,60,8),(360,60,13),(361,61,15),(362,61,1),(363,61,3),(364,61,14),(365,61,9),(366,61,22),(367,61,18),(368,61,10),(369,61,2),(370,62,1),(371,62,4),(372,62,3),(373,62,18),(374,62,2),(375,62,16),(376,62,9),(377,63,11),(378,63,15),(379,63,20),(380,63,4),(381,63,14),(382,63,13),(383,63,1),(384,63,16),(385,63,17),(386,63,22),(387,63,18),(388,63,9),(389,63,7),(390,64,16),(391,64,10),(392,64,20),(393,64,12),(394,64,8),(395,64,1),(396,64,2),(397,64,22),(398,64,3),(399,64,17),(400,64,4),(401,65,14),(402,65,3),(403,65,1),(404,65,8),(405,65,19),(406,65,11),(407,65,10),(408,65,2),(409,65,18),(410,65,13),(411,65,21),(412,65,12),(413,65,7),(414,66,22),(415,66,2),(416,66,7),(417,66,3),(418,66,17),(419,66,19),(420,66,20),(421,66,10),(422,66,12),(423,66,21),(424,66,14),(425,67,10),(426,67,16),(427,67,20),(428,67,21),(429,67,7),(430,68,22),(431,68,8),(432,68,10),(433,68,2),(434,68,20),(435,68,14),(436,68,18),(437,68,17),(438,68,7),(439,69,3),(440,69,19),(441,69,14),(442,69,8),(443,69,7),(444,69,16),(445,69,15),(446,70,17),(447,70,4),(448,70,22),(449,70,2),(450,70,18),(451,70,14),(452,70,12),(453,71,12),(454,71,20),(455,71,1),(456,71,21),(457,71,11),(458,71,13),(459,71,15),(460,72,15),(461,72,12),(462,72,21),(463,72,13),(464,72,20),(465,72,7),(466,72,9),(467,72,8),(468,73,20),(469,73,11),(470,73,1),(471,73,21),(472,73,2),(473,73,19),(474,74,12),(475,74,4),(476,74,7),(477,74,18),(478,74,16),(479,75,2),(480,75,9),(481,75,18),(482,75,14),(483,75,1),(484,75,7),(485,75,20),(486,75,4),(487,76,16),(488,76,20),(489,76,14),(490,76,15),(491,76,22),(492,76,17),(493,77,16),(494,77,12),(495,77,1),(496,77,22),(497,77,9),(498,77,17),(499,77,19),(500,77,4),(501,77,15),(502,77,13),(503,78,2),(504,78,19),(505,78,13),(506,78,20),(507,78,21),(508,78,12),(509,78,16),(510,79,20),(511,79,4),(512,79,11),(513,79,9),(514,79,19),(515,79,8),(516,79,17),(517,79,15),(518,79,3),(519,79,14),(520,80,10),(521,80,4),(522,80,21),(523,80,13),(524,80,2),(525,80,1),(526,81,4),(527,81,22),(528,81,1),(529,81,14),(530,81,3),(531,81,20),(532,81,10),(533,81,19),(534,82,13),(535,82,16),(536,82,15),(537,82,1),(538,82,21),(539,82,22),(540,82,4),(541,82,9),(542,83,11),(543,83,12),(544,83,1),(545,83,22),(546,83,10),(547,83,18),(548,84,18),(549,84,12),(550,84,11),(551,84,16),(552,84,4),(553,84,1),(554,84,7),(555,84,2),(556,84,22),(557,84,14),(558,85,13),(559,85,8),(560,85,11),(561,85,21),(562,85,12),(563,85,3),(564,85,10),(565,85,4),(566,85,14),(567,85,7),(568,85,22),(569,86,9),(570,86,10),(571,86,4),(572,86,13),(573,86,22),(574,86,16),(575,86,12),(576,86,3),(577,86,7),(578,87,22),(579,87,12),(580,87,1),(581,87,19),(582,87,9),(583,87,17),(584,87,11),(585,87,4),(586,87,21),(587,88,13),(588,88,21),(589,88,12),(590,88,8),(591,88,22),(592,89,18),(593,89,9),(594,89,19),(595,89,3),(596,89,8),(597,89,11),(598,89,22),(599,89,4),(600,90,19),(601,90,12),(602,90,1),(603,90,7),(604,90,18),(605,90,14),(606,90,17),(607,90,11),(608,90,4),(609,90,3),(610,91,19),(611,91,11),(612,91,8),(613,91,22),(614,91,17),(615,92,1),(616,92,9),(617,92,19),(618,92,3),(619,92,15),(620,93,14),(621,93,16),(622,93,11),(623,93,9),(624,93,17),(625,93,10),(626,93,2),(627,93,7),(628,93,3),(629,93,12),(630,94,17),(631,94,9),(632,94,20),(633,94,14),(634,94,21),(635,94,19),(636,95,15),(637,95,4),(638,95,18),(639,95,3),(640,95,17),(641,95,20),(642,95,10),(643,95,7),(644,95,19),(645,95,16),(646,95,22),(647,95,2),(648,96,18),(649,96,10),(650,96,9),(651,96,13),(652,96,4),(653,96,3),(654,96,7),(655,96,8),(656,97,15),(657,97,18),(658,97,21),(659,97,11),(660,97,17),(661,97,8),(662,97,12),(663,97,1),(664,97,2),(665,97,9),(666,97,4),(667,97,14),(668,97,20),(669,97,10),(670,97,19),(671,98,20),(672,98,14),(673,98,16),(674,98,8),(675,98,10),(676,98,4),(677,98,1),(678,98,19),(679,98,12),(680,99,8),(681,99,19),(682,99,7),(683,99,4),(684,99,21),(685,99,16),(686,99,13),(687,99,9),(688,99,17),(689,99,15),(690,100,13),(691,100,11),(692,100,7),(693,100,20),(694,100,4),(695,100,9),(696,100,18),(697,100,8),(698,100,19),(699,101,3),(700,101,8),(701,101,4),(702,101,1),(703,101,13),(704,101,18),(705,101,15),(706,102,11),(707,102,3),(708,102,20),(709,102,14),(710,102,12),(711,102,19),(712,102,8),(713,102,17),(714,102,1),(715,103,22),(716,103,21),(717,103,20),(718,103,4),(719,103,8),(720,103,19),(721,104,1),(722,104,17),(723,104,11),(724,104,12),(725,104,15),(726,104,22),(727,104,2),(728,105,13),(729,105,10),(730,105,22),(731,105,16),(732,105,3),(733,105,2),(734,105,21),(735,105,1),(736,105,12),(737,105,14),(738,105,18),(739,106,1),(740,106,3),(741,106,10),(742,106,11),(743,106,15),(744,107,2),(745,107,22),(746,107,10),(747,107,17),(748,107,15),(749,107,7),(750,107,3),(751,107,4),(752,108,13),(753,108,7),(754,108,18),(755,108,9),(756,108,19),(757,108,2),(758,109,18),(759,109,3),(760,109,20),(761,109,17),(762,109,7),(763,109,19),(764,109,13),(765,109,9),(766,109,2),(767,110,13),(768,110,10),(769,110,14),(770,110,18),(771,110,3),(772,111,17),(773,111,11),(774,111,21),(775,111,18),(776,111,10),(777,111,4),(778,111,8),(779,111,13),(780,111,16),(781,112,7),(782,112,8),(783,112,3),(784,112,20),(785,112,21),(786,112,19),(787,112,17),(788,113,19),(789,113,14),(790,113,4),(791,113,1),(792,113,3),(793,113,15),(794,113,10),(795,113,8),(796,113,12),(797,114,10),(798,114,15),(799,114,19),(800,114,3),(801,114,14),(802,114,12),(803,114,13),(804,114,22),(805,114,4),(806,115,2),(807,115,19),(808,115,18),(809,115,13),(810,115,7),(811,115,20),(812,115,8),(813,115,9),(814,115,14),(815,116,20),(816,116,19),(817,116,22),(818,116,3),(819,116,1),(820,116,4),(821,116,12),(822,116,14),(823,116,18),(824,116,17),(825,116,16),(826,116,10),(827,116,8),(828,117,17),(829,117,19),(830,117,4),(831,117,21),(832,117,13),(833,117,11),(834,117,7),(835,117,8),(836,117,9),(837,118,15),(838,118,20),(839,118,13),(840,118,11),(841,118,14),(842,118,2),(843,118,9),(844,118,7),(845,118,22),(846,118,8),(847,119,14),(848,119,8),(849,119,17),(850,119,9),(851,119,15),(852,119,20),(853,119,1),(854,119,16),(855,119,21),(856,119,13),(857,120,15),(858,120,12),(859,120,16),(860,120,8),(861,120,1),(862,120,22),(863,120,19),(864,120,13),(865,120,20),(866,120,7),(867,121,13),(868,121,22),(869,121,21),(870,121,10),(871,121,9),(872,122,1),(873,122,7),(874,122,15),(875,122,16),(876,122,17),(877,122,13),(878,122,20),(879,122,21),(880,122,2),(881,122,18),(882,122,10),(883,123,21),(884,123,8),(885,123,7),(886,123,14),(887,123,10),(888,123,1),(889,123,16),(890,123,3),(891,123,13),(892,123,11),(893,124,17),(894,124,13),(895,124,8),(896,124,18),(897,124,7),(898,124,19),(899,124,20),(900,124,10),(901,124,3),(902,124,15),(903,124,14),(904,124,9),(905,124,11),(906,124,22),(907,124,1),(908,125,18),(909,125,16),(910,125,19),(911,125,21),(912,125,4),(913,125,12),(914,125,13),(915,125,14),(916,126,3),(917,126,10),(918,126,2),(919,126,15),(920,126,12),(921,126,13),(922,126,9),(923,127,7),(924,127,14),(925,127,4),(926,127,3),(927,127,20),(928,127,11),(929,128,8),(930,128,2),(931,128,1),(932,128,19),(933,128,9),(934,128,22),(935,128,7),(936,128,17),(937,128,11),(938,128,13),(939,128,20),(940,128,14),(941,128,4),(942,128,12),(943,128,21),(944,129,15),(945,129,14),(946,129,7),(947,129,9),(948,129,8),(949,129,21),(950,129,22),(951,129,11),(952,129,1),(953,129,17),(954,129,18),(955,129,13),(956,130,3),(957,130,18),(958,130,19),(959,130,8),(960,130,10),(961,130,9),(962,130,22),(963,131,4),(964,131,11),(965,131,19),(966,131,3),(967,131,14),(968,131,2),(969,131,7),(970,131,18),(971,131,16),(972,131,15),(973,131,13),(974,131,20),(975,132,20),(976,132,1),(977,132,14),(978,132,13),(979,132,19),(980,132,12),(981,132,3),(982,132,15),(983,133,21),(984,133,9),(985,133,14),(986,133,16),(987,133,15),(988,133,10),(989,133,3),(990,133,12),(991,133,20),(992,134,7),(993,134,11),(994,134,4),(995,134,8),(996,134,12),(997,134,10),(998,134,1),(999,134,3),(1000,134,19),(1001,135,4),(1002,135,15),(1003,135,2),(1004,135,8),(1005,135,22),(1006,136,1),(1007,136,3),(1008,136,21),(1009,136,7),(1010,136,18),(1011,136,2),(1012,137,18),(1013,137,16),(1014,137,20),(1015,137,9),(1016,137,17),(1017,137,13),(1018,138,11),(1019,138,14),(1020,138,21),(1021,138,17),(1022,138,19),(1023,138,18),(1024,138,13),(1025,138,8),(1026,139,20),(1027,139,17),(1028,139,7),(1029,139,9),(1030,139,14),(1031,139,8),(1032,139,12),(1033,139,13),(1034,139,2),(1035,140,19),(1036,140,18),(1037,140,11),(1038,140,15),(1039,140,3),(1040,140,1),(1041,140,13),(1042,140,20),(1043,140,14),(1044,140,8),(1045,140,12),(1046,140,7),(1047,140,22),(1048,140,2),(1049,140,21),(1050,141,1),(1051,141,3),(1052,141,10),(1053,141,2),(1054,141,20),(1055,141,8),(1056,142,1),(1057,142,15),(1058,142,4),(1059,142,16),(1060,142,8),(1061,142,19),(1062,142,3),(1063,143,7),(1064,143,3),(1065,143,19),(1066,143,1),(1067,143,12),(1068,143,11),(1069,143,4),(1070,143,13),(1071,143,20),(1072,143,8),(1073,144,17),(1074,144,20),(1075,144,15),(1076,144,2),(1077,144,8),(1078,144,16),(1079,144,11),(1080,144,19),(1081,144,7),(1082,144,13),(1083,144,1),(1084,144,10),(1085,144,18),(1086,144,4),(1087,144,21),(1088,145,17),(1089,145,2),(1090,145,19),(1091,145,13),(1092,145,1),(1093,146,8),(1094,146,15),(1095,146,4),(1096,146,17),(1097,146,22),(1098,146,2),(1099,146,13),(1100,146,7),(1101,146,19),(1102,146,21),(1103,146,3),(1104,146,11),(1105,146,9),(1106,147,13),(1107,147,9),(1108,147,22),(1109,147,16),(1110,147,14),(1111,147,3),(1112,148,1),(1113,148,12),(1114,148,9),(1115,148,21),(1116,148,20),(1117,148,3),(1118,148,7),(1119,148,10),(1120,148,11),(1121,148,8),(1122,149,4),(1123,149,1),(1124,149,7),(1125,149,17),(1126,149,16),(1127,149,11),(1128,149,22),(1129,150,1),(1130,150,3),(1131,150,8),(1132,150,16),(1133,150,21),(1134,150,13),(1135,150,18),(1136,150,9),(1137,150,11),(1138,150,4),(1139,150,12),(1140,150,7),(1141,150,15),(1142,150,14),(1143,151,11),(1144,151,9),(1145,151,15),(1146,151,18),(1147,151,2),(1148,151,16),(1149,152,7),(1150,152,20),(1151,152,12),(1152,152,15),(1153,152,13),(1154,152,11),(1155,152,21),(1156,152,2),(1157,153,20),(1158,153,8),(1159,153,1),(1160,153,21),(1161,153,18),(1162,153,14),(1163,153,3),(1164,153,19),(1165,154,22),(1166,154,11),(1167,154,3),(1168,154,13),(1169,154,10),(1170,154,1),(1171,155,14),(1172,155,7),(1173,155,20),(1174,155,16),(1175,155,15),(1176,155,4),(1177,155,18),(1178,155,13),(1179,156,13),(1180,156,17),(1181,156,7),(1182,156,11),(1183,156,4),(1184,156,3),(1185,156,9),(1186,156,10),(1187,157,20),(1188,157,17),(1189,157,3),(1190,157,8),(1191,157,15),(1192,158,14),(1193,158,17),(1194,158,9),(1195,158,3),(1196,158,15),(1197,158,13),(1198,158,18),(1199,158,4),(1200,158,11),(1201,158,8),(1202,158,7),(1203,159,13),(1204,159,8),(1205,159,7),(1206,159,22),(1207,159,17),(1208,159,20),(1209,159,14),(1210,159,12),(1211,160,18),(1212,160,13),(1213,160,3),(1214,160,1),(1215,160,12),(1216,160,4),(1217,160,7),(1218,160,16),(1219,160,19),(1220,161,14),(1221,161,18),(1222,161,8),(1223,161,13),(1224,161,22),(1225,161,3),(1226,161,15),(1227,161,16),(1228,161,2),(1229,161,1),(1230,162,21),(1231,162,20),(1232,162,11),(1233,162,12),(1234,162,15),(1235,162,13),(1236,162,10),(1237,163,4),(1238,163,22),(1239,163,8),(1240,163,18),(1241,163,12),(1242,163,2),(1243,163,21),(1244,163,1),(1245,164,14),(1246,164,16),(1247,164,3),(1248,164,12),(1249,164,15),(1250,164,11),(1251,164,10),(1252,164,8),(1253,164,2),(1254,164,22),(1255,165,7),(1256,165,11),(1257,165,15),(1258,165,19),(1259,165,21),(1260,165,17),(1261,165,4),(1262,166,3),(1263,166,18),(1264,166,15),(1265,166,17),(1266,166,19),(1267,166,22),(1268,166,16),(1269,166,1),(1270,166,8),(1271,166,2),(1272,166,11),(1273,167,3),(1274,167,12),(1275,167,1),(1276,167,8),(1277,167,18),(1278,167,7),(1279,167,9),(1280,167,22),(1281,167,19),(1282,167,10),(1283,167,17),(1284,168,9),(1285,168,14),(1286,168,16),(1287,168,7),(1288,168,17),(1289,168,10),(1290,168,1),(1291,168,3),(1292,168,20),(1293,168,12),(1294,168,15),(1295,168,13),(1296,168,21),(1297,169,9),(1298,169,2),(1299,169,12),(1300,169,8),(1301,169,20),(1302,169,15),(1303,169,3),(1304,169,17),(1305,169,7),(1306,169,13),(1307,169,19),(1308,169,11),(1309,169,10),(1310,169,18),(1311,169,21),(1312,170,10),(1313,170,1),(1314,170,11),(1315,170,19),(1316,170,14),(1317,171,15),(1318,171,11),(1319,171,16),(1320,171,2),(1321,171,3),(1322,171,10),(1323,171,20),(1324,171,19),(1325,171,12),(1326,171,14),(1327,172,11),(1328,172,8),(1329,172,20),(1330,172,12),(1331,172,13),(1332,173,20),(1333,173,8),(1334,173,7),(1335,173,9),(1336,173,3),(1337,173,17),(1338,173,10),(1339,173,22),(1340,174,13),(1341,174,17),(1342,174,10),(1343,174,9),(1344,174,16),(1345,174,21),(1346,174,11),(1347,174,7),(1348,174,12),(1349,174,15),(1350,175,8),(1351,175,10),(1352,175,18),(1353,175,22),(1354,175,20),(1355,175,13),(1356,175,19),(1357,175,11),(1358,175,7),(1359,176,2),(1360,176,13),(1361,176,21),(1362,176,19),(1363,176,3),(1364,176,22),(1365,177,14),(1366,177,17),(1367,177,11),(1368,177,19),(1369,177,13),(1370,177,18),(1371,177,7),(1372,177,12),(1373,177,8),(1374,178,13),(1375,178,2),(1376,178,18),(1377,178,22),(1378,178,3),(1379,178,17),(1380,178,8),(1381,178,11),(1382,178,1),(1383,178,4),(1384,178,15),(1385,179,3),(1386,179,2),(1387,180,4),(1388,180,3),(1389,180,1),(1390,180,2);
/*!40000 ALTER TABLE `accommodationfacilities` ENABLE KEYS */;
UNLOCK TABLES;

--
-- Table structure for table `accommodationoccupanciespax`
--

DROP TABLE IF EXISTS `accommodationoccupanciespax`;
/*!40101 SET @saved_cs_client     = @@character_set_client */;
/*!50503 SET character_set_client = utf8mb4 */;
CREATE TABLE `accommodationoccupanciespax` (
  `id` int NOT NULL AUTO_INCREMENT,
  `accommodationroom_id` int NOT NULL,
  `paxtype_id` int NOT NULL,
  `count` int DEFAULT NULL,
  PRIMARY KEY (`id`),
  KEY `fk_accommodationroom_has_paxtype_paxtype1_idx` (`paxtype_id`),
  KEY `fk_accommodationroom_has_paxtype_accommodationroom1_idx` (`accommodationroom_id`),
  CONSTRAINT `fk_accommodationroom_has_paxtype_accommodationroom1` FOREIGN KEY (`accommodationroom_id`) REFERENCES `accommodationroom` (`id`),
  CONSTRAINT `fk_accommodationroom_has_paxtype_paxtype1` FOREIGN KEY (`paxtype_id`) REFERENCES `paxtype` (`id`)
) ENGINE=InnoDB AUTO_INCREMENT=270 DEFAULT CHARSET=utf8mb3;
/*!40101 SET character_set_client = @saved_cs_client */;

--
-- Dumping data for table `accommodationoccupanciespax`
--

LOCK TABLES `accommodationoccupanciespax` WRITE;
/*!40000 ALTER TABLE `accommodationoccupanciespax` DISABLE KEYS */;
INSERT INTO `accommodationoccupanciespax` VALUES (33,25,1,2),(34,26,1,2),(35,27,3,4),(36,27,1,2),(37,28,1,2),(38,28,2,2),(39,29,3,1),(40,29,1,2),(41,29,2,2),(42,30,1,2),(43,30,3,1),(44,31,1,2),(45,32,1,2),(46,32,3,4),(47,33,1,1),(48,34,1,2),(49,35,3,1),(50,35,1,2),(51,36,1,1),(52,37,1,2),(53,38,1,2),(54,39,1,2),(55,40,1,2),(56,41,1,1),(57,42,3,2),(58,42,1,2),(59,43,1,2),(60,44,1,2),(61,45,1,2),(62,46,1,2),(63,46,2,1),(64,47,1,2),(65,47,2,1),(66,47,3,1),(67,48,3,2),(68,48,1,2),(69,49,1,2),(70,50,1,2),(71,51,1,2),(72,52,1,2),(73,53,3,4),(74,53,1,2),(75,54,1,2),(76,54,3,3),(77,55,1,1),(78,56,1,2),(79,57,3,1),(80,57,1,2),(81,58,1,1),(82,59,1,2),(83,60,1,2),(84,61,1,2),(85,62,1,2),(86,62,3,4),(87,63,3,1),(88,63,1,2),(89,63,2,1),(90,64,3,1),(91,64,1,2),(92,65,1,2),(93,65,2,2),(94,66,1,2),(95,66,2,2),(96,66,3,1),(97,67,3,2),(98,67,1,2),(99,68,1,2),(100,69,1,1),(101,70,1,2),(102,71,3,2),(103,71,1,2),(104,72,1,2),(105,73,1,1),(106,74,1,2),(107,74,3,4),(108,75,1,1),(109,76,1,2),(110,77,1,2),(111,77,3,1),(112,78,1,1),(113,79,1,2),(114,79,3,3),(115,80,1,2),(116,81,1,2),(117,82,1,2),(118,83,1,2),(119,84,1,2),(120,84,3,1),(121,85,2,1),(122,85,1,2),(123,85,3,1),(124,86,1,2),(125,86,3,3),(126,87,1,2),(127,88,1,2),(128,88,3,2),(129,89,1,2),(130,90,1,2),(131,91,1,2),(132,92,1,2),(133,92,3,2),(134,93,1,2),(135,93,3,1),(136,94,1,1),(137,95,1,2),(138,96,1,2),(139,97,1,2),(140,97,3,1),(141,97,2,2),(142,98,3,2),(143,98,1,2),(144,99,1,2),(145,100,1,1),(146,101,1,2),(147,101,3,2),(148,102,1,2),(149,103,1,2),(150,103,3,4),(151,104,1,2),(152,105,1,2),(153,105,3,1),(154,106,1,2),(155,107,1,1),(156,108,1,2),(157,109,1,2),(158,110,1,1),(159,111,1,2),(160,112,1,2),(161,113,1,2),(162,113,3,4),(163,114,1,1),(164,115,1,2),(165,116,2,2),(166,116,3,1),(167,116,1,2),(168,117,3,1),(169,117,1,2),(170,118,1,2),(171,118,3,2),(172,119,1,2),(173,119,3,1),(174,120,1,2),(175,120,3,1),(176,121,3,2),(177,121,1,2),(178,122,1,2),(179,122,3,1),(180,123,1,2),(181,124,1,2),(182,124,2,2),(183,124,3,1),(184,125,1,2),(185,126,1,2),(186,127,3,3),(187,127,1,2),(188,128,1,2),(189,128,2,2),(190,129,1,2),(191,129,2,1),(192,129,3,1),(193,130,3,4),(194,130,1,2),(195,131,1,2),(196,132,3,1),(197,132,1,2),(198,133,3,1),(199,133,1,2),(200,134,1,2),(201,135,3,2),(202,135,1,2),(203,136,1,1),(204,137,1,2),(205,138,1,1),(206,139,1,2),(207,140,2,1),(208,140,1,2),(209,141,1,2),(210,142,3,4),(211,142,1,2),(212,143,2,1),(213,143,1,2),(214,144,1,2),(215,144,3,1),(216,144,2,2),(217,145,3,3),(218,145,1,2),(219,146,1,2),(220,146,3,2),(221,147,1,2),(222,148,1,2),(223,148,3,1),(224,148,2,2),(225,149,1,2),(226,149,3,2),(227,150,3,2),(228,150,1,2),(229,151,1,2),(230,152,1,2),(231,153,1,1),(232,154,1,2),(233,155,1,1),(234,156,1,2),(235,157,1,2),(236,158,3,1),(237,158,1,2),(238,159,1,2),(239,160,1,2),(240,160,3,4),(241,161,1,1),(242,162,1,1),(243,163,1,2),(244,164,1,2),(245,165,1,2),(246,166,3,1),(247,166,1,2),(248,167,3,2),(249,167,2,1),(250,167,1,2),(251,168,2,1),(252,168,1,2),(253,169,2,2),(254,169,1,2),(255,170,1,2),(256,171,1,2),(257,172,1,2),(258,172,3,2),(259,173,1,2),(260,174,1,1),(261,175,3,4),(262,175,1,2),(263,176,1,2),(264,177,1,2),(265,178,1,2),(266,178,3,1),(267,179,2,2),(268,180,2,3),(269,180,1,1);
/*!40000 ALTER TABLE `accommodationoccupanciespax` ENABLE KEYS */;
UNLOCK TABLES;

--
-- Table structure for table `accommodationrates`
--

DROP TABLE IF EXISTS `accommodationrates`;
/*!40101 SET @saved_cs_client     = @@character_set_client */;
/*!50503 SET character_set_client = utf8mb4 */;
CREATE TABLE `accommodationrates` (
  `id` int NOT NULL AUTO_INCREMENT,
  `amount` decimal(10,2) DEFAULT NULL,
  `accommodationroom_id` int NOT NULL,
  `paxtype_id` int NOT NULL,
  PRIMARY KEY (`id`),
  KEY `fk_accommodationrates_accommodationroom1_idx` (`accommodationroom_id`),
  KEY `fk_accommodationrates_paxtype1_idx` (`paxtype_id`),
  CONSTRAINT `fk_accommodationrates_accommodationroom1` FOREIGN KEY (`accommodationroom_id`) REFERENCES `accommodationroom` (`id`),
  CONSTRAINT `fk_accommodationrates_paxtype1` FOREIGN KEY (`paxtype_id`) REFERENCES `paxtype` (`id`)
) ENGINE=InnoDB AUTO_INCREMENT=269 DEFAULT CHARSET=utf8mb3;
/*!40101 SET character_set_client = @saved_cs_client */;

--
-- Dumping data for table `accommodationrates`
--

LOCK TABLES `accommodationrates` WRITE;
/*!40000 ALTER TABLE `accommodationrates` DISABLE KEYS */;
INSERT INTO `accommodationrates` VALUES (32,271.00,25,1),(33,193.00,26,1),(34,129.00,27,1),(35,38.00,27,3),(36,535.00,28,2),(37,892.00,28,1),(38,655.00,29,1),(39,393.00,29,2),(40,196.00,29,3),(41,164.00,30,1),(42,49.00,30,3),(43,62.00,31,1),(44,21.00,32,3),(45,71.00,32,1),(46,79.00,33,1),(47,129.00,34,1),(48,53.00,35,3),(49,178.00,35,1),(50,129.00,36,1),(51,122.00,37,1),(52,44.00,38,1),(53,45.00,39,1),(54,124.00,40,1),(55,87.00,41,1),(56,143.00,42,1),(57,42.00,42,3),(58,93.00,43,1),(59,158.00,44,1),(60,63.00,45,1),(61,475.00,46,2),(62,793.00,46,1),(63,545.00,47,1),(64,163.00,47,3),(65,327.00,47,2),(66,44.00,48,3),(67,147.00,48,1),(68,397.00,49,1),(69,110.00,50,1),(70,116.00,51,1),(71,109.00,52,1),(72,57.00,53,1),(73,17.00,53,3),(74,88.00,54,1),(75,26.00,54,3),(76,59.00,55,1),(77,112.00,56,1),(78,151.00,57,1),(79,45.00,57,3),(80,100.00,58,1),(81,67.00,59,1),(82,150.00,60,1),(83,197.00,61,1),(84,190.00,62,1),(85,57.00,62,3),(86,334.00,63,2),(87,557.00,63,1),(88,167.00,63,3),(89,61.00,64,3),(90,204.00,64,1),(91,459.00,65,1),(92,275.00,65,2),(93,418.00,66,2),(94,698.00,66,1),(95,209.00,66,3),(96,154.00,67,1),(97,46.00,67,3),(98,88.00,68,1),(99,115.00,69,1),(100,98.00,70,1),(101,39.00,71,3),(102,131.00,71,1),(103,66.00,72,1),(104,107.00,73,1),(105,146.00,74,1),(106,43.00,74,3),(107,72.00,75,1),(108,116.00,76,1),(109,157.00,77,1),(110,47.00,77,3),(111,72.00,78,1),(112,119.00,79,1),(113,35.00,79,3),(114,77.00,80,1),(115,134.00,81,1),(116,40.00,82,1),(117,52.00,83,1),(118,105.00,84,3),(119,351.00,84,1),(120,345.00,85,2),(121,576.00,85,1),(122,172.00,85,3),(123,32.00,86,3),(124,108.00,86,1),(125,72.00,87,1),(126,38.00,88,3),(127,129.00,88,1),(128,74.00,89,1),(129,199.00,90,1),(130,86.00,91,1),(131,21.00,92,3),(132,71.00,92,1),(133,56.00,93,3),(134,188.00,93,1),(135,83.00,94,1),(136,508.00,95,1),(137,114.00,96,1),(138,289.00,97,2),(139,483.00,97,1),(140,144.00,97,3),(141,169.00,98,1),(142,50.00,98,3),(143,104.00,99,1),(144,144.00,100,1),(145,30.00,101,3),(146,101.00,101,1),(147,98.00,102,1),(148,38.00,103,3),(149,129.00,103,1),(150,61.00,104,1),(151,48.00,105,3),(152,163.00,105,1),(153,43.00,106,1),(154,81.00,107,1),(155,83.00,108,1),(156,69.00,109,1),(157,76.00,110,1),(158,53.00,111,1),(159,111.00,112,1),(160,63.00,113,1),(161,18.00,113,3),(162,69.00,114,1),(163,182.00,115,1),(164,875.00,116,1),(165,262.00,116,3),(166,525.00,116,2),(167,303.00,117,1),(168,90.00,117,3),(169,41.00,118,3),(170,138.00,118,1),(171,664.00,119,1),(172,199.00,119,3),(173,78.00,120,3),(174,261.00,120,1),(175,166.00,121,1),(176,49.00,121,3),(177,455.00,122,1),(178,136.00,122,3),(179,184.00,123,1),(180,531.00,124,1),(181,318.00,124,2),(182,159.00,124,3),(183,500.00,125,1),(184,184.00,126,1),(185,150.00,127,1),(186,45.00,127,3),(187,999.00,128,1),(188,599.00,128,2),(189,426.00,129,2),(190,710.00,129,1),(191,213.00,129,3),(192,37.00,130,3),(193,124.00,130,1),(194,837.00,131,1),(195,486.00,132,1),(196,145.00,132,3),(197,34.00,133,3),(198,115.00,133,1),(199,140.00,134,1),(200,131.00,135,1),(201,39.00,135,3),(202,134.00,136,1),(203,129.00,137,1),(204,99.00,138,1),(205,58.00,139,1),(206,455.00,140,1),(207,273.00,140,2),(208,101.00,141,1),(209,184.00,142,1),(210,55.00,142,3),(211,575.00,143,1),(212,345.00,143,2),(213,267.00,144,3),(214,535.00,144,2),(215,893.00,144,1),(216,131.00,145,1),(217,39.00,145,3),(218,507.00,146,1),(219,152.00,146,3),(220,106.00,147,1),(221,238.00,148,3),(222,796.00,148,1),(223,477.00,148,2),(224,122.00,149,1),(225,36.00,149,3),(226,729.00,150,1),(227,218.00,150,3),(228,141.00,151,1),(229,292.00,152,1),(230,126.00,153,1),(231,99.00,154,1),(232,95.00,155,1),(233,36.00,156,1),(234,67.00,157,1),(235,139.00,158,1),(236,41.00,158,3),(237,132.00,159,1),(238,18.00,160,3),(239,62.00,160,1),(240,62.00,161,1),(241,123.00,162,1),(242,51.00,163,1),(243,32.00,164,1),(244,170.00,165,1),(245,155.00,166,1),(246,46.00,166,3),(247,735.00,167,1),(248,441.00,167,2),(249,220.00,167,3),(250,993.00,168,1),(251,595.00,168,2),(252,818.00,169,1),(253,490.00,169,2),(254,135.00,170,1),(255,408.00,171,1),(256,171.00,172,1),(257,51.00,172,3),(258,51.00,173,1),(259,127.00,174,1),(260,110.00,175,1),(261,33.00,175,3),(262,75.00,176,1),(263,80.00,177,1),(264,142.00,178,1),(265,42.00,178,3),(266,2500.00,179,2),(267,2000.00,180,2),(268,5000.00,180,1);
/*!40000 ALTER TABLE `accommodationrates` ENABLE KEYS */;
UNLOCK TABLES;

--
-- Table structure for table `accommodationroom`
--

DROP TABLE IF EXISTS `accommodationroom`;
/*!40101 SET @saved_cs_client     = @@character_set_client */;
/*!50503 SET character_set_client = utf8mb4 */;
CREATE TABLE `accommodationroom` (
  `id` int NOT NULL AUTO_INCREMENT,
  `accommodation_id` int NOT NULL,
  `roomtype_id` int NOT NULL,
  `rooms` int DEFAULT NULL,
  PRIMARY KEY (`id`),
  KEY `fk_accommodation_has_roomtype_roomtype1_idx` (`roomtype_id`),
  KEY `fk_accommodation_has_roomtype_accommodation1_idx` (`accommodation_id`),
  CONSTRAINT `fk_accommodation_has_roomtype_accommodation1` FOREIGN KEY (`accommodation_id`) REFERENCES `accommodation` (`id`),
  CONSTRAINT `fk_accommodation_has_roomtype_roomtype1` FOREIGN KEY (`roomtype_id`) REFERENCES `roomtype` (`id`)
) ENGINE=InnoDB AUTO_INCREMENT=181 DEFAULT CHARSET=utf8mb3;
/*!40101 SET character_set_client = @saved_cs_client */;

--
-- Dumping data for table `accommodationroom`
--

LOCK TABLES `accommodationroom` WRITE;
/*!40000 ALTER TABLE `accommodationroom` DISABLE KEYS */;
INSERT INTO `accommodationroom` VALUES (25,17,1,8),(26,17,4,19),(27,17,3,17),(28,17,9,7),(29,17,2,5),(30,18,1,15),(31,18,10,19),(32,18,3,22),(33,19,8,18),(34,19,10,13),(35,19,1,12),(36,20,8,14),(37,20,10,11),(38,20,4,19),(39,21,10,20),(40,21,4,17),(41,21,8,24),(42,22,3,13),(43,22,4,12),(44,22,1,13),(45,22,10,24),(46,23,9,4),(47,23,2,2),(48,23,3,14),(49,23,1,8),(50,24,10,25),(51,24,4,17),(52,24,1,6),(53,24,3,21),(54,25,3,15),(55,25,8,16),(56,25,1,12),(57,26,1,7),(58,26,8,24),(59,26,4,15),(60,26,10,15),(61,27,4,18),(62,27,3,18),(63,27,2,4),(64,27,1,15),(65,28,9,8),(66,28,2,6),(67,28,3,20),(68,29,10,16),(69,29,8,24),(70,29,4,21),(71,30,3,14),(72,30,10,16),(73,30,8,10),(74,31,3,15),(75,31,8,21),(76,31,4,25),(77,31,1,15),(78,32,8,17),(79,32,3,22),(80,32,4,12),(81,32,10,11),(82,33,10,19),(83,33,4,19),(84,34,1,7),(85,34,2,6),(86,34,3,23),(87,35,10,10),(88,35,3,24),(89,35,4,20),(90,35,1,10),(91,36,4,16),(92,36,3,18),(93,36,1,11),(94,36,8,25),(95,37,9,3),(96,37,4,23),(97,37,2,7),(98,37,3,10),(99,38,4,11),(100,38,8,21),(101,38,3,23),(102,38,10,19),(103,39,3,23),(104,39,4,16),(105,39,1,13),(106,40,10,25),(107,40,8,15),(108,40,4,13),(109,41,10,18),(110,41,8,15),(111,41,4,18),(112,42,10,11),(113,42,3,19),(114,42,8,24),(115,43,4,11),(116,43,2,3),(117,43,1,10),(118,43,3,14),(119,43,9,7),(120,44,1,13),(121,44,3,21),(122,44,9,1),(123,44,4,11),(124,44,2,2),(125,45,1,9),(126,45,4,21),(127,45,3,18),(128,45,9,6),(129,45,2,5),(130,46,3,10),(131,46,9,8),(132,46,1,15),(133,47,1,7),(134,47,10,25),(135,47,3,24),(136,47,8,13),(137,48,10,13),(138,48,8,20),(139,48,4,22),(140,49,9,6),(141,49,4,15),(142,49,3,16),(143,49,2,5),(144,50,2,4),(145,50,3,23),(146,50,9,2),(147,50,4,21),(148,51,2,8),(149,51,3,19),(150,51,9,3),(151,51,4,13),(152,51,1,7),(153,52,8,22),(154,52,4,23),(155,53,8,12),(156,53,10,25),(157,53,4,10),(158,54,1,6),(159,54,4,11),(160,54,3,11),(161,54,8,21),(162,55,8,17),(163,55,4,18),(164,55,10,23),(165,56,4,18),(166,56,1,13),(167,56,9,4),(168,56,2,6),(169,57,2,5),(170,57,4,20),(171,57,1,11),(172,57,3,24),(173,58,10,24),(174,58,8,25),(175,59,3,11),(176,59,4,25),(177,59,10,19),(178,59,1,8),(179,17,10,5),(180,60,1,8);
/*!40000 ALTER TABLE `accommodationroom` ENABLE KEYS */;
UNLOCK TABLES;

--
-- Table structure for table `accommodationstatus`
--

DROP TABLE IF EXISTS `accommodationstatus`;
/*!40101 SET @saved_cs_client     = @@character_set_client */;
/*!50503 SET character_set_client = utf8mb4 */;
CREATE TABLE `accommodationstatus` (
  `id` int NOT NULL AUTO_INCREMENT,
  `name` varchar(45) DEFAULT NULL,
  PRIMARY KEY (`id`)
) ENGINE=InnoDB AUTO_INCREMENT=5 DEFAULT CHARSET=utf8mb3;
/*!40101 SET character_set_client = @saved_cs_client */;

--
-- Dumping data for table `accommodationstatus`
--

LOCK TABLES `accommodationstatus` WRITE;
/*!40000 ALTER TABLE `accommodationstatus` DISABLE KEYS */;
INSERT INTO `accommodationstatus` VALUES (1,'Loading'),(2,'On Sale'),(3,'Off Sale'),(4,'Expired');
/*!40000 ALTER TABLE `accommodationstatus` ENABLE KEYS */;
UNLOCK TABLES;

--
-- Table structure for table `accommodationtype`
--

DROP TABLE IF EXISTS `accommodationtype`;
/*!40101 SET @saved_cs_client     = @@character_set_client */;
/*!50503 SET character_set_client = utf8mb4 */;
CREATE TABLE `accommodationtype` (
  `id` int NOT NULL AUTO_INCREMENT,
  `name` varchar(45) DEFAULT NULL,
  PRIMARY KEY (`id`)
) ENGINE=InnoDB AUTO_INCREMENT=16 DEFAULT CHARSET=utf8mb3;
/*!40101 SET character_set_client = @saved_cs_client */;

--
-- Dumping data for table `accommodationtype`
--

LOCK TABLES `accommodationtype` WRITE;
/*!40000 ALTER TABLE `accommodationtype` DISABLE KEYS */;
INSERT INTO `accommodationtype` VALUES (1,'Luxury Hotel'),(2,'Mid-Range Hotel'),(3,'Budget Hotel'),(4,'Guesthouse'),(5,'Boutique Hotel'),(6,'Villa'),(7,'Hostel'),(8,'Homestay'),(9,'Eco-Lodge'),(10,'Wellness Retreat'),(11,'Beach Resort'),(12,'Camping Site'),(13,'Glamping Site'),(14,'Serviced Apartment'),(15,'Heritage Bungalow');
/*!40000 ALTER TABLE `accommodationtype` ENABLE KEYS */;
UNLOCK TABLES;

--
-- Table structure for table `airport`
--

DROP TABLE IF EXISTS `airport`;
/*!40101 SET @saved_cs_client     = @@character_set_client */;
/*!50503 SET character_set_client = utf8mb4 */;
CREATE TABLE `airport` (
  `id` int NOT NULL AUTO_INCREMENT,
  `code` varchar(6) NOT NULL,
  `name` varchar(45) DEFAULT NULL,
  `photo` varbinary(255) DEFAULT NULL,
  `city_id` int NOT NULL,
  PRIMARY KEY (`id`),
  KEY `fk_airport_city1_idx` (`city_id`),
  CONSTRAINT `fk_airport_city1` FOREIGN KEY (`city_id`) REFERENCES `city` (`id`)
) ENGINE=InnoDB AUTO_INCREMENT=36 DEFAULT CHARSET=utf8mb3;
/*!40101 SET character_set_client = @saved_cs_client */;

--
-- Dumping data for table `airport`
--

LOCK TABLES `airport` WRITE;
/*!40000 ALTER TABLE `airport` DISABLE KEYS */;
INSERT INTO `airport` VALUES (22,'HRI','Mattala Rajapaksa International Airport',NULL,46),(28,'CMB','Bandaranaike International Airport',NULL,11),(35,'AVC','Testing','',1);
/*!40000 ALTER TABLE `airport` ENABLE KEYS */;
UNLOCK TABLES;

--
-- Table structure for table `booking`
--

DROP TABLE IF EXISTS `booking`;
/*!40101 SET @saved_cs_client     = @@character_set_client */;
/*!50503 SET character_set_client = utf8mb4 */;
CREATE TABLE `booking` (
  `id` int NOT NULL AUTO_INCREMENT,
  `user_id` int NOT NULL,
  `code` varchar(24) DEFAULT NULL,
  `grossamount` decimal(10,2) DEFAULT NULL,
  `discountamount` decimal(10,2) DEFAULT NULL,
  `netamount` decimal(10,2) DEFAULT NULL,
  `totalpaid` decimal(10,2) DEFAULT NULL,
  `balance` decimal(10,2) DEFAULT NULL,
  `departuredate` date DEFAULT NULL,
  `enddate` date DEFAULT NULL,
  `bookingstatus_id` int NOT NULL,
  `createdon` timestamp NULL DEFAULT NULL,
  `updatedon` timestamp NULL DEFAULT NULL,
  PRIMARY KEY (`id`),
  KEY `fk_booking_bookingstatus1_idx` (`bookingstatus_id`),
  KEY `fk_booking_user1_idx` (`user_id`),
  CONSTRAINT `fk_booking_bookingstatus1` FOREIGN KEY (`bookingstatus_id`) REFERENCES `bookingstatus` (`id`),
  CONSTRAINT `fk_booking_user1` FOREIGN KEY (`user_id`) REFERENCES `user` (`id`)
) ENGINE=InnoDB AUTO_INCREMENT=151 DEFAULT CHARSET=utf8mb3;
/*!40101 SET character_set_client = @saved_cs_client */;

--
-- Dumping data for table `booking`
--

LOCK TABLES `booking` WRITE;
/*!40000 ALTER TABLE `booking` DISABLE KEYS */;
INSERT INTO `booking` VALUES (1,6,'BOOK_25_0001',295494.00,21573.36,273920.64,273921.00,0.00,'2025-01-28','2025-02-12',3,'2025-01-24 18:30:00','2025-01-24 18:30:00'),(2,6,'BOOK_25_0002',194746.00,33243.60,161502.40,161503.00,0.00,'2025-01-21','2025-02-05',3,'2025-01-17 18:30:00','2025-01-17 18:30:00'),(3,6,'BOOK_25_0003',23238.00,250.00,22988.00,22988.00,0.00,'2025-01-30','2025-02-05',3,'2025-01-26 18:30:00','2025-01-26 18:30:00'),(4,6,'BOOK_25_0004',17366.00,250.00,17116.00,17116.00,0.00,'2025-01-23','2025-02-04',3,'2025-01-19 18:30:00','2025-01-19 18:30:00'),(5,6,'BOOK_25_0005',33280.00,610.00,32670.00,32670.00,0.00,'2025-01-06','2025-02-23',3,'2025-01-02 18:30:00','2025-01-02 18:30:00'),(6,6,'BOOK_25_0006',23654.00,580.00,23074.00,9468.00,0.00,'2025-02-15','2026-02-20',3,'2025-02-11 18:30:00','2025-02-11 18:30:00'),(7,6,'BOOK_25_0007',11538.00,390.00,11148.00,11148.00,0.00,'2025-02-19','2025-02-21',3,'2025-02-15 18:30:00','2025-02-15 18:30:00'),(8,6,'BOOK_25_0008',2048.00,160.00,1888.00,1888.00,0.00,'2025-11-29','2025-12-03',4,'2025-11-25 18:30:00','2025-11-25 18:30:00'),(9,6,'BOOK_25_0009',3244.00,100.00,3144.00,3144.00,0.00,'2025-02-06','2025-02-11',3,'2025-02-02 18:30:00','2025-02-02 18:30:00'),(10,6,'BOOK_25_0010',4592.00,100.00,4492.00,4492.00,0.00,'2025-02-01','2025-02-10',3,'2025-01-28 18:30:00','2025-01-28 18:30:00'),(11,6,'BOOK_25_0011',4512.00,180.00,4332.00,4332.00,0.00,'2025-02-12','2025-02-28',3,'2025-02-08 18:30:00','2025-02-08 18:30:00'),(12,6,'BOOK_25_0012',9658.00,350.00,9308.00,9308.00,0.00,'2025-02-22','2025-02-25',3,'2025-02-18 18:30:00','2025-02-18 18:30:00'),(13,6,'BOOK_25_0013',9808.00,200.00,9608.00,9608.00,0.00,'2025-03-11','2025-03-26',3,'2025-03-07 18:30:00','2025-03-07 18:30:00'),(14,6,'BOOK_25_0014',680.00,160.00,520.00,520.00,0.00,'2025-03-13','2025-03-20',3,'2025-03-09 18:30:00','2025-03-09 18:30:00'),(15,6,'BOOK_25_0015',4256.00,160.00,4096.00,4096.00,0.00,'2025-03-24','2025-04-05',3,'2025-03-20 18:30:00','2025-03-20 18:30:00'),(16,6,'BOOK_25_0016',9840.00,590.00,9250.00,9250.00,0.00,'2025-03-08','2025-03-29',3,'2025-03-04 18:30:00','2025-03-04 18:30:00'),(17,6,'BOOK_25_0017',4592.00,100.00,4492.00,4492.00,0.00,'2025-03-16','2025-03-20',3,'2025-03-12 18:30:00','2025-03-12 18:30:00'),(18,6,'BOOK_25_0018',10480.00,180.00,10300.00,10300.00,0.00,'2025-03-14','2025-03-17',3,'2025-03-10 18:30:00','2025-03-10 18:30:00'),(19,6,'BOOK_25_0019',19260.00,250.00,19010.00,19010.00,0.00,'2025-03-28','2025-04-01',3,'2025-03-24 18:30:00','2025-03-24 18:30:00'),(20,6,'BOOK_25_0020',20768.00,180.00,20588.00,20588.00,0.00,'2025-11-12','2025-11-18',4,'2025-11-08 18:30:00','2025-11-08 18:30:00'),(21,6,'BOOK_25_0021',12150.00,110.00,12040.00,12040.00,0.00,'2025-03-12','2025-03-18',3,'2025-03-08 18:30:00','2025-03-08 18:30:00'),(22,6,'BOOK_25_0022',2360.00,670.00,1690.00,1690.00,0.00,'2025-03-09','2025-03-30',3,'2025-03-05 18:30:00','2025-03-05 18:30:00'),(23,6,'BOOK_25_0023',2762.00,300.00,2462.00,2462.00,0.00,'2025-03-19','2025-03-25',3,'2025-03-15 18:30:00','2025-03-15 18:30:00'),(24,6,'BOOK_25_0024',13008.00,400.00,12608.00,12608.00,0.00,'2025-11-13','2025-11-24',4,'2025-11-09 18:30:00','2025-11-09 18:30:00'),(25,6,'BOOK_25_0025',4512.00,180.00,4332.00,4332.00,0.00,'2025-04-12','2025-04-26',3,'2025-04-08 18:30:00','2025-04-08 18:30:00'),(26,6,'BOOK_25_0026',12118.00,880.00,11238.00,11238.00,0.00,'2025-04-21','2025-04-25',3,'2025-04-17 18:30:00','2025-04-17 18:30:00'),(27,6,'BOOK_25_0027',6156.00,100.00,6056.00,6056.00,0.00,'2025-11-20','2025-11-28',4,'2025-11-16 18:30:00','2025-11-16 18:30:00'),(28,6,'BOOK_25_0028',2784.00,160.00,2624.00,2624.00,0.00,'2025-11-18','2025-11-25',4,'2025-11-14 18:30:00','2025-11-14 18:30:00'),(29,6,'BOOK_25_0029',7842.00,380.00,7462.00,7462.00,0.00,'2025-11-21','2025-11-30',4,'2025-11-17 18:30:00','2025-11-17 18:30:00'),(30,6,'BOOK_25_0030',6156.00,680.00,5476.00,5476.00,0.00,'2025-12-23','2025-12-30',4,'2025-12-19 18:30:00','2025-12-19 18:30:00'),(31,6,'BOOK_25_0031',1964.00,1080.00,884.00,884.00,0.00,'2025-12-27','2025-12-31',4,'2025-12-23 18:30:00','2025-12-23 18:30:00'),(32,6,'BOOK_25_0032',3164.00,1980.00,1184.00,1184.00,0.00,'2025-12-09','2025-12-26',4,'2025-12-05 18:30:00','2025-12-05 18:30:00'),(33,6,'BOOK_25_0033',13806.00,110.00,13696.00,13696.00,0.00,'2025-12-10','2025-12-19',4,'2025-12-06 18:30:00','2025-12-06 18:30:00'),(34,6,'BOOK_25_0034',11678.00,250.00,11428.00,11428.00,0.00,'2025-12-21','2025-12-26',4,'2025-12-17 18:30:00','2025-12-17 18:30:00'),(35,6,'BOOK_25_0035',5714.00,250.00,5464.00,5464.00,0.00,'2025-12-26','2025-12-31',4,'2025-12-22 18:30:00','2025-12-22 18:30:00'),(36,6,'BOOK_25_0036',1730.00,160.00,1570.00,1570.00,0.00,'2025-12-30','2026-01-05',4,'2025-12-26 18:30:00','2025-12-26 18:30:00'),(37,6,'BOOK_25_0037',4592.00,100.00,4492.00,4492.00,0.00,'2025-04-27','2025-05-02',3,'2025-04-23 18:30:00','2025-04-23 18:30:00'),(38,6,'BOOK_25_0038',24193.00,440.00,23753.00,23753.00,0.00,'2025-12-11','2025-12-23',4,'2025-12-07 18:30:00','2025-12-07 18:30:00'),(39,6,'BOOK_25_0039',5430.00,240.00,5190.00,5190.00,0.00,'2025-04-09','2025-04-12',3,'2025-04-05 18:30:00','2025-04-05 18:30:00'),(40,6,'BOOK_25_0040',4592.00,100.00,4492.00,4492.00,0.00,'2025-12-12','2025-12-14',4,'2025-12-08 18:30:00','2025-12-08 18:30:00'),(41,6,'BOOK_25_0041',4204.00,440.00,3764.00,3764.00,0.00,'2025-04-03','2025-04-07',3,'2025-03-30 18:30:00','2025-03-30 18:30:00'),(42,6,'BOOK_25_0042',4512.00,180.00,4332.00,4332.00,0.00,'2025-04-02','2025-04-06',3,'2025-03-29 18:30:00','2025-03-29 18:30:00'),(43,6,'BOOK_25_0043',1767.00,180.00,1587.00,1587.00,0.00,'2025-04-09','2025-04-12',3,'2025-04-05 18:30:00','2025-04-05 18:30:00'),(44,6,'BOOK_25_0044',4592.00,100.00,4492.00,4492.00,0.00,'2025-04-26','2025-04-28',3,'2025-04-22 18:30:00','2025-04-22 18:30:00'),(45,6,'BOOK_25_0045',3028.00,100.00,2928.00,2928.00,0.00,'2025-04-02','2025-04-10',3,'2025-03-29 18:30:00','2025-03-29 18:30:00'),(46,6,'BOOK_25_0046',1767.00,180.00,1587.00,1587.00,0.00,'2025-04-07','2025-04-12',3,'2025-04-03 18:30:00','2025-04-03 18:30:00'),(47,6,'BOOK_25_0047',2872.00,110.00,2762.00,2762.00,0.00,'2025-05-23','2025-05-30',3,'2025-05-19 18:30:00','2025-05-19 18:30:00'),(48,6,'BOOK_25_0048',2784.00,160.00,2624.00,2624.00,0.00,'2025-05-29','2025-06-01',3,'2025-05-25 18:30:00','2025-05-25 18:30:00'),(49,6,'BOOK_25_0049',9134.00,250.00,8884.00,8884.00,0.00,'2025-05-11','2025-05-15',3,'2025-05-07 18:30:00','2025-05-07 18:30:00'),(50,6,'BOOK_25_0050',3454.00,440.00,3014.00,3014.00,0.00,'2025-05-10','2025-05-27',3,'2025-05-06 18:30:00','2025-05-06 18:30:00'),(51,6,'BOOK_25_0051',2948.00,180.00,2768.00,2768.00,0.00,'2025-05-27','2025-05-30',3,'2025-05-23 18:30:00','2025-05-23 18:30:00'),(52,6,'BOOK_25_0052',512.00,280.00,232.00,232.00,0.00,'2025-05-03','2025-05-10',3,'2025-04-29 18:30:00','2025-04-29 18:30:00'),(53,6,'BOOK_25_0053',792.00,280.00,512.00,512.00,0.00,'2025-05-20','2025-05-24',3,'2025-05-16 18:30:00','2025-05-16 18:30:00'),(54,6,'BOOK_25_0054',15000.00,27.00,14973.00,14973.00,0.00,'2025-05-14','2025-05-18',3,'2025-05-10 18:30:00','2025-05-10 18:30:00'),(55,6,'BOOK_25_0055',19032.00,118.00,18914.00,18914.00,0.00,'2025-05-24','2025-05-27',3,'2025-05-20 18:30:00','2025-05-20 18:30:00'),(56,6,'BOOK_25_0056',1032.00,440.00,592.00,592.00,0.00,'2025-05-03','2025-05-04',3,'2025-04-29 18:30:00','2025-04-29 18:30:00'),(57,6,'BOOK_25_0057',18000.00,30.00,17970.00,17970.00,0.00,'2025-05-16','2025-05-18',3,'2025-05-12 18:30:00','2025-05-12 18:30:00'),(58,6,'BOOK_25_0058',27000.00,24.00,26976.00,16973.00,0.00,'2025-05-09','2025-05-22',3,'2025-05-05 18:30:00','2025-05-05 18:30:00'),(59,6,'BOOK_25_0059',85000.00,17.00,84983.00,84983.00,0.00,'2025-06-13','2025-06-17',3,'2025-06-09 18:30:00','2025-06-09 18:30:00'),(60,6,'BOOK_25_0060',3128.00,440.00,2688.00,2688.00,0.00,'2025-06-16','2025-06-20',3,'2025-06-12 18:30:00','2025-06-12 18:30:00'),(61,6,'BOOK_25_0061',27000.00,40.00,26960.00,26960.00,0.00,'2025-06-05','2025-06-10',3,'2025-06-01 18:30:00','2025-06-01 18:30:00'),(62,6,'BOOK_25_0062',1032.00,100.00,932.00,932.00,0.00,'2025-06-05','2025-06-07',3,'2025-06-01 18:30:00','2025-06-01 18:30:00'),(63,6,'BOOK_25_0063',18000.00,32.00,17968.00,17968.00,0.00,'2025-06-19','2025-06-25',3,'2025-06-15 18:30:00','2025-06-15 18:30:00'),(64,6,'BOOK_25_0064',3479.00,390.00,3089.00,3089.00,0.00,'2025-06-14','2025-06-16',3,'2025-06-10 18:30:00','2025-06-10 18:30:00'),(65,6,'BOOK_25_0065',36450.00,18.00,36432.00,36432.00,0.00,'2025-06-15','2025-06-24',3,'2025-06-11 18:30:00','2025-06-11 18:30:00'),(66,6,'BOOK_25_0066',1298.00,180.00,1118.00,1118.00,0.00,'2025-06-03','2025-06-05',3,'2025-05-30 18:30:00','2025-05-30 18:30:00'),(67,6,'BOOK_25_0067',27000.00,26.00,26974.00,26974.00,0.00,'2025-06-08','2025-06-27',3,'2025-06-04 18:30:00','2025-06-04 18:30:00'),(68,6,'BOOK_25_0068',1298.00,100.00,1198.00,1198.00,0.00,'2025-06-25','2025-06-30',3,'2025-06-21 18:30:00','2025-06-21 18:30:00'),(69,6,'BOOK_25_0069',18000.00,88.00,17912.00,17912.00,0.00,'2025-06-29','2026-07-02',3,'2025-06-25 18:30:00','2025-06-25 18:30:00'),(70,6,'BOOK_25_0070',3128.00,100.00,3028.00,3028.00,0.00,'2025-06-28','2025-06-30',3,'2025-06-24 18:30:00','2025-06-24 18:30:00'),(71,6,'BOOK_25_0071',40500.00,34.00,40466.00,40466.00,0.00,'2025-06-11','2025-06-15',3,'2025-06-07 18:30:00','2025-06-07 18:30:00'),(72,6,'BOOK_25_0072',736.00,160.00,576.00,576.00,0.00,'2025-06-10','2025-06-15',3,'2025-06-06 18:30:00','2025-06-06 18:30:00'),(73,6,'BOOK_25_0073',1298.00,440.00,858.00,858.00,0.00,'2025-06-19','2025-06-20',3,'2025-06-15 18:30:00','2025-06-15 18:30:00'),(74,6,'BOOK_25_0074',2944.00,350.00,2594.00,2594.00,0.00,'2025-06-08','2025-06-26',3,'2025-06-04 18:30:00','2025-06-04 18:30:00'),(75,6,'BOOK_25_0075',27000.00,32.00,26968.00,26968.00,0.00,'2025-06-14','2025-06-20',3,'2025-06-10 18:30:00','2025-06-10 18:30:00'),(76,6,'BOOK_25_0076',1298.00,100.00,1198.00,1198.00,0.00,'2025-06-11','2025-06-20',3,'2025-06-07 18:30:00','2025-06-07 18:30:00'),(77,6,'BOOK_25_0077',27000.00,32.00,26968.00,26968.00,0.00,'2025-07-28','2025-07-30',3,'2025-07-24 18:30:00','2025-07-24 18:30:00'),(78,6,'BOOK_25_0078',4543.00,100.00,4443.00,4443.00,0.00,'2025-07-10','2025-07-13',3,'2025-07-06 18:30:00','2025-07-06 18:30:00'),(79,6,'BOOK_25_0079',27000.00,72.00,26928.00,26928.00,0.00,'2025-07-21','2025-07-25',3,'2025-07-17 18:30:00','2025-07-17 18:30:00'),(80,6,'BOOK_25_0080',1298.00,440.00,858.00,858.00,0.00,'2025-07-06','2025-07-11',3,'2025-07-02 18:30:00','2025-07-02 18:30:00'),(81,6,'BOOK_25_0081',30000.00,33.00,29967.00,29967.00,0.00,'2025-07-03','2025-07-20',3,'2025-06-29 18:30:00','2025-06-29 18:30:00'),(82,6,'BOOK_25_0082',1298.00,440.00,858.00,858.00,0.00,'2025-07-09','2025-07-20',3,'2025-07-05 18:30:00','2025-07-05 18:30:00'),(83,6,'BOOK_25_0083',15000.00,63.00,14937.00,14937.00,0.00,'2025-07-09','2025-07-15',3,'2025-07-05 18:30:00','2025-07-05 18:30:00'),(84,6,'BOOK_25_0084',1272.00,100.00,1172.00,1172.00,0.00,'2025-07-02','2025-07-19',3,'2025-06-28 18:30:00','2025-06-28 18:30:00'),(85,6,'BOOK_25_0085',1032.00,100.00,932.00,932.00,0.00,'2025-07-07','2025-07-27',3,'2025-07-03 18:30:00','2025-07-03 18:30:00'),(86,6,'BOOK_25_0086',40500.00,20.00,40480.00,40480.00,0.00,'2025-07-25','2025-07-30',3,'2025-07-21 18:30:00','2025-07-21 18:30:00'),(87,6,'BOOK_25_0087',1200.00,800.00,400.00,400.00,0.00,'2025-07-24','2025-07-26',3,'2025-07-20 18:30:00','2025-07-20 18:30:00'),(88,6,'BOOK_25_0088',1298.00,180.00,1118.00,1118.00,0.00,'2025-07-05','2025-07-08',3,'2025-07-01 18:30:00','2025-07-01 18:30:00'),(89,6,'BOOK_25_0089',1298.00,440.00,858.00,858.00,0.00,'2025-07-04','2025-07-07',3,'2025-06-30 18:30:00','2025-06-30 18:30:00'),(90,6,'BOOK_25_0090',1298.00,180.00,1118.00,1118.00,0.00,'2025-07-18','2025-07-23',3,'2025-07-14 18:30:00','2025-07-14 18:30:00'),(91,6,'BOOK_25_0091',30000.00,92.00,29908.00,29908.00,0.00,'2025-07-13','2025-07-15',3,'2025-07-09 18:30:00','2025-07-09 18:30:00'),(92,6,'BOOK_25_0092',1298.00,180.00,1118.00,1118.00,0.00,'2025-07-10','2025-07-19',3,'2025-07-06 18:30:00','2025-07-06 18:30:00'),(93,6,'BOOK_25_0093',20000.00,100.00,19900.00,19900.00,0.00,'2025-07-11','2025-07-13',3,'2025-07-07 18:30:00','2025-07-07 18:30:00'),(94,6,'BOOK_25_0094',1298.00,180.00,1118.00,1118.00,0.00,'2025-07-20','2025-07-23',3,'2025-07-16 18:30:00','2025-07-16 18:30:00'),(95,6,'BOOK_25_0095',15000.00,108.00,14892.00,14892.00,0.00,'2025-07-17','2025-07-23',3,'2025-07-13 18:30:00','2025-07-13 18:30:00'),(96,6,'BOOK_25_0096',2064.00,180.00,1884.00,1884.00,0.00,'2025-07-08','2025-07-20',3,'2025-07-04 18:30:00','2025-07-04 18:30:00'),(97,6,'BOOK_25_0097',18000.00,76.00,17924.00,17924.00,0.00,'2025-08-04','2025-08-14',3,'2025-07-31 18:30:00','2025-07-31 18:30:00'),(98,6,'BOOK_25_0098',1272.00,180.00,1092.00,1092.00,0.00,'2025-08-19','2025-08-22',3,'2025-08-15 18:30:00','2025-08-15 18:30:00'),(99,6,'BOOK_25_0099',1988.00,1560.00,428.00,428.00,0.00,'2025-08-22','2025-08-23',3,'2025-08-18 18:30:00','2025-08-18 18:30:00'),(100,6,'BOOK_25_0100',7952.00,110.00,7842.00,7842.00,0.00,'2025-08-10','2025-08-19',3,'2025-08-06 18:30:00','2025-08-06 18:30:00'),(101,6,'BOOK_25_0101',14288.00,1950.00,12338.00,12338.00,0.00,'2025-08-20','2025-08-27',3,'2025-08-16 18:30:00','2025-08-16 18:30:00'),(102,6,'BOOK_25_0102',3976.00,110.00,3866.00,3866.00,0.00,'2025-08-09','2025-08-15',3,'2025-08-05 18:30:00','2025-08-05 18:30:00'),(103,6,'BOOK_25_0103',3168.00,1120.00,2048.00,2048.00,0.00,'2025-08-10','2025-08-14',3,'2025-08-06 18:30:00','2025-08-06 18:30:00'),(104,6,'BOOK_25_0104',4025.00,0.00,4025.00,4025.00,0.00,'2025-08-26','2025-08-30',3,'2025-08-22 18:30:00','2025-08-22 18:30:00'),(105,6,'BOOK_25_0105',43200.00,80.00,43120.00,43120.00,0.00,'2025-08-11','2025-08-23',3,'2025-08-07 18:30:00','2025-08-07 18:30:00'),(106,6,'BOOK_25_0106',836.00,0.00,836.00,836.00,0.00,'2025-08-25','2025-08-30',3,'2025-08-21 18:30:00','2025-08-21 18:30:00'),(107,6,'BOOK_25_0107',27000.00,112.00,26888.00,26888.00,0.00,'2025-08-10','2025-08-18',3,'2025-08-06 18:30:00','2025-08-06 18:30:00'),(108,6,'BOOK_25_0108',1032.00,0.00,1032.00,1032.00,0.00,'2025-08-28','2025-09-04',3,'2025-08-24 18:30:00','2025-08-24 18:30:00'),(109,6,'BOOK_25_0109',27000.00,112.00,26888.00,26888.00,0.00,'2025-08-06','2025-08-12',3,'2025-08-02 18:30:00','2025-08-02 18:30:00'),(110,6,'BOOK_25_0110',1672.00,0.00,1672.00,1672.00,0.00,'2025-08-17','2025-08-18',3,'2025-08-13 18:30:00','2025-08-13 18:30:00'),(111,6,'BOOK_25_0111',2036.00,0.00,2036.00,2036.00,0.00,'2025-08-27','2025-08-29',3,'2025-08-23 18:30:00','2025-08-23 18:30:00'),(112,6,'BOOK_25_0112',3563.00,0.00,3563.00,3563.00,0.00,'2025-08-22','2025-08-25',3,'2025-08-18 18:30:00','2025-08-18 18:30:00'),(113,6,'BOOK_25_0113',672.00,0.00,672.00,672.00,0.00,'2025-08-25','2025-08-30',3,'2025-08-21 18:30:00','2025-08-21 18:30:00'),(114,6,'BOOK_25_0114',6251.00,0.00,6251.00,6251.00,0.00,'2025-08-28','2025-08-30',3,'2025-08-24 18:30:00','2025-08-24 18:30:00'),(115,6,'BOOK_25_0115',736.00,0.00,736.00,736.00,0.00,'2025-09-08','2025-09-09',3,'2025-09-04 18:30:00','2025-09-04 18:30:00'),(116,6,'BOOK_25_0116',600.00,0.00,600.00,600.00,0.00,'2025-09-23','2025-09-27',3,'2025-09-19 18:30:00','2025-09-19 18:30:00'),(117,6,'BOOK_25_0117',1668.00,0.00,1668.00,1668.00,0.00,'2025-09-05','2025-09-15',3,'2025-09-01 18:30:00','2025-09-01 18:30:00'),(118,6,'BOOK_25_0118',3960.00,0.00,3960.00,3960.00,0.00,'2025-09-25','2025-09-30',3,'2025-09-21 18:30:00','2025-09-21 18:30:00'),(119,6,'BOOK_25_0119',5544.00,0.00,5544.00,5544.00,0.00,'2025-09-25','2025-09-30',3,'2025-09-21 18:30:00','2025-09-21 18:30:00'),(120,6,'BOOK_25_0120',836.00,180.00,656.00,656.00,0.00,'2025-09-19','2025-09-20',3,'2025-09-15 18:30:00','2025-09-15 18:30:00'),(121,6,'BOOK_25_0121',792.00,0.00,792.00,792.00,0.00,'2025-09-09','2025-09-15',3,'2025-09-05 18:30:00','2025-09-05 18:30:00'),(122,6,'BOOK_25_0122',1272.00,0.00,1272.00,1272.00,0.00,'2025-09-20','2025-09-23',3,'2025-09-16 18:30:00','2025-09-16 18:30:00'),(123,6,'BOOK_25_0123',11744.00,250.00,11494.00,11494.00,0.00,'2025-09-16','2025-09-20',3,'2025-09-12 18:30:00','2025-09-12 18:30:00'),(124,6,'BOOK_25_0124',30000.00,136.00,29864.00,29864.00,0.00,'2025-09-26','2025-09-30',3,'2025-09-22 18:30:00','2025-09-22 18:30:00'),(125,6,'BOOK_25_0125',67500.00,20.00,67480.00,67480.00,0.00,'2025-09-28','2025-10-01',3,'2025-09-24 18:30:00','2025-09-24 18:30:00'),(126,6,'BOOK_25_0126',18324.00,1080.00,17244.00,17244.00,0.00,'2025-09-08','2025-09-29',3,'2025-09-04 18:30:00','2025-09-04 18:30:00'),(127,6,'BOOK_25_0127',81000.00,19440.00,61560.00,61560.00,0.00,'2025-10-10','2025-10-25',3,'2025-10-06 18:30:00','2025-10-06 18:30:00'),(128,6,'BOOK_25_0128',36000.00,7920.00,28080.00,28080.00,0.00,'2025-10-16','2025-10-20',3,'2025-10-12 18:30:00','2025-10-12 18:30:00'),(129,6,'BOOK_25_0129',12510.00,186.00,12324.00,12324.00,0.00,'2025-10-24','2025-10-30',3,'2025-10-20 18:30:00','2025-10-20 18:30:00'),(130,6,'BOOK_25_0130',20166.00,306.00,19860.00,19860.00,0.00,'2025-10-05','2025-10-26',3,'2025-10-01 18:30:00','2025-10-01 18:30:00'),(131,6,'BOOK_25_0131',9732.00,0.00,9732.00,9732.00,0.00,'2025-01-02','2025-01-07',2,'2025-12-29 18:30:00','2025-12-29 18:30:00'),(132,6,'BOOK_25_0132',255499.00,495.00,255004.00,255004.00,0.00,'2025-10-19','2025-10-26',3,'2025-10-15 18:30:00','2025-10-15 18:30:00'),(133,6,'BOOK_25_0133',247840.00,764.00,247076.00,247076.00,0.00,'2025-10-14','2025-10-28',3,'2025-10-10 18:30:00','2025-10-10 18:30:00'),(134,6,'BOOK_25_0134',68709.00,9833.68,58875.32,58875.00,0.00,'2025-10-29','2025-11-06',3,'2025-10-25 18:30:00','2025-10-25 18:30:00'),(135,6,'BOOK_25_0135',9720.00,80.00,9640.00,9640.00,0.00,'2025-12-09','2025-12-11',4,'2025-12-05 18:30:00','2025-12-05 18:30:00'),(136,6,'BOOK_25_0136',33940.00,100.00,33840.00,33840.00,0.00,'2025-10-10','2025-10-26',3,'2025-10-06 18:30:00','2025-10-06 18:30:00'),(137,6,'BOOK_25_0137',83856.00,80.00,83776.00,83776.00,0.00,'2025-10-18','2025-10-30',3,'2025-10-14 18:30:00','2025-10-14 18:30:00'),(138,6,'BOOK_25_0138',20940.00,160.00,20780.00,20780.00,0.00,'2025-10-12','2025-10-20',3,'2025-10-08 18:30:00','2025-10-08 18:30:00'),(139,6,'BOOK_25_0139',22572.00,180.00,22392.00,22392.00,0.00,'2025-10-02','2025-10-18',3,'2025-09-28 18:30:00','2025-09-28 18:30:00'),(140,6,'BOOK_25_0140',30480.00,110.00,30370.00,30370.00,0.00,'2025-10-20','2025-10-25',3,'2025-10-16 18:30:00','2025-10-16 18:30:00'),(141,6,'BOOK_25_0141',50040.00,80.00,49960.00,49960.00,0.00,'2025-11-18','2025-11-26',3,'2025-11-14 18:30:00','2025-11-14 18:30:00'),(142,6,'BOOK_25_0142',111648.00,550.00,111098.00,111098.00,0.00,'2025-11-22','2025-11-27',3,'2025-11-18 18:30:00','2025-11-18 18:30:00'),(143,6,'BOOK_25_0143',44780.00,0.00,44780.00,44780.00,0.00,'2025-11-13','2025-11-22',3,'2025-11-09 18:30:00','2025-11-09 18:30:00'),(144,6,'BOOK_25_0144',49940.00,0.00,49940.00,49940.00,0.00,'2025-11-25','2025-11-30',3,'2025-11-21 18:30:00','2025-11-21 18:30:00'),(145,6,'BOOK_25_0145',8080.00,0.00,8080.00,8080.00,0.00,'2025-02-18','2025-02-24',3,'2025-02-17 18:30:00','2025-02-17 18:30:00'),(146,6,'BOOK_25_0146',14400.00,0.00,14400.00,14400.00,0.00,'2025-03-10','2025-03-20',3,'2025-03-09 18:30:00','2025-03-09 18:30:00'),(147,6,'BOOK_25_0147',20200.00,0.00,20200.00,20200.00,0.00,'2025-08-01','2025-08-18',3,'2025-07-18 12:09:33','2025-07-18 12:09:33'),(148,6,'BOOK_25_0148',554450.00,80.00,554370.00,550000.00,4370.00,'2025-07-18','2025-07-31',3,'2025-07-18 15:20:34','2025-07-18 15:20:34'),(149,6,'BOOK_25_0149',22672.00,80.00,22592.00,20000.00,2592.00,'2025-07-18','2025-07-31',3,'2025-07-18 17:10:34','2025-07-18 17:10:34'),(150,6,'BOOK_25_0150',13360.00,0.00,13360.00,10000.00,3360.00,'2025-07-19','2025-07-31',3,'2025-07-19 06:58:10','2025-07-19 06:58:10');
/*!40000 ALTER TABLE `booking` ENABLE KEYS */;
UNLOCK TABLES;

--
-- Table structure for table `bookingaccommodation`
--

DROP TABLE IF EXISTS `bookingaccommodation`;
/*!40101 SET @saved_cs_client     = @@character_set_client */;
/*!50503 SET character_set_client = utf8mb4 */;
CREATE TABLE `bookingaccommodation` (
  `id` int NOT NULL AUTO_INCREMENT,
  `booking_id` int NOT NULL,
  `accommodation_id` int NOT NULL,
  `discountamount` decimal(10,2) DEFAULT NULL,
  `totalamount` decimal(10,2) DEFAULT NULL,
  `fromdatetime` datetime DEFAULT NULL,
  `todatetime` datetime DEFAULT NULL,
  `supplieramount` decimal(10,2) DEFAULT NULL,
  `bookingitemstatus_id` int NOT NULL,
  PRIMARY KEY (`id`),
  KEY `fk_bookingaccommodation_booking1_idx` (`booking_id`),
  KEY `fk_bookingaccommodation_bookingitemstatus1_idx` (`bookingitemstatus_id`),
  KEY `fk_bookingaccommodation_accommodation1_idx` (`accommodation_id`),
  CONSTRAINT `fk_bookingaccommodation_accommodation1` FOREIGN KEY (`accommodation_id`) REFERENCES `accommodation` (`id`),
  CONSTRAINT `fk_bookingaccommodation_booking1` FOREIGN KEY (`booking_id`) REFERENCES `booking` (`id`),
  CONSTRAINT `fk_bookingaccommodation_bookingitemstatus1` FOREIGN KEY (`bookingitemstatus_id`) REFERENCES `bookingitemstatus` (`id`)
) ENGINE=InnoDB AUTO_INCREMENT=74 DEFAULT CHARSET=utf8mb3;
/*!40101 SET character_set_client = @saved_cs_client */;

--
-- Dumping data for table `bookingaccommodation`
--

LOCK TABLES `bookingaccommodation` WRITE;
/*!40000 ALTER TABLE `bookingaccommodation` DISABLE KEYS */;
INSERT INTO `bookingaccommodation` VALUES (1,1,19,NULL,2948.00,'2025-07-08 05:30:00','2025-07-10 05:30:00',2948.00,3),(2,2,19,NULL,4512.00,'2025-07-08 05:30:00','2025-07-11 05:30:00',4512.00,3),(3,3,23,NULL,23238.00,'2025-07-08 05:30:00','2025-07-12 05:30:00',23238.00,3),(4,4,23,NULL,17366.00,'2025-07-08 05:30:00','2025-07-11 05:30:00',17366.00,3),(5,5,21,NULL,4256.00,'2025-07-08 05:30:00','2025-07-11 05:30:00',4256.00,3),(6,6,28,NULL,9738.00,'2025-07-08 05:30:00','2025-07-11 05:30:00',9738.00,3),(7,7,23,NULL,11538.00,'2025-07-08 05:30:00','2025-07-11 05:30:00',11538.00,3),(8,8,21,NULL,2048.00,'2025-07-08 05:30:00','2025-07-11 05:30:00',2048.00,3),(9,9,19,NULL,3244.00,'2025-07-08 05:30:00','2025-07-10 05:30:00',3244.00,3),(10,10,19,NULL,4592.00,'2025-07-08 05:30:00','2025-07-11 05:30:00',4592.00,3),(11,11,19,NULL,4512.00,'2025-07-08 05:30:00','2025-07-11 05:30:00',4512.00,3),(12,12,28,NULL,9658.00,'2025-07-08 05:30:00','2025-07-11 05:30:00',9658.00,3),(13,13,28,NULL,9808.00,'2025-07-08 05:30:00','2025-07-11 05:30:00',9808.00,3),(14,14,21,NULL,680.00,'2025-07-08 05:30:00','2025-07-10 05:30:00',680.00,3),(15,15,21,NULL,4256.00,'2025-07-08 05:30:00','2025-07-11 05:30:00',4256.00,3),(16,16,21,NULL,9840.00,'2025-07-08 05:30:00','2025-07-11 05:30:00',9840.00,3),(17,17,19,NULL,4592.00,'2025-07-08 05:30:00','2025-07-11 05:30:00',4592.00,3),(18,18,19,NULL,10480.00,'2025-07-08 05:30:00','2025-07-18 05:30:00',10480.00,3),(19,19,23,NULL,19260.00,'2025-07-08 05:30:00','2025-07-26 05:30:00',19260.00,3),(20,20,19,NULL,20768.00,'2025-07-08 05:30:00','2025-07-24 05:30:00',20768.00,3),(21,21,23,NULL,12150.00,'2025-07-08 05:30:00','2025-07-11 05:30:00',12150.00,2),(22,22,21,NULL,2360.00,'2025-07-08 05:30:00','2025-07-11 05:30:00',2360.00,3),(23,23,19,NULL,2762.00,'2025-07-08 05:30:00','2025-07-10 05:30:00',2762.00,3),(24,24,21,NULL,13008.00,'2025-07-08 05:30:00','2025-07-12 05:30:00',13008.00,3),(25,25,19,NULL,4512.00,'2025-07-08 05:30:00','2025-07-11 05:30:00',4512.00,3),(26,26,35,NULL,12118.00,'2025-07-08 05:30:00','2025-07-15 05:30:00',12118.00,4),(27,27,19,NULL,6156.00,'2025-07-08 05:30:00','2025-07-12 05:30:00',6156.00,3),(28,28,21,NULL,2784.00,'2025-07-08 05:30:00','2025-07-12 05:30:00',2784.00,3),(29,29,23,NULL,7842.00,'2025-07-08 05:30:00','2025-07-10 05:30:00',7842.00,3),(30,30,19,NULL,6156.00,'2025-07-08 05:30:00','2025-07-12 05:30:00',6156.00,3),(31,31,19,NULL,1964.00,'2025-07-08 05:30:00','2025-07-12 05:30:00',1964.00,3),(32,32,19,NULL,3164.00,'2025-07-08 05:30:00','2025-07-12 05:30:00',3164.00,2),(33,33,23,NULL,13806.00,'2025-07-08 05:30:00','2025-07-15 05:30:00',13806.00,3),(34,34,23,NULL,11678.00,'2025-07-08 05:30:00','2025-07-11 05:30:00',11678.00,3),(35,35,23,NULL,5714.00,'2025-07-08 05:30:00','2025-07-11 05:30:00',5714.00,3),(36,36,21,NULL,1730.00,'2025-07-09 05:30:00','2025-07-12 05:30:00',1730.00,3),(37,37,19,NULL,4592.00,'2025-07-09 05:30:00','2025-07-12 05:30:00',4592.00,3),(38,38,19,NULL,24193.00,'2025-07-09 05:30:00','2025-07-16 05:30:00',24193.00,3),(39,39,21,NULL,5430.00,'2025-07-09 05:30:00','2025-07-12 05:30:00',5430.00,3),(40,40,19,NULL,4592.00,'2025-07-09 05:30:00','2025-07-12 05:30:00',4592.00,2),(41,41,19,NULL,4204.00,'2025-07-09 05:30:00','2025-07-18 05:30:00',4204.00,4),(42,42,19,NULL,4512.00,'2025-07-09 05:30:00','2025-07-12 05:30:00',4512.00,3),(43,43,19,NULL,1767.00,'2025-07-09 05:30:00','2025-07-12 05:30:00',1767.00,3),(44,44,19,NULL,4592.00,'2025-07-09 05:30:00','2025-07-12 05:30:00',4592.00,3),(45,45,19,NULL,3028.00,'2025-07-09 05:30:00','2025-07-11 05:30:00',3028.00,3),(46,46,19,NULL,1767.00,'2025-07-09 05:30:00','2025-07-12 05:30:00',1767.00,3),(47,47,23,NULL,2872.00,'2025-07-09 05:30:00','2025-07-12 05:30:00',2872.00,3),(48,48,21,NULL,2784.00,'2025-07-09 05:30:00','2025-07-11 05:30:00',2784.00,3),(49,49,23,NULL,9134.00,'2025-07-09 05:30:00','2025-07-12 05:30:00',9134.00,4),(50,50,19,NULL,3454.00,'2025-07-09 05:30:00','2025-07-12 05:30:00',3454.00,4),(51,51,19,NULL,2948.00,'2025-07-10 05:30:00','2025-07-12 05:30:00',2948.00,3),(52,52,29,280.00,512.00,'2025-07-10 05:30:00','2025-07-12 05:30:00',512.00,3),(53,53,29,280.00,512.00,'2025-07-10 05:30:00','2025-07-12 05:30:00',512.00,3),(54,133,19,440.00,39080.00,'2025-07-12 05:30:00','2025-07-31 05:30:00',23880.00,4),(55,134,19,100.00,28052.00,'2025-07-13 05:30:00','2025-07-31 05:30:00',16532.00,3),(56,3,18,300.00,4324.00,'2025-07-14 05:30:00','2025-07-31 05:30:00',1264.00,2),(57,1,29,230.00,31680.00,'2025-07-14 05:30:00','2025-07-19 05:30:00',15680.00,3),(58,5,21,350.00,6274.00,'2025-07-14 05:30:00','2025-07-17 05:30:00',4114.00,2),(59,5,45,100.00,22300.00,'2025-07-14 05:30:00','2025-07-19 05:30:00',19900.00,2),(60,6,32,310.00,13606.00,'2025-07-14 05:30:00','2025-07-16 05:30:00',6746.00,2),(61,1,59,140.00,30836.00,'2025-07-15 05:30:00','2025-07-31 05:30:00',18036.00,2),(62,135,17,80.00,9640.00,'2025-07-15 05:30:00','2025-07-19 05:30:00',1464.00,2),(63,136,19,100.00,33840.00,'2025-07-15 05:30:00','2025-07-19 05:30:00',19440.00,3),(64,137,17,80.00,83776.00,'2025-07-15 05:30:00','2025-07-19 05:30:00',68416.00,4),(65,138,31,160.00,20780.00,'2025-07-15 05:30:00','2025-07-18 05:30:00',11180.00,4),(66,139,19,180.00,22392.00,'2025-07-15 05:30:00','2025-07-24 05:30:00',13752.00,2),(67,140,18,110.00,30370.00,'2025-07-15 05:30:00','2025-07-19 05:30:00',19570.00,2),(68,141,17,80.00,49960.00,'2025-07-15 05:30:00','2025-07-17 05:30:00',38440.00,4),(69,142,18,300.00,36276.00,'2025-07-15 05:30:00','2025-07-19 05:30:00',23316.00,4),(70,142,23,250.00,74822.00,'2025-07-15 05:30:00','2025-07-31 05:30:00',36422.00,2),(71,143,38,260.00,44520.00,'2025-08-01 05:30:00','2025-08-31 05:30:00',19320.00,3),(72,148,17,80.00,554370.00,'2025-07-18 05:30:00','2025-07-31 05:30:00',425670.00,4),(73,149,17,80.00,22592.00,'2025-07-18 05:30:00','2025-07-31 05:30:00',14012.00,4);
/*!40000 ALTER TABLE `bookingaccommodation` ENABLE KEYS */;
UNLOCK TABLES;

--
-- Table structure for table `bookingaccommodationroom`
--

DROP TABLE IF EXISTS `bookingaccommodationroom`;
/*!40101 SET @saved_cs_client     = @@character_set_client */;
/*!50503 SET character_set_client = utf8mb4 */;
CREATE TABLE `bookingaccommodationroom` (
  `id` int NOT NULL AUTO_INCREMENT,
  `roomtype` varchar(45) DEFAULT NULL,
  `paxtype` varchar(45) DEFAULT NULL,
  `count` int DEFAULT NULL,
  `amount` decimal(10,2) DEFAULT NULL,
  `bookingaccommodation_id` int NOT NULL,
  PRIMARY KEY (`id`),
  KEY `fk_bookingaccommodationroom_bookingaccommodation1_idx` (`bookingaccommodation_id`),
  CONSTRAINT `fk_bookingaccommodationroom_bookingaccommodation1` FOREIGN KEY (`bookingaccommodation_id`) REFERENCES `bookingaccommodation` (`id`)
) ENGINE=InnoDB AUTO_INCREMENT=115 DEFAULT CHARSET=utf8mb3;
/*!40101 SET character_set_client = @saved_cs_client */;

--
-- Dumping data for table `bookingaccommodationroom`
--

LOCK TABLES `bookingaccommodationroom` WRITE;
/*!40000 ALTER TABLE `bookingaccommodationroom` DISABLE KEYS */;
INSERT INTO `bookingaccommodationroom` VALUES (1,'Deluxe','Adult',2,516.00,1),(2,'Deluxe','Child',2,266.00,1),(3,'Deluxe','Adult',2,516.00,2),(4,'Deluxe','Child',2,266.00,2),(5,'Executive suite','Teen',2,1150.00,3),(6,'Executive suite','Adult',2,1786.00,3),(7,'Executive suite','Teen',2,1150.00,4),(8,'Executive suite','Adult',2,1786.00,4),(9,'Double room','Adult',4,736.00,5),(10,'Executive suite','Adult',2,1018.00,6),(11,'Executive suite','Teen',2,650.00,6),(12,'Deluxe','Adult',4,1988.00,7),(13,'Double room','Adult',2,368.00,8),(14,'Standard twin room','Adult',4,836.00,9),(15,'Deluxe','Child',2,266.00,10),(16,'Deluxe','Adult',2,516.00,10),(17,'Deluxe','Adult',2,516.00,11),(18,'Deluxe','Child',2,266.00,11),(19,'Executive suite','Adult',2,1018.00,12),(20,'Executive suite','Teen',2,650.00,12),(21,'Executive suite','Adult',2,1018.00,13),(22,'Executive suite','Teen',2,650.00,13),(23,'Standard twin room','Adult',2,210.00,14),(24,'Double room','Adult',4,736.00,15),(25,'Standard twin room','Adult',8,840.00,16),(26,'Deluxe','Child',2,266.00,17),(27,'Deluxe','Adult',2,516.00,17),(28,'Deluxe','Child',2,266.00,18),(29,'Deluxe','Adult',2,516.00,18),(30,'Family','Child',2,288.00,19),(31,'Family','Adult',2,494.00,19),(32,'Deluxe','Adult',2,516.00,20),(33,'Deluxe','Child',2,266.00,20),(34,'Suite','Adult',2,1290.00,21),(35,'Suite','Child',2,526.00,21),(36,'Suite','Teen',2,854.00,21),(37,'Standard twin room','Adult',4,420.00,22),(38,'Single room','Adult',3,477.00,23),(39,'Double room','Adult',6,1104.00,24),(40,'Deluxe','Child',2,266.00,25),(41,'Deluxe','Adult',2,516.00,25),(42,'Deluxe','Adult',3,897.00,26),(43,'Deluxe','Child',2,266.00,27),(44,'Deluxe','Adult',2,516.00,27),(45,'Double room','Adult',2,368.00,28),(46,'Deluxe','Adult',4,1988.00,29),(47,'Deluxe','Child',2,266.00,30),(48,'Deluxe','Adult',2,516.00,30),(49,'Deluxe','Adult',2,516.00,31),(50,'Standard twin room','Adult',2,418.00,32),(51,'Deluxe','Adult',2,994.00,33),(52,'Deluxe','Adult',4,1988.00,34),(53,'Deluxe','Adult',2,994.00,35),(54,'Standard twin room','Adult',3,315.00,36),(55,'Deluxe','Child',2,266.00,37),(56,'Deluxe','Adult',2,516.00,37),(57,'Deluxe','Adult',3,774.00,38),(58,'Deluxe','Child',3,399.00,38),(59,'Standard twin room','Adult',6,630.00,39),(60,'Deluxe','Adult',2,516.00,40),(61,'Deluxe','Child',2,266.00,40),(62,'Deluxe','Adult',2,516.00,41),(63,'Deluxe','Child',2,266.00,42),(64,'Deluxe','Adult',2,516.00,42),(65,'Deluxe','Adult',2,516.00,43),(66,'Deluxe','Child',1,133.00,43),(67,'Deluxe','Adult',2,516.00,44),(68,'Deluxe','Child',2,266.00,44),(69,'Deluxe','Child',2,266.00,45),(70,'Deluxe','Adult',2,516.00,45),(71,'Deluxe','Adult',2,516.00,46),(72,'Deluxe','Child',1,133.00,46),(73,'Deluxe','Adult',2,994.00,47),(74,'Double room','Adult',4,736.00,48),(75,'Family','Adult',4,988.00,49),(76,'Family','Child',4,576.00,49),(77,'Deluxe','Adult',2,516.00,50),(78,'Deluxe','Child',1,133.00,50),(79,'Deluxe','Adult',2,516.00,51),(80,'Deluxe','Child',2,266.00,51),(81,'Double room','Adult',2,396.00,52),(82,'Double room','Adult',2,396.00,53),(83,'Deluxe','Adult',3,774.00,54),(84,'Deluxe','Child',2,266.00,54),(85,'Deluxe','Child',2,266.00,55),(86,'Deluxe','Adult',2,516.00,55),(87,'Family','Adult',1,161.00,56),(88,'Family','Child',1,111.00,56),(89,'Double room','Adult',8,1584.00,57),(90,'Double room','Adult',4,736.00,58),(91,'Deluxe','Adult',4,2240.00,59),(92,'Single room','Adult',7,994.00,60),(93,'Deluxe','Adult',4,968.00,61),(94,'Suite','Teen',1,553.00,62),(95,'Suite','Child',1,356.00,62),(96,'Double room','Adult',2,706.00,62),(97,'Suite','Adult',1,815.00,62),(98,'Deluxe','Child',5,665.00,63),(99,'Deluxe','Adult',4,1032.00,63),(100,'Executive suite','Teen',4,2780.00,64),(101,'Executive suite','Adult',4,4208.00,64),(102,'Family','Adult',5,1130.00,65),(103,'Family','Child',5,615.00,65),(104,'Standard twin room','Adult',4,836.00,66),(105,'Deluxe','Adult',6,1524.00,67),(106,'Executive suite','Teen',6,4170.00,68),(107,'Deluxe','Adult',6,1524.00,69),(108,'Family','Adult',4,988.00,70),(109,'Family','Child',4,576.00,70),(110,'Family','Adult',2,342.00,71),(111,'Family','Child',4,400.00,71),(112,'Suite','Teen',5,2790.00,72),(113,'Suite','Adult',7,5740.00,72),(114,'Deluxe','Adult',2,872.00,73);
/*!40000 ALTER TABLE `bookingaccommodationroom` ENABLE KEYS */;
UNLOCK TABLES;

--
-- Table structure for table `bookinggeneric`
--

DROP TABLE IF EXISTS `bookinggeneric`;
/*!40101 SET @saved_cs_client     = @@character_set_client */;
/*!50503 SET character_set_client = utf8mb4 */;
CREATE TABLE `bookinggeneric` (
  `id` int NOT NULL AUTO_INCREMENT,
  `booking_id` int NOT NULL,
  `generic_id` int NOT NULL,
  `discountamount` decimal(10,2) DEFAULT NULL,
  `totalamount` decimal(10,2) DEFAULT NULL,
  `supplieramount` decimal(10,2) DEFAULT NULL,
  `fromdatetime` datetime DEFAULT NULL,
  `todatetime` datetime DEFAULT NULL,
  `bookingitemstatus_id` int NOT NULL,
  PRIMARY KEY (`id`),
  KEY `fk_bookinggeneric_booking1_idx` (`booking_id`),
  KEY `fk_bookinggeneric_bookingitemstatus1_idx` (`bookingitemstatus_id`),
  KEY `fk_bookinggeneric_generic1_idx` (`generic_id`),
  CONSTRAINT `fk_bookinggeneric_booking1` FOREIGN KEY (`booking_id`) REFERENCES `booking` (`id`),
  CONSTRAINT `fk_bookinggeneric_bookingitemstatus1` FOREIGN KEY (`bookingitemstatus_id`) REFERENCES `bookingitemstatus` (`id`),
  CONSTRAINT `fk_bookinggeneric_generic1` FOREIGN KEY (`generic_id`) REFERENCES `generic` (`id`)
) ENGINE=InnoDB AUTO_INCREMENT=10 DEFAULT CHARSET=utf8mb3;
/*!40101 SET character_set_client = @saved_cs_client */;

--
-- Dumping data for table `bookinggeneric`
--

LOCK TABLES `bookinggeneric` WRITE;
/*!40000 ALTER TABLE `bookinggeneric` DISABLE KEYS */;
INSERT INTO `bookinggeneric` VALUES (1,129,9,186.00,12324.00,NULL,'2025-07-11 05:30:00','2025-07-25 05:30:00',3),(2,130,5,306.00,19860.00,NULL,'2025-07-11 05:30:00','2025-07-31 05:30:00',3),(3,132,5,306.00,26104.00,26004.00,'2025-07-12 05:30:00','2025-07-31 05:30:00',4),(4,133,5,306.00,20822.00,20742.00,'2025-07-12 05:30:00','2025-07-31 05:30:00',4),(5,2,5,306.00,26104.00,26004.00,'2025-07-14 05:30:00','2025-07-17 05:30:00',2),(6,2,5,306.00,26104.00,26004.00,'2025-07-14 05:30:00','2025-07-18 05:30:00',2),(7,2,9,186.00,2038.00,1878.00,'2025-07-14 05:30:00','2025-07-31 05:30:00',2),(8,1,10,838.00,43982.00,43782.00,'2025-07-14 05:30:00','2025-07-19 05:30:00',2),(9,1,12,948.00,48702.00,48502.00,'2025-07-14 05:30:00','2025-07-29 05:30:00',2);
/*!40000 ALTER TABLE `bookinggeneric` ENABLE KEYS */;
UNLOCK TABLES;

--
-- Table structure for table `bookinggenericpax`
--

DROP TABLE IF EXISTS `bookinggenericpax`;
/*!40101 SET @saved_cs_client     = @@character_set_client */;
/*!50503 SET character_set_client = utf8mb4 */;
CREATE TABLE `bookinggenericpax` (
  `id` int NOT NULL AUTO_INCREMENT,
  `bookinggeneric_id` int NOT NULL,
  `paxtype` varchar(45) DEFAULT NULL,
  `paxcount` int DEFAULT NULL,
  `amount` decimal(10,2) DEFAULT NULL,
  PRIMARY KEY (`id`),
  KEY `fk_bookinggenericpax_bookinggeneric1_idx` (`bookinggeneric_id`),
  CONSTRAINT `fk_bookinggenericpax_bookinggeneric1` FOREIGN KEY (`bookinggeneric_id`) REFERENCES `bookinggeneric` (`id`)
) ENGINE=InnoDB AUTO_INCREMENT=12 DEFAULT CHARSET=utf8mb3;
/*!40101 SET character_set_client = @saved_cs_client */;

--
-- Dumping data for table `bookinggenericpax`
--

LOCK TABLES `bookinggenericpax` WRITE;
/*!40000 ALTER TABLE `bookinggenericpax` DISABLE KEYS */;
INSERT INTO `bookinggenericpax` VALUES (1,1,'Infant',3,11736.00),(2,1,'Adult',3,774.00),(3,2,'Teen',2,9642.00),(4,2,'Adult',2,10524.00),(5,3,'Adult',5,26410.00),(6,4,'Adult',4,21128.00),(7,5,'Adult',5,26410.00),(8,6,'Adult',5,26410.00),(9,7,'Adult',8,2224.00),(10,8,'Teen',10,44820.00),(11,9,'Teen',10,49650.00);
/*!40000 ALTER TABLE `bookinggenericpax` ENABLE KEYS */;
UNLOCK TABLES;

--
-- Table structure for table `bookingitemstatus`
--

DROP TABLE IF EXISTS `bookingitemstatus`;
/*!40101 SET @saved_cs_client     = @@character_set_client */;
/*!50503 SET character_set_client = utf8mb4 */;
CREATE TABLE `bookingitemstatus` (
  `id` int NOT NULL AUTO_INCREMENT,
  `name` varchar(45) DEFAULT NULL,
  PRIMARY KEY (`id`)
) ENGINE=InnoDB AUTO_INCREMENT=8 DEFAULT CHARSET=utf8mb3;
/*!40101 SET character_set_client = @saved_cs_client */;

--
-- Dumping data for table `bookingitemstatus`
--

LOCK TABLES `bookingitemstatus` WRITE;
/*!40000 ALTER TABLE `bookingitemstatus` DISABLE KEYS */;
INSERT INTO `bookingitemstatus` VALUES (1,'Not Requested'),(2,'Requested'),(3,'Pending Confirmation'),(4,'Confirmed'),(5,'Rejected'),(6,'Cancelled'),(7,'Completed');
/*!40000 ALTER TABLE `bookingitemstatus` ENABLE KEYS */;
UNLOCK TABLES;

--
-- Table structure for table `bookingpassenger`
--

DROP TABLE IF EXISTS `bookingpassenger`;
/*!40101 SET @saved_cs_client     = @@character_set_client */;
/*!50503 SET character_set_client = utf8mb4 */;
CREATE TABLE `bookingpassenger` (
  `id` int NOT NULL AUTO_INCREMENT,
  `code` varchar(45) DEFAULT NULL,
  `name` varchar(100) DEFAULT NULL,
  `age` int DEFAULT NULL,
  `leadpassenger` bit(1) DEFAULT NULL,
  `booking_id` int NOT NULL,
  PRIMARY KEY (`id`),
  KEY `fk_bookingpassenger_booking1_idx` (`booking_id`),
  CONSTRAINT `fk_bookingpassenger_booking1` FOREIGN KEY (`booking_id`) REFERENCES `booking` (`id`)
) ENGINE=InnoDB AUTO_INCREMENT=478 DEFAULT CHARSET=utf8mb3;
/*!40101 SET character_set_client = @saved_cs_client */;

--
-- Dumping data for table `bookingpassenger`
--

LOCK TABLES `bookingpassenger` WRITE;
/*!40000 ALTER TABLE `bookingpassenger` DISABLE KEYS */;
INSERT INTO `bookingpassenger` VALUES (1,'CUS_25_0001_PAX_25_0002','Ruki',25,_binary '\0',1),(2,'CUS_25_0001_PAX_25_0001','Nipu',27,_binary '\0',1),(3,'CUS_25_0001','Dileesha',25,_binary '',1),(4,'CUS_25_0001_PAX_25_0002','Ruki',25,_binary '\0',2),(5,'CUS_25_0001_PAX_25_0001','Nipu',27,_binary '\0',2),(6,'CUS_25_0001','Dileesha',25,_binary '',2),(7,'CUS_25_0001_PAX_25_0002','Ruki',25,_binary '\0',3),(8,'CUS_25_0001_PAX_25_0001','Nipu',27,_binary '\0',3),(9,'CUS_25_0001','Dileesha',25,_binary '',3),(10,'CUS_25_0001_PAX_25_0002','Ruki',25,_binary '\0',4),(11,'CUS_25_0001_PAX_25_0001','Nipu',27,_binary '\0',4),(12,'CUS_25_0001','Dileesha',25,_binary '',4),(13,'CUS_25_0001_PAX_25_0002','Ruki',25,_binary '\0',5),(14,'CUS_25_0001_PAX_25_0001','Nipu',27,_binary '\0',5),(15,'CUS_25_0001','Dileesha',25,_binary '',5),(16,'CUS_25_0001_PAX_25_0002','Ruki',25,_binary '\0',6),(17,'CUS_25_0001_PAX_25_0001','Nipu',27,_binary '\0',6),(18,'CUS_25_0001','Dileesha',25,_binary '',6),(19,'CUS_25_0001_PAX_25_0002','Ruki',25,_binary '\0',7),(20,'CUS_25_0001_PAX_25_0001','Nipu',27,_binary '\0',7),(21,'CUS_25_0001','Dileesha',25,_binary '',7),(22,'CUS_25_0001_PAX_25_0002','Ruki',25,_binary '\0',8),(23,'CUS_25_0001_PAX_25_0001','Nipu',27,_binary '\0',8),(24,'CUS_25_0001','Dileesha',25,_binary '',8),(25,'CUS_25_0001_PAX_25_0002','Ruki',25,_binary '\0',9),(26,'CUS_25_0001_PAX_25_0001','Nipu',27,_binary '\0',9),(27,'CUS_25_0001','Dileesha',25,_binary '',9),(28,'CUS_25_0001_PAX_25_0002','Ruki',25,_binary '\0',10),(29,'CUS_25_0001_PAX_25_0001','Nipu',27,_binary '\0',10),(30,'CUS_25_0001','Dileesha',25,_binary '',10),(31,'CUS_25_0001_PAX_25_0002','Ruki',25,_binary '\0',11),(32,'CUS_25_0001_PAX_25_0001','Nipu',27,_binary '\0',11),(33,'CUS_25_0001','Dileesha',25,_binary '',11),(34,'CUS_25_0001_PAX_25_0002','Ruki',25,_binary '\0',12),(35,'CUS_25_0001_PAX_25_0001','Nipu',27,_binary '\0',12),(36,'CUS_25_0001','Dileesha',25,_binary '',12),(37,'CUS_25_0001_PAX_25_0002','Ruki',25,_binary '\0',13),(38,'CUS_25_0001_PAX_25_0001','Nipu',27,_binary '\0',13),(39,'CUS_25_0001','Dileesha',25,_binary '',13),(40,'CUS_25_0001_PAX_25_0002','Ruki',25,_binary '\0',14),(41,'CUS_25_0001_PAX_25_0001','Nipu',27,_binary '\0',14),(42,'CUS_25_0001','Dileesha',25,_binary '',14),(43,'CUS_25_0001_PAX_25_0002','Ruki',25,_binary '\0',15),(44,'CUS_25_0001_PAX_25_0001','Nipu',27,_binary '\0',15),(45,'CUS_25_0001','Dileesha',25,_binary '',15),(46,'CUS_25_0001_PAX_25_0002','Ruki',25,_binary '\0',16),(47,'CUS_25_0001_PAX_25_0001','Nipu',27,_binary '\0',16),(48,'CUS_25_0001','Dileesha',25,_binary '',16),(49,'CUS_25_0001_PAX_25_0002','Ruki',25,_binary '\0',17),(50,'CUS_25_0001_PAX_25_0001','Nipu',27,_binary '\0',17),(51,'CUS_25_0001','Dileesha',25,_binary '',17),(52,'CUS_25_0001_PAX_25_0002','Ruki',25,_binary '\0',18),(53,'CUS_25_0001_PAX_25_0001','Nipu',27,_binary '\0',18),(54,'CUS_25_0001','Dileesha',25,_binary '',18),(55,'CUS_25_0002_PAX_25_0001','Suneetha',35,_binary '\0',19),(56,'CUS_25_0002_PAX_25_0002','Prasad',28,_binary '\0',19),(57,'CUS_25_0002_PAX_25_0003','Nimali',23,_binary '\0',19),(58,'CUS_25_0002','Sunil',35,_binary '',19),(59,'CUS_25_0002_PAX_25_0001','Suneetha',35,_binary '\0',20),(60,'CUS_25_0002_PAX_25_0002','Prasad',28,_binary '\0',20),(61,'CUS_25_0002_PAX_25_0003','Nimali',23,_binary '\0',20),(62,'CUS_25_0002','Sunil',35,_binary '',20),(63,'CUS_25_0001_PAX_25_0002','Ruki',25,_binary '\0',21),(64,'CUS_25_0001_PAX_25_0001','Nipu',27,_binary '\0',21),(65,'CUS_25_0001','Dileesha',25,_binary '',21),(66,'CUS_25_0001_PAX_25_0002','Ruki',25,_binary '\0',22),(67,'CUS_25_0001_PAX_25_0001','Nipu',27,_binary '\0',22),(68,'CUS_25_0001','Dileesha',25,_binary '',22),(69,'CUS_25_0001_PAX_25_0002','Ruki',25,_binary '\0',23),(70,'CUS_25_0001_PAX_25_0001','Nipu',27,_binary '\0',23),(71,'CUS_25_0001','Dileesha',25,_binary '',23),(72,'CUS_25_0001_PAX_25_0002','Ruki',25,_binary '\0',24),(73,'CUS_25_0001_PAX_25_0001','Nipu',27,_binary '\0',24),(74,'CUS_25_0001','Dileesha',25,_binary '',24),(75,'CUS_25_0001_PAX_25_0002','Ruki',25,_binary '\0',25),(76,'CUS_25_0001_PAX_25_0001','Nipu',27,_binary '\0',25),(77,'CUS_25_0001','Dileesha',25,_binary '',25),(78,'CUS_25_0001_PAX_25_0002','Ruki',25,_binary '\0',26),(79,'CUS_25_0001_PAX_25_0001','Nipu',27,_binary '\0',26),(80,'CUS_25_0001','Dileesha',25,_binary '',26),(81,'CUS_25_0001_PAX_25_0002','Ruki',25,_binary '\0',27),(82,'CUS_25_0001_PAX_25_0001','Nipu',27,_binary '\0',27),(83,'CUS_25_0001','Dileesha',25,_binary '',27),(84,'CUS_25_0001_PAX_25_0002','Ruki',25,_binary '\0',28),(85,'CUS_25_0001_PAX_25_0001','Nipu',27,_binary '\0',28),(86,'CUS_25_0001','Dileesha',25,_binary '',28),(87,'CUS_25_0002_PAX_25_0001','Suneetha',35,_binary '\0',29),(88,'CUS_25_0002_PAX_25_0002','Prasad',28,_binary '\0',29),(89,'CUS_25_0002_PAX_25_0003','Nimali',23,_binary '\0',29),(90,'CUS_25_0002','Sunil',35,_binary '',29),(91,'CUS_25_0002_PAX_25_0001','Suneetha',35,_binary '\0',30),(92,'CUS_25_0002_PAX_25_0003','Nimali',23,_binary '\0',30),(93,'CUS_25_0002_PAX_25_0002','Prasad',28,_binary '\0',30),(94,'CUS_25_0002','Sunil',35,_binary '',30),(95,'CUS_25_0001_PAX_25_0002','Ruki',25,_binary '\0',31),(96,'CUS_25_0001_PAX_25_0001','Nipu',27,_binary '\0',31),(97,'CUS_25_0001','Dileesha',25,_binary '',31),(98,'CUS_25_0001_PAX_25_0002','Ruki',25,_binary '\0',32),(99,'CUS_25_0001_PAX_25_0001','Nipu',27,_binary '\0',32),(100,'CUS_25_0001','Dileesha',25,_binary '',32),(101,'CUS_25_0001_PAX_25_0002','Ruki',25,_binary '\0',33),(102,'CUS_25_0001_PAX_25_0001','Nipu',27,_binary '\0',33),(103,'CUS_25_0001','Dileesha',25,_binary '',33),(104,'CUS_25_0001_PAX_25_0002','Ruki',25,_binary '\0',34),(105,'CUS_25_0001_PAX_25_0001','Nipu',27,_binary '\0',34),(106,'CUS_25_0001','Dileesha',25,_binary '',34),(107,'CUS_25_0001_PAX_25_0002','Ruki',25,_binary '\0',35),(108,'CUS_25_0001_PAX_25_0001','Nipu',27,_binary '\0',35),(109,'CUS_25_0001','Dileesha',25,_binary '',35),(110,'CUS_25_0001_PAX_25_0002','Ruki',25,_binary '\0',36),(111,'CUS_25_0001_PAX_25_0001','Nipu',27,_binary '\0',36),(112,'CUS_25_0001','Dileesha',25,_binary '',36),(113,'CUS_25_0001_PAX_25_0002','Ruki',25,_binary '\0',37),(114,'CUS_25_0001_PAX_25_0001','Nipu',27,_binary '\0',37),(115,'CUS_25_0001','Dileesha',25,_binary '',37),(116,'CUS_25_0001_PAX_25_0002','Ruki',25,_binary '\0',38),(117,'CUS_25_0001_PAX_25_0001','Nipu',27,_binary '\0',38),(118,'CUS_25_0001','Dileesha',25,_binary '',38),(119,'CUS_25_0001_PAX_25_0002','Ruki',25,_binary '\0',39),(120,'CUS_25_0001_PAX_25_0001','Nipu',27,_binary '\0',39),(121,'CUS_25_0001','Dileesha',25,_binary '',39),(122,'CUS_25_0001_PAX_25_0002','Ruki',25,_binary '\0',40),(123,'CUS_25_0001_PAX_25_0001','Nipu',27,_binary '\0',40),(124,'CUS_25_0001','Dileesha',25,_binary '',40),(125,'CUS_25_0001_PAX_25_0002','Ruki',25,_binary '\0',41),(126,'CUS_25_0001_PAX_25_0001','Nipu',27,_binary '\0',41),(127,'CUS_25_0001','Dileesha',25,_binary '',41),(128,'CUS_25_0001_PAX_25_0002','Ruki',25,_binary '\0',42),(129,'CUS_25_0001_PAX_25_0001','Nipu',27,_binary '\0',42),(130,'CUS_25_0001','Dileesha',25,_binary '',42),(131,'CUS_25_0001_PAX_25_0002','Ruki',25,_binary '\0',43),(132,'CUS_25_0001_PAX_25_0001','Nipu',27,_binary '\0',43),(133,'CUS_25_0001','Dileesha',25,_binary '',43),(134,'CUS_25_0001_PAX_25_0002','Ruki',25,_binary '\0',44),(135,'CUS_25_0001_PAX_25_0001','Nipu',27,_binary '\0',44),(136,'CUS_25_0001','Dileesha',25,_binary '',44),(137,'CUS_25_0001_PAX_25_0002','Ruki',25,_binary '\0',45),(138,'CUS_25_0001_PAX_25_0001','Nipu',27,_binary '\0',45),(139,'CUS_25_0001','Dileesha',25,_binary '',45),(140,'CUS_25_0001_PAX_25_0002','Ruki',25,_binary '\0',46),(141,'CUS_25_0001_PAX_25_0001','Nipu',27,_binary '\0',46),(142,'CUS_25_0001','Dileesha',25,_binary '',46),(143,'CUS_25_0001_PAX_25_0002','Ruki',25,_binary '\0',47),(144,'CUS_25_0001_PAX_25_0001','Nipu',27,_binary '\0',47),(145,'CUS_25_0001','Dileesha',25,_binary '',47),(146,'CUS_25_0001_PAX_25_0002','Ruki',25,_binary '\0',48),(147,'CUS_25_0001_PAX_25_0001','Nipu',27,_binary '\0',48),(148,'CUS_25_0001','Dileesha',25,_binary '',48),(149,'CUS_25_0001_PAX_25_0002','Ruki',25,_binary '\0',49),(150,'CUS_25_0001_PAX_25_0001','Nipu',27,_binary '\0',49),(151,'CUS_25_0001','Dileesha',25,_binary '',49),(152,'CUS_25_0001_PAX_25_0002','Ruki',25,_binary '\0',50),(153,'CUS_25_0001_PAX_25_0001','Nipu',27,_binary '\0',50),(154,'CUS_25_0001','Dileesha',25,_binary '',50),(155,'CUS_25_0001_PAX_25_0002','Ruki',25,_binary '\0',51),(156,'CUS_25_0001_PAX_25_0001','Nipu',27,_binary '\0',51),(157,'CUS_25_0001','Dileesha',25,_binary '',51),(158,'CUS_25_0001_PAX_25_0002','Ruki',25,_binary '\0',52),(159,'CUS_25_0001_PAX_25_0001','Nipu',27,_binary '\0',52),(160,'CUS_25_0001','Dileesha',25,_binary '',52),(161,'CUS_25_0001_PAX_25_0002','Ruki',25,_binary '\0',53),(162,'CUS_25_0001_PAX_25_0001','Nipu',27,_binary '\0',53),(163,'CUS_25_0001','Dileesha',25,_binary '',53),(164,'CUS_25_0001_PAX_25_0002','Ruki',25,_binary '\0',54),(165,'CUS_25_0001_PAX_25_0001','Nipu',27,_binary '\0',54),(166,'CUS_25_0001','Dileesha',25,_binary '',54),(167,'CUS_25_0001_PAX_25_0002','Ruki',25,_binary '\0',55),(168,'CUS_25_0001_PAX_25_0001','Nipu',27,_binary '\0',55),(169,'CUS_25_0001','Dileesha',25,_binary '',55),(170,'CUS_25_0001_PAX_25_0002','Ruki',25,_binary '\0',56),(171,'CUS_25_0001_PAX_25_0001','Nipu',27,_binary '\0',56),(172,'CUS_25_0001','Dileesha',25,_binary '',56),(173,'CUS_25_0001_PAX_25_0002','Ruki',25,_binary '\0',57),(174,'CUS_25_0001_PAX_25_0001','Nipu',27,_binary '\0',57),(175,'CUS_25_0001','Dileesha',25,_binary '',57),(176,'CUS_25_0001_PAX_25_0002','Ruki',25,_binary '\0',58),(177,'CUS_25_0001_PAX_25_0001','Nipu',27,_binary '\0',58),(178,'CUS_25_0001','Dileesha',25,_binary '',58),(179,'CUS_25_0001_PAX_25_0002','Ruki',25,_binary '\0',59),(180,'CUS_25_0001_PAX_25_0001','Nipu',27,_binary '\0',59),(181,'CUS_25_0001','Dileesha',25,_binary '',59),(182,'CUS_25_0001_PAX_25_0002','Ruki',25,_binary '\0',60),(183,'CUS_25_0001_PAX_25_0001','Nipu',27,_binary '\0',60),(184,'CUS_25_0001','Dileesha',25,_binary '',60),(185,'CUS_25_0001_PAX_25_0002','Ruki',25,_binary '\0',61),(186,'CUS_25_0001_PAX_25_0001','Nipu',27,_binary '\0',61),(187,'CUS_25_0001','Dileesha',25,_binary '',61),(188,'CUS_25_0001_PAX_25_0002','Ruki',25,_binary '\0',62),(189,'CUS_25_0001_PAX_25_0001','Nipu',27,_binary '\0',62),(190,'CUS_25_0001','Dileesha',25,_binary '',62),(191,'CUS_25_0002_PAX_25_0001','Suneetha',35,_binary '\0',63),(192,'CUS_25_0002_PAX_25_0003','Nimali',23,_binary '\0',63),(193,'CUS_25_0002_PAX_25_0002','Prasad',28,_binary '\0',63),(194,'CUS_25_0002','Sunil',35,_binary '',63),(195,'CUS_25_0001_PAX_25_0002','Ruki',25,_binary '\0',64),(196,'CUS_25_0001_PAX_25_0001','Nipu',27,_binary '\0',64),(197,'CUS_25_0001','Dileesha',25,_binary '',64),(198,'CUS_25_0002_PAX_25_0001','Suneetha',35,_binary '\0',65),(199,'CUS_25_0002_PAX_25_0002','Prasad',28,_binary '\0',65),(200,'CUS_25_0002_PAX_25_0003','Nimali',23,_binary '\0',65),(201,'CUS_25_0002','Sunil',35,_binary '',65),(202,'CUS_25_0001_PAX_25_0002','Ruki',25,_binary '\0',66),(203,'CUS_25_0001_PAX_25_0001','Nipu',27,_binary '\0',66),(204,'CUS_25_0001','Dileesha',25,_binary '',66),(205,'CUS_25_0002_PAX_25_0001','Suneetha',35,_binary '\0',67),(206,'CUS_25_0002_PAX_25_0003','Nimali',23,_binary '\0',67),(207,'CUS_25_0002_PAX_25_0002','Prasad',28,_binary '\0',67),(208,'CUS_25_0002','Sunil',35,_binary '',67),(209,'CUS_25_0001_PAX_25_0002','Ruki',25,_binary '\0',68),(210,'CUS_25_0001_PAX_25_0001','Nipu',27,_binary '\0',68),(211,'CUS_25_0001','Dileesha',25,_binary '',68),(212,'CUS_25_0002_PAX_25_0001','Suneetha',35,_binary '\0',69),(213,'CUS_25_0002_PAX_25_0003','Nimali',23,_binary '\0',69),(214,'CUS_25_0002_PAX_25_0002','Prasad',28,_binary '\0',69),(215,'CUS_25_0002','Sunil',35,_binary '',69),(216,'CUS_25_0001_PAX_25_0002','Ruki',25,_binary '\0',70),(217,'CUS_25_0001_PAX_25_0001','Nipu',27,_binary '\0',70),(218,'CUS_25_0001','Dileesha',25,_binary '',70),(219,'CUS_25_0002_PAX_25_0001','Suneetha',35,_binary '\0',71),(220,'CUS_25_0002_PAX_25_0003','Nimali',23,_binary '\0',71),(221,'CUS_25_0002_PAX_25_0002','Prasad',28,_binary '\0',71),(222,'CUS_25_0002','Sunil',35,_binary '',71),(223,'CUS_25_0001_PAX_25_0002','Ruki',25,_binary '\0',72),(224,'CUS_25_0001_PAX_25_0001','Nipu',27,_binary '\0',72),(225,'CUS_25_0001','Dileesha',25,_binary '',72),(226,'CUS_25_0001_PAX_25_0002','Ruki',25,_binary '\0',73),(227,'CUS_25_0001_PAX_25_0001','Nipu',27,_binary '\0',73),(228,'CUS_25_0001','Dileesha',25,_binary '',73),(229,'CUS_25_0001_PAX_25_0002','Ruki',25,_binary '\0',74),(230,'CUS_25_0001_PAX_25_0001','Nipu',27,_binary '\0',74),(231,'CUS_25_0001','Dileesha',25,_binary '',74),(232,'CUS_25_0002_PAX_25_0001','Suneetha',35,_binary '\0',75),(233,'CUS_25_0002_PAX_25_0003','Nimali',23,_binary '\0',75),(234,'CUS_25_0002_PAX_25_0002','Prasad',28,_binary '\0',75),(235,'CUS_25_0002','Sunil',35,_binary '',75),(236,'CUS_25_0001_PAX_25_0002','Ruki',25,_binary '\0',76),(237,'CUS_25_0001_PAX_25_0001','Nipu',27,_binary '\0',76),(238,'CUS_25_0001','Dileesha',25,_binary '',76),(239,'CUS_25_0002_PAX_25_0001','Suneetha',35,_binary '\0',77),(240,'CUS_25_0002_PAX_25_0002','Prasad',28,_binary '\0',77),(241,'CUS_25_0002_PAX_25_0003','Nimali',23,_binary '\0',77),(242,'CUS_25_0002','Sunil',35,_binary '',77),(243,'CUS_25_0001_PAX_25_0002','Ruki',25,_binary '\0',78),(244,'CUS_25_0001_PAX_25_0001','Nipu',27,_binary '\0',78),(245,'CUS_25_0001','Dileesha',25,_binary '',78),(246,'CUS_25_0001_PAX_25_0002','Ruki',25,_binary '\0',79),(247,'CUS_25_0001_PAX_25_0001','Nipu',27,_binary '\0',79),(248,'CUS_25_0001','Dileesha',25,_binary '',79),(249,'CUS_25_0001_PAX_25_0002','Ruki',25,_binary '\0',80),(250,'CUS_25_0001_PAX_25_0001','Nipu',27,_binary '\0',80),(251,'CUS_25_0001','Dileesha',25,_binary '',80),(252,'CUS_25_0002_PAX_25_0001','Suneetha',35,_binary '\0',81),(253,'CUS_25_0002_PAX_25_0003','Nimali',23,_binary '\0',81),(254,'CUS_25_0002_PAX_25_0002','Prasad',28,_binary '\0',81),(255,'CUS_25_0002','Sunil',35,_binary '',81),(256,'CUS_25_0001_PAX_25_0002','Ruki',25,_binary '\0',82),(257,'CUS_25_0001_PAX_25_0001','Nipu',27,_binary '\0',82),(258,'CUS_25_0001','Dileesha',25,_binary '',82),(259,'CUS_25_0002_PAX_25_0001','Suneetha',35,_binary '\0',83),(260,'CUS_25_0002_PAX_25_0003','Nimali',23,_binary '\0',83),(261,'CUS_25_0002_PAX_25_0002','Prasad',28,_binary '\0',83),(262,'CUS_25_0002','Sunil',35,_binary '',83),(263,'CUS_25_0001_PAX_25_0002','Ruki',25,_binary '\0',84),(264,'CUS_25_0001_PAX_25_0001','Nipu',27,_binary '\0',84),(265,'CUS_25_0001','Dileesha',25,_binary '',84),(266,'CUS_25_0001_PAX_25_0002','Ruki',25,_binary '\0',85),(267,'CUS_25_0001_PAX_25_0001','Nipu',27,_binary '\0',85),(268,'CUS_25_0001','Dileesha',25,_binary '',85),(269,'CUS_25_0001_PAX_25_0002','Ruki',25,_binary '\0',86),(270,'CUS_25_0001_PAX_25_0001','Nipu',27,_binary '\0',86),(271,'CUS_25_0001','Dileesha',25,_binary '',86),(272,'CUS_25_0001_PAX_25_0002','Ruki',25,_binary '\0',87),(273,'CUS_25_0001_PAX_25_0001','Nipu',27,_binary '\0',87),(274,'CUS_25_0001','Dileesha',25,_binary '',87),(275,'CUS_25_0001_PAX_25_0002','Ruki',25,_binary '\0',88),(276,'CUS_25_0001_PAX_25_0001','Nipu',27,_binary '\0',88),(277,'CUS_25_0001','Dileesha',25,_binary '',88),(278,'CUS_25_0001_PAX_25_0002','Ruki',25,_binary '\0',89),(279,'CUS_25_0001_PAX_25_0001','Nipu',27,_binary '\0',89),(280,'CUS_25_0001','Dileesha',25,_binary '',89),(281,'CUS_25_0001_PAX_25_0002','Ruki',25,_binary '\0',90),(282,'CUS_25_0001_PAX_25_0001','Nipu',27,_binary '\0',90),(283,'CUS_25_0001','Dileesha',25,_binary '',90),(284,'CUS_25_0001_PAX_25_0002','Ruki',25,_binary '\0',91),(285,'CUS_25_0001_PAX_25_0001','Nipu',27,_binary '\0',91),(286,'CUS_25_0001','Dileesha',25,_binary '',91),(287,'CUS_25_0001_PAX_25_0002','Ruki',25,_binary '\0',92),(288,'CUS_25_0001_PAX_25_0001','Nipu',27,_binary '\0',92),(289,'CUS_25_0001','Dileesha',25,_binary '',92),(290,'CUS_25_0002_PAX_25_0001','Suneetha',35,_binary '\0',93),(291,'CUS_25_0002_PAX_25_0002','Prasad',28,_binary '\0',93),(292,'CUS_25_0002_PAX_25_0003','Nimali',23,_binary '\0',93),(293,'CUS_25_0002','Sunil',35,_binary '',93),(294,'CUS_25_0001_PAX_25_0002','Ruki',25,_binary '\0',94),(295,'CUS_25_0001_PAX_25_0001','Nipu',27,_binary '\0',94),(296,'CUS_25_0001','Dileesha',25,_binary '',94),(297,'CUS_25_0001_PAX_25_0002','Ruki',25,_binary '\0',95),(298,'CUS_25_0001_PAX_25_0001','Nipu',27,_binary '\0',95),(299,'CUS_25_0001','Dileesha',25,_binary '',95),(300,'CUS_25_0001_PAX_25_0002','Ruki',25,_binary '\0',96),(301,'CUS_25_0001_PAX_25_0001','Nipu',27,_binary '\0',96),(302,'CUS_25_0001','Dileesha',25,_binary '',96),(303,'CUS_25_0001_PAX_25_0002','Ruki',25,_binary '\0',97),(304,'CUS_25_0001_PAX_25_0001','Nipu',27,_binary '\0',97),(305,'CUS_25_0001','Dileesha',25,_binary '',97),(306,'CUS_25_0001_PAX_25_0002','Ruki',25,_binary '\0',98),(307,'CUS_25_0001_PAX_25_0001','Nipu',27,_binary '\0',98),(308,'CUS_25_0001','Dileesha',25,_binary '',98),(309,'CUS_25_0001_PAX_25_0002','Ruki',25,_binary '\0',99),(310,'CUS_25_0001_PAX_25_0001','Nipu',27,_binary '\0',99),(311,'CUS_25_0001','Dileesha',25,_binary '',99),(312,'CUS_25_0001_PAX_25_0002','Ruki',25,_binary '\0',100),(313,'CUS_25_0001_PAX_25_0001','Nipu',27,_binary '\0',100),(314,'CUS_25_0001','Dileesha',25,_binary '',100),(315,'CUS_25_0001_PAX_25_0002','Ruki',25,_binary '\0',101),(316,'CUS_25_0001_PAX_25_0001','Nipu',27,_binary '\0',101),(317,'CUS_25_0001','Dileesha',25,_binary '',101),(318,'CUS_25_0001_PAX_25_0002','Ruki',25,_binary '\0',102),(319,'CUS_25_0001_PAX_25_0001','Nipu',27,_binary '\0',102),(320,'CUS_25_0001','Dileesha',25,_binary '',102),(321,'CUS_25_0001_PAX_25_0002','Ruki',25,_binary '\0',103),(322,'CUS_25_0001_PAX_25_0001','Nipu',27,_binary '\0',103),(323,'CUS_25_0001','Dileesha',25,_binary '',103),(324,'CUS_25_0001_PAX_25_0002','Ruki',25,_binary '\0',104),(325,'CUS_25_0001_PAX_25_0001','Nipu',27,_binary '\0',104),(326,'CUS_25_0001','Dileesha',25,_binary '',104),(327,'CUS_25_0001_PAX_25_0002','Ruki',25,_binary '\0',105),(328,'CUS_25_0001_PAX_25_0001','Nipu',27,_binary '\0',105),(329,'CUS_25_0001','Dileesha',25,_binary '',105),(330,'CUS_25_0001_PAX_25_0002','Ruki',25,_binary '\0',106),(331,'CUS_25_0001_PAX_25_0001','Nipu',27,_binary '\0',106),(332,'CUS_25_0001','Dileesha',25,_binary '',106),(333,'CUS_25_0001_PAX_25_0002','Ruki',25,_binary '\0',107),(334,'CUS_25_0001_PAX_25_0001','Nipu',27,_binary '\0',107),(335,'CUS_25_0001','Dileesha',25,_binary '',107),(336,'CUS_25_0001_PAX_25_0002','Ruki',25,_binary '\0',108),(337,'CUS_25_0001_PAX_25_0001','Nipu',27,_binary '\0',108),(338,'CUS_25_0001','Dileesha',25,_binary '',108),(339,'CUS_25_0001_PAX_25_0002','Ruki',25,_binary '\0',109),(340,'CUS_25_0001_PAX_25_0001','Nipu',27,_binary '\0',109),(341,'CUS_25_0001','Dileesha',25,_binary '',109),(342,'CUS_25_0001_PAX_25_0002','Ruki',25,_binary '\0',110),(343,'CUS_25_0001_PAX_25_0001','Nipu',27,_binary '\0',110),(344,'CUS_25_0001','Dileesha',25,_binary '',110),(345,'CUS_25_0001_PAX_25_0002','Ruki',25,_binary '\0',111),(346,'CUS_25_0001_PAX_25_0001','Nipu',27,_binary '\0',111),(347,'CUS_25_0001','Dileesha',25,_binary '',111),(348,'CUS_25_0001_PAX_25_0002','Ruki',25,_binary '\0',112),(349,'CUS_25_0001_PAX_25_0001','Nipu',27,_binary '\0',112),(350,'CUS_25_0001','Dileesha',25,_binary '',112),(351,'CUS_25_0001_PAX_25_0002','Ruki',25,_binary '\0',113),(352,'CUS_25_0001_PAX_25_0001','Nipu',27,_binary '\0',113),(353,'CUS_25_0001','Dileesha',25,_binary '',113),(354,'CUS_25_0001_PAX_25_0002','Ruki',25,_binary '\0',114),(355,'CUS_25_0001_PAX_25_0001','Nipu',27,_binary '\0',114),(356,'CUS_25_0001','Dileesha',25,_binary '',114),(357,'CUS_25_0001_PAX_25_0002','Ruki',25,_binary '\0',115),(358,'CUS_25_0001_PAX_25_0001','Nipu',27,_binary '\0',115),(359,'CUS_25_0001','Dileesha',25,_binary '',115),(360,'CUS_25_0001_PAX_25_0002','Ruki',25,_binary '\0',116),(361,'CUS_25_0001_PAX_25_0001','Nipu',27,_binary '\0',116),(362,'CUS_25_0001','Dileesha',25,_binary '',116),(363,'CUS_25_0001_PAX_25_0002','Ruki',25,_binary '\0',117),(364,'CUS_25_0001_PAX_25_0001','Nipu',27,_binary '\0',117),(365,'CUS_25_0001','Dileesha',25,_binary '',117),(366,'CUS_25_0001_PAX_25_0002','Ruki',25,_binary '\0',118),(367,'CUS_25_0001_PAX_25_0001','Nipu',27,_binary '\0',118),(368,'CUS_25_0001','Dileesha',25,_binary '',118),(369,'CUS_25_0001_PAX_25_0002','Ruki',25,_binary '\0',119),(370,'CUS_25_0001_PAX_25_0001','Nipu',27,_binary '\0',119),(371,'CUS_25_0001','Dileesha',25,_binary '',119),(372,'CUS_25_0001_PAX_25_0002','Ruki',25,_binary '\0',120),(373,'CUS_25_0001_PAX_25_0001','Nipu',27,_binary '\0',120),(374,'CUS_25_0001','Dileesha',25,_binary '',120),(375,'CUS_25_0001_PAX_25_0002','Ruki',25,_binary '\0',121),(376,'CUS_25_0001_PAX_25_0001','Nipu',27,_binary '\0',121),(377,'CUS_25_0001','Dileesha',25,_binary '',121),(378,'CUS_25_0001_PAX_25_0002','Ruki',25,_binary '\0',122),(379,'CUS_25_0001_PAX_25_0001','Nipu',27,_binary '\0',122),(380,'CUS_25_0001','Dileesha',25,_binary '',122),(381,'CUS_25_0001_PAX_25_0002','Ruki',25,_binary '\0',123),(382,'CUS_25_0001_PAX_25_0001','Nipu',27,_binary '\0',123),(383,'CUS_25_0001','Dileesha',25,_binary '',123),(384,'CUS_25_0001_PAX_25_0002','Ruki',25,_binary '\0',124),(385,'CUS_25_0001_PAX_25_0001','Nipu',27,_binary '\0',124),(386,'CUS_25_0001','Dileesha',25,_binary '',124),(387,'CUS_25_0001_PAX_25_0002','Ruki',25,_binary '\0',125),(388,'CUS_25_0001_PAX_25_0001','Nipu',27,_binary '\0',125),(389,'CUS_25_0001','Dileesha',25,_binary '',125),(390,'CUS_25_0001_PAX_25_0002','Ruki',25,_binary '\0',126),(391,'CUS_25_0001_PAX_25_0001','Nipu',27,_binary '\0',126),(392,'CUS_25_0001','Dileesha',25,_binary '',126),(393,'CUS_25_0001_PAX_25_0002','Ruki',25,_binary '\0',127),(394,'CUS_25_0001_PAX_25_0001','Nipu',27,_binary '\0',127),(395,'CUS_25_0001','Dileesha',25,_binary '',127),(396,'CUS_25_0001_PAX_25_0002','Ruki',25,_binary '\0',128),(397,'CUS_25_0001_PAX_25_0001','Nipu',27,_binary '\0',128),(398,'CUS_25_0001','Dileesha',25,_binary '',128),(399,'CUS_25_0001_PAX_25_0002','Ruki',25,_binary '\0',129),(400,'CUS_25_0001_PAX_25_0001','Nipu',27,_binary '\0',129),(401,'CUS_25_0001','Dileesha',25,_binary '',129),(402,'CUS_25_0001_PAX_25_0002','Ruki',25,_binary '\0',130),(403,'CUS_25_0001_PAX_25_0001','Nipu',27,_binary '\0',130),(404,'CUS_25_0001','Dileesha',25,_binary '',130),(405,'CUS_25_0001_PAX_25_0002','Ruki',25,_binary '\0',131),(406,'CUS_25_0001_PAX_25_0001','Nipu',27,_binary '\0',131),(407,'CUS_25_0001','Dileesha',25,_binary '',131),(408,'CUS_25_0001_PAX_25_0002','Ruki',25,_binary '\0',132),(409,'CUS_25_0001_PAX_25_0001','Nipu',27,_binary '\0',132),(410,'CUS_25_0001','Dileesha',25,_binary '',132),(411,'CUS_25_0001_PAX_25_0002','Ruki',25,_binary '\0',133),(412,'CUS_25_0001_PAX_25_0001','Nipu',27,_binary '\0',133),(413,'CUS_25_0001','Dileesha',25,_binary '',133),(414,'CUS_25_0001_PAX_25_0002','Ruki',25,_binary '\0',134),(415,'CUS_25_0001_PAX_25_0001','Nipu',27,_binary '\0',134),(416,'CUS_25_0001','Dileesha',25,_binary '',134),(417,'CUS_25_0001_PAX_25_0002','Ruki',25,_binary '\0',135),(418,'CUS_25_0001_PAX_25_0001','Nipu',27,_binary '\0',135),(419,'CUS_25_0001','Dileesha',25,_binary '',135),(420,'CUS_25_0001_PAX_25_0002','Ruki',25,_binary '\0',136),(421,'CUS_25_0001_PAX_25_0001','Nipu',27,_binary '\0',136),(422,'CUS_25_0001','Dileesha',25,_binary '',136),(423,'CUS_25_0001_PAX_25_0002','Ruki',25,_binary '\0',137),(424,'CUS_25_0001_PAX_25_0001','Nipu',27,_binary '\0',137),(425,'CUS_25_0001','Dileesha',25,_binary '',137),(426,'CUS_25_0001_PAX_25_0002','Ruki',25,_binary '\0',138),(427,'CUS_25_0001_PAX_25_0001','Nipu',27,_binary '\0',138),(428,'CUS_25_0001','Dileesha',25,_binary '',138),(429,'CUS_25_0001_PAX_25_0002','Ruki',25,_binary '\0',139),(430,'CUS_25_0001_PAX_25_0001','Nipu',27,_binary '\0',139),(431,'CUS_25_0001','Dileesha',25,_binary '',139),(432,'CUS_25_0001_PAX_25_0002','Ruki',25,_binary '\0',140),(433,'CUS_25_0001_PAX_25_0001','Nipu',27,_binary '\0',140),(434,'CUS_25_0001','Dileesha',25,_binary '',140),(435,'CUS_25_0001_PAX_25_0002','Ruki',25,_binary '\0',141),(436,'CUS_25_0001_PAX_25_0001','Nipu',27,_binary '\0',141),(437,'CUS_25_0001','Dileesha',25,_binary '',141),(438,'CUS_25_0001_PAX_25_0002','Ruki',25,_binary '\0',142),(439,'CUS_25_0001_PAX_25_0001','Nipu',27,_binary '\0',142),(440,'CUS_25_0001','Dileesha',25,_binary '',142),(441,'CUS_25_0001_PAX_25_0002','Ruki',25,_binary '\0',143),(442,'CUS_25_0001_PAX_25_0001','Nipu',27,_binary '\0',143),(443,'CUS_25_0001','Dileesha',25,_binary '',143),(444,'CUS_25_0001_PAX_25_0002','Ruki',25,_binary '\0',144),(445,'CUS_25_0001_PAX_25_0001','Nipu',27,_binary '\0',144),(446,'CUS_25_0001','Dileesha',25,_binary '',144),(447,'CUS_25_0002_PAX_25_0001','Suneetha',35,_binary '\0',145),(448,'CUS_25_0002_PAX_25_0002','Prasad',28,_binary '\0',145),(449,'CUS_25_0002_PAX_25_0003','Nimali',23,_binary '\0',145),(450,'CUS_25_0002','Sunil',35,_binary '',145),(451,'CUS_25_0001_PAX_25_0002','Ruki',25,_binary '\0',146),(452,'CUS_25_0001_PAX_25_0001','Nipu',27,_binary '\0',146),(453,'CUS_25_0001','Dileesha',25,_binary '',146),(454,'CUS_25_0003_PAX_25_0005','Rani',23,_binary '\0',147),(455,'CUS_25_0003_PAX_25_0003','Kamal',26,_binary '\0',147),(456,'CUS_25_0003_PAX_25_0004','Lakshmi',25,_binary '\0',147),(457,'CUS_25_0003_PAX_25_0001','Nimal',30,_binary '\0',147),(458,'CUS_25_0003_PAX_25_0002','Sunil',28,_binary '\0',147),(459,'CUS_25_0003','Saman',40,_binary '',147),(460,'CUS_25_0005_PAX_25_0006','Kusal',15,_binary '\0',148),(461,'CUS_25_0005','Rohan',43,_binary '',148),(462,'CUS_25_0005_PAX_25_0005','Nilan',17,_binary '\0',148),(463,'CUS_25_0005_PAX_25_0001','Malini',35,_binary '\0',148),(464,'CUS_25_0005_PAX_25_0004','Amali',19,_binary '\0',148),(465,'CUS_25_0005_PAX_25_0003','Ruwan',31,_binary '\0',148),(466,'CUS_25_0005_PAX_25_0002','Suresh',33,_binary '\0',148),(467,'CUS_25_0012_PAX_25_0006','Nimasha',14,_binary '\0',149),(468,'CUS_25_0012_PAX_25_0005','Thilina',16,_binary '\0',149),(469,'CUS_25_0012_PAX_25_0003','Samanthi',30,_binary '\0',149),(470,'CUS_25_0012_PAX_25_0001','Dilan',34,_binary '\0',149),(471,'CUS_25_0012','Lakmini',31,_binary '',149),(472,'CUS_25_0012_PAX_25_0004','Kavishka',18,_binary '\0',149),(473,'CUS_25_0012_PAX_25_0007','Pasindu',12,_binary '\0',149),(474,'CUS_25_0012_PAX_25_0002','Chandima',32,_binary '\0',149),(475,'CUS_25_0001_PAX_25_0002','Ruki',25,_binary '\0',150),(476,'CUS_25_0001_PAX_25_0001','Nipu',27,_binary '\0',150),(477,'CUS_25_0001','Dileesha',25,_binary '',150);
/*!40000 ALTER TABLE `bookingpassenger` ENABLE KEYS */;
UNLOCK TABLES;

--
-- Table structure for table `bookingstatus`
--

DROP TABLE IF EXISTS `bookingstatus`;
/*!40101 SET @saved_cs_client     = @@character_set_client */;
/*!50503 SET character_set_client = utf8mb4 */;
CREATE TABLE `bookingstatus` (
  `id` int NOT NULL AUTO_INCREMENT,
  `name` varchar(45) DEFAULT NULL,
  PRIMARY KEY (`id`)
) ENGINE=InnoDB AUTO_INCREMENT=11 DEFAULT CHARSET=utf8mb3;
/*!40101 SET character_set_client = @saved_cs_client */;

--
-- Dumping data for table `bookingstatus`
--

LOCK TABLES `bookingstatus` WRITE;
/*!40000 ALTER TABLE `bookingstatus` DISABLE KEYS */;
INSERT INTO `bookingstatus` VALUES (1,'Draft'),(2,'Pending'),(3,'Confirmed'),(4,'Partially Confirmed'),(5,'Cancelled'),(6,'Completed'),(7,'On Hold'),(8,'Expired'),(9,'Failed'),(10,'Refunded');
/*!40000 ALTER TABLE `bookingstatus` ENABLE KEYS */;
UNLOCK TABLES;

--
-- Table structure for table `bookingtour`
--

DROP TABLE IF EXISTS `bookingtour`;
/*!40101 SET @saved_cs_client     = @@character_set_client */;
/*!50503 SET character_set_client = utf8mb4 */;
CREATE TABLE `bookingtour` (
  `id` int NOT NULL AUTO_INCREMENT,
  `booking_id` int NOT NULL,
  `tourcontract_id` int NOT NULL,
  `totalamount` decimal(10,2) DEFAULT NULL,
  `suppliersamount` decimal(10,2) DEFAULT NULL,
  `bookingitemstatus_id` int NOT NULL,
  PRIMARY KEY (`id`),
  KEY `fk_bookingtour_booking1_idx` (`booking_id`),
  KEY `fk_bookingtour_bookingitemstatus1_idx` (`bookingitemstatus_id`),
  KEY `fk_bookingtour_tourcontract1_idx` (`tourcontract_id`),
  CONSTRAINT `fk_bookingtour_booking1` FOREIGN KEY (`booking_id`) REFERENCES `booking` (`id`),
  CONSTRAINT `fk_bookingtour_bookingitemstatus1` FOREIGN KEY (`bookingitemstatus_id`) REFERENCES `bookingitemstatus` (`id`),
  CONSTRAINT `fk_bookingtour_tourcontract1` FOREIGN KEY (`tourcontract_id`) REFERENCES `tourcontract` (`id`)
) ENGINE=InnoDB AUTO_INCREMENT=7 DEFAULT CHARSET=utf8mb3;
/*!40101 SET character_set_client = @saved_cs_client */;

--
-- Dumping data for table `bookingtour`
--

LOCK TABLES `bookingtour` WRITE;
/*!40000 ALTER TABLE `bookingtour` DISABLE KEYS */;
INSERT INTO `bookingtour` VALUES (1,131,12,9732.00,9000.00,3),(2,144,16,49940.00,49500.00,4),(3,145,13,8080.00,8000.00,4),(4,146,23,14400.00,13500.00,4),(5,147,22,20200.00,19000.00,4),(6,150,13,13360.00,13200.00,2);
/*!40000 ALTER TABLE `bookingtour` ENABLE KEYS */;
UNLOCK TABLES;

--
-- Table structure for table `bookingtransfer`
--

DROP TABLE IF EXISTS `bookingtransfer`;
/*!40101 SET @saved_cs_client     = @@character_set_client */;
/*!50503 SET character_set_client = utf8mb4 */;
CREATE TABLE `bookingtransfer` (
  `id` int NOT NULL AUTO_INCREMENT,
  `booking_id` int NOT NULL,
  `transfercontract_id` int NOT NULL,
  `discountamount` decimal(10,2) DEFAULT NULL,
  `totalamount` decimal(10,2) DEFAULT NULL,
  `supplieramount` decimal(10,2) DEFAULT NULL,
  `fromdatetime` datetime DEFAULT NULL,
  `todatetime` datetime DEFAULT NULL,
  `bookingitemstatus_id` int NOT NULL,
  PRIMARY KEY (`id`),
  KEY `fk_bookingtransfer_booking1_idx` (`booking_id`),
  KEY `fk_bookingtransfer_bookingitemstatus1_idx` (`bookingitemstatus_id`),
  KEY `fk_bookingtransfer_transfercontract1_idx` (`transfercontract_id`),
  CONSTRAINT `fk_bookingtransfer_booking1` FOREIGN KEY (`booking_id`) REFERENCES `booking` (`id`),
  CONSTRAINT `fk_bookingtransfer_bookingitemstatus1` FOREIGN KEY (`bookingitemstatus_id`) REFERENCES `bookingitemstatus` (`id`),
  CONSTRAINT `fk_bookingtransfer_transfercontract1` FOREIGN KEY (`transfercontract_id`) REFERENCES `transfercontract` (`id`)
) ENGINE=InnoDB AUTO_INCREMENT=19 DEFAULT CHARSET=utf8mb3;
/*!40101 SET character_set_client = @saved_cs_client */;

--
-- Dumping data for table `bookingtransfer`
--

LOCK TABLES `bookingtransfer` WRITE;
/*!40000 ALTER TABLE `bookingtransfer` DISABLE KEYS */;
INSERT INTO `bookingtransfer` VALUES (1,86,513,20.00,40480.00,40480.00,'2025-07-10 05:30:00','2025-07-12 00:00:00',3),(2,91,531,23.00,29977.00,29977.00,'2025-07-10 05:30:00','2025-07-12 00:00:00',3),(3,93,521,25.00,19975.00,19975.00,'2025-07-10 05:30:00','2025-07-12 00:00:00',2),(4,95,560,27.00,14973.00,14973.00,'2025-07-10 05:30:00','2025-07-12 00:00:00',1),(5,97,511,19.00,17981.00,17981.00,'2025-07-10 05:30:00','2025-07-12 00:00:00',2),(6,105,513,20.00,43180.00,43180.00,'2025-07-10 05:30:00','2025-07-12 00:00:00',2),(7,107,513,28.00,26972.00,26972.00,'2025-07-10 05:30:00','2025-07-12 00:00:00',3),(8,109,513,28.00,26972.00,26972.00,'2025-07-10 05:30:00','2025-07-12 00:00:00',3),(9,124,519,34.00,29966.00,29966.00,'2025-07-10 05:30:00','2025-07-12 00:00:00',3),(10,125,513,20.00,67480.00,67480.00,'2025-07-10 05:30:00','2025-07-12 00:00:00',3),(11,127,708,19440.00,61560.00,61560.00,'2025-07-10 05:30:00','2025-07-12 00:00:00',3),(12,128,740,7920.00,28080.00,28080.00,'2025-07-11 05:30:00','2025-07-12 00:00:00',3),(13,132,708,9.00,81105.00,80991.00,'2025-07-12 05:30:00','2025-07-31 05:30:00',4),(14,133,708,18.00,54058.00,53982.00,'2025-07-12 05:30:00','2025-07-31 05:30:00',4),(15,134,708,9733.68,30823.32,30766.32,'2025-07-13 05:30:00','2025-07-31 05:30:00',3),(16,1,708,16222.80,37853.20,37777.20,'2025-07-14 05:30:00','2025-07-31 05:30:00',3),(17,2,708,32445.60,102744.40,102554.40,'2025-07-14 05:30:00','2025-07-17 05:30:00',3),(18,1,708,19467.36,61646.64,61532.64,'2025-07-14 05:30:00','2025-07-19 05:30:00',2);
/*!40000 ALTER TABLE `bookingtransfer` ENABLE KEYS */;
UNLOCK TABLES;

--
-- Table structure for table `bookingtransferdetail`
--

DROP TABLE IF EXISTS `bookingtransferdetail`;
/*!40101 SET @saved_cs_client     = @@character_set_client */;
/*!50503 SET character_set_client = utf8mb4 */;
CREATE TABLE `bookingtransferdetail` (
  `id` int NOT NULL AUTO_INCREMENT,
  `bookingtransfer_id` int NOT NULL,
  `pickuplocation` varchar(45) DEFAULT NULL,
  `droplocation` varchar(45) DEFAULT NULL,
  `paxtype` varchar(45) DEFAULT NULL,
  `paxcount` int DEFAULT NULL,
  `totalamount` decimal(10,2) DEFAULT NULL,
  PRIMARY KEY (`id`),
  KEY `fk_bookingtransferdetail_bookingtransfer1_idx` (`bookingtransfer_id`),
  CONSTRAINT `fk_bookingtransferdetail_bookingtransfer1` FOREIGN KEY (`bookingtransfer_id`) REFERENCES `bookingtransfer` (`id`)
) ENGINE=InnoDB AUTO_INCREMENT=22 DEFAULT CHARSET=utf8mb3;
/*!40101 SET character_set_client = @saved_cs_client */;

--
-- Dumping data for table `bookingtransferdetail`
--

LOCK TABLES `bookingtransferdetail` WRITE;
/*!40000 ALTER TABLE `bookingtransferdetail` DISABLE KEYS */;
INSERT INTO `bookingtransferdetail` VALUES (1,1,NULL,NULL,'Adult',3,40500.00),(2,2,NULL,NULL,'Adult',3,30000.00),(3,3,NULL,NULL,'Adult',2,20000.00),(4,4,NULL,NULL,'Adult',2,15000.00),(5,5,NULL,NULL,'Adult',2,18000.00),(6,6,NULL,NULL,'Teen',4,43200.00),(7,7,NULL,NULL,'Adult',2,27000.00),(8,8,NULL,NULL,'Adult',2,27000.00),(9,9,NULL,NULL,'Adult',3,30000.00),(10,10,NULL,NULL,'Adult',5,67500.00),(11,11,'galle','galle','Teen',2,21600.00),(12,11,'galle','galle','Adult',3,40500.00),(13,11,'galle','galle','Child',2,18900.00),(14,12,'colombo','jaffna','Adult',2,20000.00),(15,12,'colombo','jaffna','Teen',2,16000.00),(16,13,'galle','matara','Adult',6,81114.00),(17,14,'galle','matara','Adult',4,54076.00),(18,15,'galle','matara','Adult',3,40557.00),(19,16,'galle','matara','Adult',4,54076.00),(20,17,'galle','matara','Adult',10,135190.00),(21,18,'galle','matara','Adult',6,81114.00);
/*!40000 ALTER TABLE `bookingtransferdetail` ENABLE KEYS */;
UNLOCK TABLES;

--
-- Table structure for table `cancellationscheme`
--

DROP TABLE IF EXISTS `cancellationscheme`;
/*!40101 SET @saved_cs_client     = @@character_set_client */;
/*!50503 SET character_set_client = utf8mb4 */;
CREATE TABLE `cancellationscheme` (
  `id` int NOT NULL AUTO_INCREMENT,
  `name` varchar(45) DEFAULT NULL,
  PRIMARY KEY (`id`)
) ENGINE=InnoDB AUTO_INCREMENT=6 DEFAULT CHARSET=utf8mb3;
/*!40101 SET character_set_client = @saved_cs_client */;

--
-- Dumping data for table `cancellationscheme`
--

LOCK TABLES `cancellationscheme` WRITE;
/*!40000 ALTER TABLE `cancellationscheme` DISABLE KEYS */;
INSERT INTO `cancellationscheme` VALUES (1,'Before 30 days'),(2,'Before 15 days'),(3,'Booking date'),(5,'After booking date');
/*!40000 ALTER TABLE `cancellationscheme` ENABLE KEYS */;
UNLOCK TABLES;

--
-- Table structure for table `city`
--

DROP TABLE IF EXISTS `city`;
/*!40101 SET @saved_cs_client     = @@character_set_client */;
/*!50503 SET character_set_client = utf8mb4 */;
CREATE TABLE `city` (
  `id` int NOT NULL AUTO_INCREMENT,
  `user_id` int NOT NULL,
  `code` varchar(18) NOT NULL,
  `name` varchar(45) DEFAULT NULL,
  `photo` varbinary(255) DEFAULT NULL,
  `district_id` int NOT NULL,
  `createdon` timestamp NULL DEFAULT NULL,
  `updatedon` timestamp NULL DEFAULT NULL,
  PRIMARY KEY (`id`),
  UNIQUE KEY `code_UNIQUE` (`code`),
  KEY `fk_city_distric1_idx` (`district_id`),
  KEY `fk_city_user1_idx` (`user_id`),
  CONSTRAINT `fk_city_district1` FOREIGN KEY (`district_id`) REFERENCES `district` (`id`),
  CONSTRAINT `fk_city_user1` FOREIGN KEY (`user_id`) REFERENCES `user` (`id`)
) ENGINE=InnoDB AUTO_INCREMENT=103 DEFAULT CHARSET=utf8mb3;
/*!40101 SET character_set_client = @saved_cs_client */;

--
-- Dumping data for table `city`
--

LOCK TABLES `city` WRITE;
/*!40000 ALTER TABLE `city` DISABLE KEYS */;
INSERT INTO `city` VALUES (1,6,'CTY_LK-1_CL-11_001','Colombo',NULL,1,'2025-03-20 18:16:10','2025-04-05 17:01:11'),(2,6,'CTY_LK-1_CL-11_002','Sri Jayawardenepura Kotte',NULL,1,'2025-03-21 18:16:10',NULL),(3,6,'CTY_LK-1_CL-11_003','Kaduwela',NULL,1,'2025-03-21 18:16:10',NULL),(4,6,'CTY_LK-1_CL-11_004','Dehiwala-Mount Lavinia',NULL,1,'2025-03-21 18:16:10',NULL),(5,6,'CTY_LK-1_CL-11_005','Pannipitiya',NULL,1,'2025-03-21 18:16:10',NULL),(6,6,'CTY_LK-1_CL-11_006','Ratmalana',NULL,1,'2025-03-21 18:16:10',NULL),(7,6,'CTY_LK-1_CL-11_007','Bambalapitiya',NULL,1,'2025-03-21 18:16:10',NULL),(8,6,'CTY_LK-1_CL-11_008','Thalawaththa',NULL,1,'2025-03-21 18:16:10',NULL),(9,6,'CTY_LK-1_CL-11_009','Narahenpita',NULL,1,'2025-03-21 18:16:10',NULL),(10,6,'CTY_LK-1_CL-11_010','Marawila',NULL,1,'2025-03-21 18:16:10',NULL),(11,6,'CTY_LK-1_GA-12_001','Negombo',NULL,2,'2025-03-21 18:16:10','2025-03-21 13:16:35'),(12,6,'CTY_LK-1_GA-12_002','Gampaha',NULL,2,'2025-03-21 18:16:10',NULL),(14,6,'CTY_LK-1_GA-12_003','Dehiwala-Mount Lavinia',NULL,2,'2025-03-21 18:16:10',NULL),(15,6,'CTY_LK-1_GA-12_004','Kaduwela',NULL,2,'2025-03-21 18:16:10',NULL),(16,6,'CTY_LK-1_KL-13_001','Kalutara',NULL,3,'2025-03-21 18:16:10',NULL),(17,6,'CTY_LK-1_KL-13_002','Panadura',NULL,3,'2025-03-21 18:16:10',NULL),(18,6,'CTY_LK-1_KL-13_003','Bentota',NULL,3,'2025-03-21 18:16:10',NULL),(19,6,'CTY_LK-1_KL-13_004','Thalawaththa',NULL,3,'2025-03-21 18:16:10',NULL),(20,6,'CTY_LK-1_KL-13_005','Negombo',NULL,3,'2025-03-21 18:16:10',NULL),(21,6,'CTY_LK-2_KN-21_001','Kandy',NULL,4,'2025-03-21 18:16:10',NULL),(22,6,'CTY_LK-2_KN-21_002','Peradeniya',NULL,4,'2025-03-21 18:16:10',NULL),(23,6,'CTY_LK-2_KN-21_003','Kundasagara',NULL,4,'2025-03-21 18:16:10',NULL),(24,6,'CTY_LK-2_KN-21_004','Mahaweli',NULL,4,'2025-03-21 18:16:10',NULL),(25,6,'CTY_LK-2_KN-21_005','Asgiriya',NULL,4,'2025-03-21 18:16:10',NULL),(26,6,'CTY_LK-2_ML-22_001','Matale',NULL,5,'2025-03-21 18:16:10',NULL),(27,6,'CTY_LK-2_ML-22_002','Dambulla',NULL,5,'2025-03-21 18:16:10',NULL),(28,6,'CTY_LK-2_ML-22_003','Polonnaruwa',NULL,5,'2025-03-21 18:16:10',NULL),(29,6,'CTY_LK-2_ML-22_004','Madatota',NULL,5,'2025-03-21 18:16:10',NULL),(30,6,'CTY_LK-2_ML-22_005','Mahaweli',NULL,5,'2025-03-21 18:16:10',NULL),(31,6,'CTY_LK-2_NE-23_001','Nuwara Eliya',NULL,6,'2025-03-21 18:16:10',NULL),(32,6,'CTY_LK-2_NE-23_002','Haputale',NULL,6,'2025-03-21 18:16:10',NULL),(33,6,'CTY_LK-2_NE-23_003','Nanuoya',NULL,6,'2025-03-21 18:16:10',NULL),(34,6,'CTY_LK-2_NE-23_004','Udawala',NULL,6,'2025-03-21 18:16:10',NULL),(35,6,'CTY_LK-2_NE-23_005','Bandarawela',NULL,6,'2025-03-21 18:16:10',NULL),(36,6,'CTY_LK-3_GA-31_001','Galle',NULL,7,'2025-03-21 18:16:10',NULL),(37,6,'CTY_LK-3_GA-31_002','Hikkaduwa',NULL,7,'2025-03-21 18:16:10',NULL),(38,6,'CTY_LK-3_GA-31_003','Weligama',NULL,7,'2025-03-21 18:16:10',NULL),(39,6,'CTY_LK-3_GA-31_004','Unawatuna',NULL,7,'2025-03-21 18:16:10',NULL),(40,6,'CTY_LK-3_GA-31_005','Mirissa',NULL,7,'2025-03-21 18:16:10',NULL),(41,6,'CTY_LK-3_GA-31_006','Tangalle',NULL,7,'2025-03-21 18:16:10',NULL),(42,6,'CTY_LK-3_MT-32_001','Matara',NULL,8,'2025-03-21 18:16:10',NULL),(43,6,'CTY_LK-3_MT-32_002','Tissa',NULL,8,'2025-03-21 18:16:10',NULL),(44,6,'CTY_LK-3_MT-32_003','Kataragama',NULL,8,'2025-03-21 18:16:10',NULL),(45,6,'CTY_LK-3_MT-32_004','Dikwella',NULL,8,'2025-03-21 18:16:10',NULL),(46,6,'CTY_LK-3_HM-33_001','Hambantota',NULL,9,'2025-03-21 18:16:10',NULL),(48,6,'CTY_LK-3_HM-33_002','Tissa',NULL,9,'2025-03-21 18:16:10',NULL),(49,6,'CTY_LK-3_HM-33_003','Kataragama',NULL,9,'2025-03-21 18:16:10',NULL),(50,6,'CTY_LK-3_HM-33_004','Dikwella',NULL,9,'2025-03-21 18:16:10',NULL),(51,6,'CTY_LK-3_HM-33_005','Palatuwa',NULL,9,'2025-03-21 18:16:10',NULL),(52,6,'CTY_LK-6_KU-61_001','Kurunegala',NULL,18,'2025-03-21 18:16:10',NULL),(53,6,'CTY_LK-6_KU-61_002','Mahaweli',NULL,18,'2025-03-21 18:16:10',NULL),(54,6,'CTY_LK-6_KU-61_003','Polonnaruwa',NULL,18,'2025-03-21 18:16:10',NULL),(55,6,'CTY_LK-6_KU-61_004','Dambulla',NULL,18,'2025-03-21 18:16:10',NULL),(56,6,'CTY_LK-6_PU-62_001','Puttalam',NULL,19,'2025-03-21 18:16:10',NULL),(57,6,'CTY_LK-6_PU-62_002','Chilaw',NULL,19,'2025-03-21 18:16:10',NULL),(58,6,'CTY_LK-6_PU-62_003','Anuradhapura',NULL,19,'2025-03-21 18:16:10',NULL),(59,6,'CTY_LK-7_AN-71_001','Anuradhapura',NULL,20,'2025-03-21 18:16:10',NULL),(60,6,'CTY_LK-7_AN-71_002','Polonnaruwa',NULL,20,'2025-03-21 18:16:10',NULL),(61,6,'CTY_LK-7_AN-71_003','Mihintale',NULL,20,'2025-03-21 18:16:10',NULL),(62,6,'CTY_LK-7_AN-71_004','Dambulla',NULL,20,'2025-03-21 18:16:10',NULL),(63,6,'CTY_LK-7_PO-72_001','Polonnaruwa',NULL,21,'2025-03-21 18:16:10',NULL),(64,6,'CTY_LK-7_PO-72_002','Mihintale',NULL,21,'2025-03-21 18:16:10',NULL),(65,6,'CTY_LK-7_PO-72_003','Dambulla',NULL,21,'2025-03-21 18:16:10',NULL),(66,6,'CTY_LK-4_JF-41_001','Jaffna',NULL,10,'2025-03-21 18:16:10',NULL),(67,6,'CTY_LK-4_JF-41_002','Vavuniya',NULL,10,'2025-03-21 18:16:10',NULL),(68,6,'CTY_LK-4_JF-41_003','Kilinochchi',NULL,10,'2025-03-21 18:16:10',NULL),(69,6,'CTY_LK-4_JF-41_004','Mannar',NULL,10,'2025-03-21 18:16:10',NULL),(70,6,'CTY_LK-4_VA-43_001','Vavuniya',NULL,12,'2025-03-21 18:16:10',NULL),(71,6,'CTY_LK-4_VA-43_002','Kilinochchi',NULL,12,'2025-03-21 18:16:10',NULL),(72,6,'CTY_LK-4_VA-43_003','Mannar',NULL,12,'2025-03-21 18:16:10',NULL),(73,6,'CTY_LK-4_KI-45_001','Kilinochchi',NULL,14,'2025-03-21 18:16:10',NULL),(74,6,'CTY_LK-4_KI-45_002','Mannar',NULL,14,'2025-03-21 18:16:10',NULL),(75,6,'CTY_LK-4_MN-24_001','Mannar',NULL,11,'2025-03-21 18:16:10',NULL),(76,6,'CTY_LK-5_BA-51_001','Batticaloa',NULL,15,'2025-03-21 18:16:10',NULL),(77,6,'CTY_LK-5_BA-51_002','Trincomalee',NULL,15,'2025-03-21 18:16:10',NULL),(78,6,'CTY_LK-5_BA-51_003','Ampara',NULL,15,'2025-03-21 18:16:10',NULL),(79,6,'CTY_LK-5_BA-51_004','Pasikuda',NULL,15,'2025-03-21 18:16:10',NULL),(80,6,'CTY_LK-5_TR-53_001','Trincomalee',NULL,17,'2025-03-21 18:16:10',NULL),(81,6,'CTY_LK-5_TR-53_002','Batticaloa',NULL,17,'2025-03-21 18:16:10',NULL),(82,6,'CTY_LK-5_TR-53_003','Ampara',NULL,17,'2025-03-21 18:16:10',NULL),(83,6,'CTY_LK-5_TR-53_004','Pasikuda',NULL,17,'2025-03-21 18:16:10',NULL),(84,6,'CTY_LK-5_AM-52_001','Ampara',NULL,16,'2025-03-21 18:16:10',NULL),(85,6,'CTY_LK-5_AM-52_002','Batticaloa',NULL,16,'2025-03-21 18:16:10',NULL),(86,6,'CTY_LK-5_AM-52_003','Trincomalee',NULL,16,'2025-03-21 18:16:10',NULL),(87,6,'CTY_LK-5_AM-52_004','Pasikuda',NULL,16,'2025-03-21 18:16:10',NULL),(88,6,'CTY_LK-8_BA-81_001','Badulla',NULL,22,'2025-03-21 18:16:10',NULL),(89,6,'CTY_LK-8_BA-81_002','Bandarawela',NULL,22,'2025-03-21 18:16:10',NULL),(90,6,'CTY_LK-8_BA-81_003','Haputale',NULL,22,'2025-03-21 18:16:10',NULL),(91,6,'CTY_LK-8_BA-81_004','Nuwara Eliya',NULL,22,'2025-03-21 18:16:10',NULL),(92,6,'CTY_LK-8_MO-82_001','Moneragala',NULL,23,'2025-03-21 18:16:10',NULL),(93,6,'CTY_LK-8_MO-82_002','Bandarawela',NULL,23,'2025-03-21 18:16:10',NULL),(94,6,'CTY_LK-8_MO-82_003','Haputale',NULL,23,'2025-03-21 18:16:10',NULL),(95,6,'CTY_LK-9_RA-91_001','Ratnapura',NULL,24,'2025-03-21 18:16:10',NULL),(96,6,'CTY_LK-9_RA-91_002','Kegalle',NULL,24,'2025-03-21 18:16:10',NULL),(97,6,'CTY_LK-9_RA-91_003','Kitulgala',NULL,24,'2025-03-21 18:16:10',NULL),(98,6,'CTY_LK-9_RA-91_004','Embekka',NULL,24,'2025-03-21 18:16:10',NULL),(99,6,'CTY_LK-9_KE-92_001','Kegalle',NULL,25,'2025-03-21 18:16:10',NULL),(100,6,'CTY_LK-9_KE-92_002','Kitulgala',NULL,25,'2025-03-21 18:16:10',NULL),(101,6,'CTY_LK-9_KE-92_003','Embekka',NULL,25,'2025-03-21 18:16:10',NULL);
/*!40000 ALTER TABLE `city` ENABLE KEYS */;
UNLOCK TABLES;

--
-- Table structure for table `currency`
--

DROP TABLE IF EXISTS `currency`;
/*!40101 SET @saved_cs_client     = @@character_set_client */;
/*!50503 SET character_set_client = utf8mb4 */;
CREATE TABLE `currency` (
  `id` int NOT NULL AUTO_INCREMENT,
  `name` varchar(45) DEFAULT NULL,
  PRIMARY KEY (`id`)
) ENGINE=InnoDB AUTO_INCREMENT=6 DEFAULT CHARSET=utf8mb3;
/*!40101 SET character_set_client = @saved_cs_client */;

--
-- Dumping data for table `currency`
--

LOCK TABLES `currency` WRITE;
/*!40000 ALTER TABLE `currency` DISABLE KEYS */;
INSERT INTO `currency` VALUES (1,'Sri Lankan rupee - LKR'),(2,'Indian rupee - INR'),(3,'	United States dollar - USD'),(5,'Euro - EUR');
/*!40000 ALTER TABLE `currency` ENABLE KEYS */;
UNLOCK TABLES;

--
-- Table structure for table `customer`
--

DROP TABLE IF EXISTS `customer`;
/*!40101 SET @saved_cs_client     = @@character_set_client */;
/*!50503 SET character_set_client = utf8mb4 */;
CREATE TABLE `customer` (
  `id` int NOT NULL AUTO_INCREMENT,
  `code` varchar(11) DEFAULT NULL,
  `fullname` varchar(100) DEFAULT NULL,
  `callingname` varchar(45) DEFAULT NULL,
  `dobirth` date DEFAULT NULL,
  `description` tinytext,
  `user_id` int NOT NULL,
  `residenttype_id` int NOT NULL,
  `createdon` timestamp NULL DEFAULT NULL,
  `updatedon` timestamp NULL DEFAULT NULL,
  `gender_id` int NOT NULL,
  PRIMARY KEY (`id`),
  KEY `fk_customer_user1_idx` (`user_id`),
  KEY `fk_customer_residenttype1_idx` (`residenttype_id`),
  KEY `fk_customer_gender1_idx` (`gender_id`),
  CONSTRAINT `fk_customer_gender1` FOREIGN KEY (`gender_id`) REFERENCES `gender` (`id`),
  CONSTRAINT `fk_customer_residenttype1` FOREIGN KEY (`residenttype_id`) REFERENCES `residenttype` (`id`),
  CONSTRAINT `fk_customer_user1` FOREIGN KEY (`user_id`) REFERENCES `user` (`id`)
) ENGINE=InnoDB AUTO_INCREMENT=16 DEFAULT CHARSET=utf8mb3;
/*!40101 SET character_set_client = @saved_cs_client */;

--
-- Dumping data for table `customer`
--

LOCK TABLES `customer` WRITE;
/*!40000 ALTER TABLE `customer` DISABLE KEYS */;
INSERT INTO `customer` VALUES (3,'CUS_25_0001','Dileesha Rukmal Ekanayake','Dileesha','2000-03-24','Sample test 4',6,1,'2025-05-29 13:32:07','2025-07-01 10:12:40',1),(4,'CUS_25_0002','Sunil Nishantha Perera','Sunil','1990-02-28','Sample Client 2',6,1,'2025-07-01 12:20:15','2025-07-16 12:39:09',1),(6,'CUS_25_0003','Saman Kumara Perera','Saman','1985-07-15','Adventure enthusiast',6,1,'2025-07-18 12:03:14','2025-07-18 12:03:14',1),(7,'CUS_25_0004','Priya Fernando','Priya','1990-12-10','Nature lover',6,1,'2025-07-18 12:03:34','2025-07-18 12:03:34',2),(8,'CUS_25_0005','Rohan Silva','Rohan','1982-05-20','History buff',6,1,'2025-07-18 12:04:04','2025-07-18 12:04:04',1),(9,'CUS_25_0006','Nalini Wijesinghe','Nalini','1988-09-05','Beach lover',6,1,'2025-07-18 12:04:19','2025-07-18 12:04:19',2),(10,'CUS_25_0007','Kamal Jayawardena','Kamal','1975-03-12','Wildlife enthusiast',6,1,'2025-07-18 12:04:34','2025-07-18 12:04:34',1),(11,'CUS_25_0008','Deepika Ratnayake','Deepika','1995-11-18','Culture explorer',6,1,'2025-07-18 12:04:56','2025-07-18 12:04:56',2),(12,'CUS_25_0009','Sunil Perera','Sunil','1980-06-25','Tea plantation lover',6,1,'2025-07-18 12:05:12','2025-07-18 12:05:12',1),(13,'CUS_25_0010','Anusha De Silva','Anusha','1992-04-30','Foodie traveler',6,1,'2025-07-18 12:05:29','2025-07-18 12:05:29',2),(14,'CUS_25_0011','Ravi Bandara','Ravi','1987-08-15','Mountain hiker',6,1,'2025-07-18 12:05:49','2025-07-18 12:05:49',1),(15,'CUS_25_0012','Lakmini Senanayake','Lakmini','1993-10-22','Art and culture enthusiast',6,1,'2025-07-18 12:06:15','2025-07-18 12:06:15',2);
/*!40000 ALTER TABLE `customer` ENABLE KEYS */;
UNLOCK TABLES;

--
-- Table structure for table `customer_contact`
--

DROP TABLE IF EXISTS `customer_contact`;
/*!40101 SET @saved_cs_client     = @@character_set_client */;
/*!50503 SET character_set_client = utf8mb4 */;
CREATE TABLE `customer_contact` (
  `id` int NOT NULL AUTO_INCREMENT,
  `mobile` varchar(10) DEFAULT NULL,
  `land` varchar(10) DEFAULT NULL,
  `emergency_contact_number` varchar(10) DEFAULT NULL,
  `email` varchar(100) DEFAULT NULL,
  `address_line1` varchar(100) DEFAULT NULL,
  `address_line2` varchar(100) DEFAULT NULL,
  `postal_code` varchar(45) DEFAULT NULL,
  `country` varchar(45) DEFAULT NULL,
  `city` varchar(45) DEFAULT NULL,
  `customer_id` int NOT NULL,
  PRIMARY KEY (`id`),
  KEY `fk_customer_contact_customer1_idx` (`customer_id`),
  CONSTRAINT `fk_customer_contact_customer1` FOREIGN KEY (`customer_id`) REFERENCES `customer` (`id`)
) ENGINE=InnoDB AUTO_INCREMENT=28 DEFAULT CHARSET=utf8mb3;
/*!40101 SET character_set_client = @saved_cs_client */;

--
-- Dumping data for table `customer_contact`
--

LOCK TABLES `customer_contact` WRITE;
/*!40000 ALTER TABLE `customer_contact` DISABLE KEYS */;
INSERT INTO `customer_contact` VALUES (16,'0768348418','0123466789','0768348418','dileesha65@gmai.com','E/45/2 , Udagama, Ganthuna','Test','71222','Sri Lanka','Kegalle',3),(17,'0778859458','0354512545','0784512258','sunil@gmail.com','Colombo Road','Maradana','10000','Sri Lanka','Colombo',4),(18,'0712345678','0113456789','0712345678','samanp@gmail.com','No 12, Main Street, Kandy','Near Temple','20000','Sri Lanka','Kandy',6),(19,'0778901234','0115678901','0778901234','priyafernando@gmail.com','No 25, Lake Road, Colombo','Near Park','00300','Sri Lanka','Colombo',7),(20,'0711122334','0116789012','0711122334','rohansilva@gmail.com','No 8, High Street, Galle','Near Fort','80000','Sri Lanka','Galle',8),(21,'0772233445','0117890123','0772233445','naliniw@gmail.com','No 15, Sea Road, Negombo','Near Beach','11500','Sri Lanka','Negombo',9),(22,'0713344556','0118901234','0713344556','kamalj@gmail.com','No 10, Jungle Road, Sigiriya','Near Reserve','21120','Sri Lanka','Sigiriya',10),(23,'0774455667','0119012345','0774455667','deepikar@gmail.com','No 5, Temple Road, Anuradhapura','Near Dagoba','50000','Sri Lanka','Anuradhapura',11),(24,'0715566778','0110123456','0715566778','sunilp@gmail.com','No 3, Tea Estate Road, Nuwara Eliya','Near Factory','22200','Sri Lanka','Nuwara Eliya',12),(25,'0776677889','0111234567','0776677889','anushads@gmail.com','No 7, Food Street, Matara','Near Market','81000','Sri Lanka','Matara',13),(26,'0717788990','0112345678','0717788990','ravib@gmail.com','No 12, Hill Road, Ella','Near Waterfall','90900','Sri Lanka','Ella',14),(27,'0778899001','0113456799','0778899001','lakminis@gmail.com','No 9, Art Lane, Polonnaruwa','Near Museum','51000','Sri Lanka','Polonnaruwa',15);
/*!40000 ALTER TABLE `customer_contact` ENABLE KEYS */;
UNLOCK TABLES;

--
-- Table structure for table `customer_identity`
--

DROP TABLE IF EXISTS `customer_identity`;
/*!40101 SET @saved_cs_client     = @@character_set_client */;
/*!50503 SET character_set_client = utf8mb4 */;
CREATE TABLE `customer_identity` (
  `id` int NOT NULL AUTO_INCREMENT,
  `nic` varchar(15) DEFAULT NULL,
  `passport_no` varchar(9) DEFAULT NULL,
  `passport_expiry_date` date DEFAULT NULL,
  `customer_id` int NOT NULL,
  PRIMARY KEY (`id`),
  KEY `fk_customer_identity_customer1_idx` (`customer_id`),
  CONSTRAINT `fk_customer_identity_customer1` FOREIGN KEY (`customer_id`) REFERENCES `customer` (`id`)
) ENGINE=InnoDB AUTO_INCREMENT=28 DEFAULT CHARSET=utf8mb3;
/*!40101 SET character_set_client = @saved_cs_client */;

--
-- Dumping data for table `customer_identity`
--

LOCK TABLES `customer_identity` WRITE;
/*!40000 ALTER TABLE `customer_identity` DISABLE KEYS */;
INSERT INTO `customer_identity` VALUES (16,'200008402775','123456789','2025-06-10',3),(17,'200008402778','123456987','2029-06-05',4),(18,'198507152345','987654321','2026-08-20',6),(19,'199012101234','456789123','2027-01-15',7),(20,'198205201234','789123456','2026-06-30',8),(21,'198809051234','321654987','2027-10-25',9),(22,'197503121234','654321789','2026-04-10',10),(23,'199511181234','147258369','2027-12-05',11),(24,'198006251234','369258147','2026-07-15',12),(25,'199204301234','258147369','2027-05-20',13),(26,'198708151234','741852963','2026-09-10',14),(27,'199310221234','963852741','2027-11-30',15);
/*!40000 ALTER TABLE `customer_identity` ENABLE KEYS */;
UNLOCK TABLES;

--
-- Table structure for table `customerpayment`
--

DROP TABLE IF EXISTS `customerpayment`;
/*!40101 SET @saved_cs_client     = @@character_set_client */;
/*!50503 SET character_set_client = utf8mb4 */;
CREATE TABLE `customerpayment` (
  `id` int NOT NULL AUTO_INCREMENT,
  `user_id` int NOT NULL,
  `code` varchar(45) DEFAULT NULL,
  `date` date DEFAULT NULL,
  `previousamount` decimal(10,2) DEFAULT NULL,
  `paidamount` decimal(10,2) DEFAULT NULL,
  `balance` decimal(10,2) DEFAULT NULL,
  `booking_id` int NOT NULL,
  `customer_id` int NOT NULL,
  `paymenttype_id` int NOT NULL,
  `createdon` timestamp NULL DEFAULT NULL,
  `updatedon` timestamp NULL DEFAULT NULL,
  PRIMARY KEY (`id`),
  KEY `fk_customerpayment_booking1_idx` (`booking_id`),
  KEY `fk_customerpayment_customer1_idx` (`customer_id`),
  KEY `fk_customerpayment_paymenttype1_idx` (`paymenttype_id`),
  KEY `fk_customerpayment_user1_idx` (`user_id`),
  CONSTRAINT `fk_customerpayment_booking1` FOREIGN KEY (`booking_id`) REFERENCES `booking` (`id`),
  CONSTRAINT `fk_customerpayment_customer1` FOREIGN KEY (`customer_id`) REFERENCES `customer` (`id`),
  CONSTRAINT `fk_customerpayment_paymenttype1` FOREIGN KEY (`paymenttype_id`) REFERENCES `paymenttype` (`id`),
  CONSTRAINT `fk_customerpayment_user1` FOREIGN KEY (`user_id`) REFERENCES `user` (`id`)
) ENGINE=InnoDB AUTO_INCREMENT=181 DEFAULT CHARSET=utf8mb3;
/*!40101 SET character_set_client = @saved_cs_client */;

--
-- Dumping data for table `customerpayment`
--

LOCK TABLES `customerpayment` WRITE;
/*!40000 ALTER TABLE `customerpayment` DISABLE KEYS */;
INSERT INTO `customerpayment` VALUES (49,6,'CUS_25_0001-PAY_25_001','2025-04-23',4492.00,4092.00,400.00,44,3,1,'2025-04-22 18:30:00','2025-07-09 14:30:47'),(50,6,'CUS_25_0001-PAY_25_002','2025-03-30',2928.00,2000.00,0.00,45,3,2,'2025-03-29 18:30:00','2025-07-09 12:28:06'),(51,6,'CUS_25_0001-PAY_25_003','2025-04-04',1587.00,1587.00,0.00,46,3,2,'2025-04-03 18:30:00','2025-07-09 15:31:12'),(52,6,'CUS_25_0001-PAY_25_004','2025-05-20',2762.00,2000.00,0.00,47,3,1,'2025-05-19 18:30:00','2025-07-09 15:33:12'),(53,6,'CUS_25_0001-PAY_25_005','2025-05-26',2624.00,2000.00,0.00,48,3,1,'2025-05-25 18:30:00','2025-07-09 15:36:03'),(54,6,'CUS_25_0001-PAY_25_006','2025-05-08',8884.00,8884.00,0.00,49,3,2,'2025-05-07 18:30:00','2025-07-09 15:37:55'),(55,6,'CUS_25_0001-PAY_25_007','2025-05-07',3014.00,3014.00,0.00,50,3,1,'2025-05-06 18:30:00','2025-07-09 15:39:38'),(56,6,'CUS_25_0001-PAY_25_008','2025-04-26',400.00,200.00,0.00,44,3,2,'2025-04-25 18:30:00','2025-07-09 15:41:32'),(57,6,'CUS_25_0001-PAY_25_009','2025-05-24',2768.00,2768.00,0.00,51,3,1,'2025-05-23 18:30:00','2025-07-10 07:27:34'),(58,6,'CUS_25_0001-PAY_25_010','2025-04-30',232.00,232.00,0.00,52,3,2,'2025-04-29 18:30:00','2025-07-10 07:33:50'),(59,6,'CUS_25_0001-PAY_25_011','2025-05-17',512.00,512.00,0.00,53,3,1,'2025-05-16 18:30:00','2025-07-10 07:41:42'),(60,6,'CUS_25_0001-PAY_25_012','2025-05-11',14973.00,10000.00,0.00,54,3,2,'2025-05-10 18:30:00','2025-07-10 09:54:13'),(61,6,'CUS_25_0001-PAY_25_013','2025-05-21',18914.00,18914.00,0.00,55,3,2,'2025-05-20 18:30:00','2025-07-10 11:07:36'),(62,6,'CUS_25_0001-PAY_25_014','2025-04-30',592.00,592.00,0.00,56,3,1,'2025-04-29 18:30:00','2025-07-10 11:18:26'),(63,6,'CUS_25_0001-PAY_25_015','2025-05-13',17970.00,17970.00,0.00,57,3,1,'2025-05-12 18:30:00','2025-07-10 11:19:15'),(64,6,'CUS_25_0001-PAY_25_016','2025-05-06',26976.00,17000.00,0.00,58,3,1,'2025-05-05 18:30:00','2025-07-10 11:20:30'),(65,6,'CUS_25_0001-PAY_25_017','2025-06-10',84983.00,84983.00,0.00,59,3,1,'2025-06-09 18:30:00','2025-07-10 11:22:45'),(66,6,'CUS_25_0001-PAY_25_018','2025-06-13',2688.00,2688.00,0.00,60,3,1,'2025-06-12 18:30:00','2025-07-10 11:28:26'),(67,6,'CUS_25_0001-PAY_25_019','2025-06-02',26960.00,25000.00,0.00,61,3,2,'2025-06-01 18:30:00','2025-07-10 11:29:30'),(68,6,'CUS_25_0001-PAY_25_020','2025-06-02',932.00,932.00,0.00,62,3,1,'2025-06-01 18:30:00','2025-07-10 12:14:53'),(69,6,'CUS_25_0002-PAY_25_001','2025-06-16',17968.00,17968.00,0.00,63,4,2,'2025-06-15 18:30:00','2025-07-10 12:15:53'),(70,6,'CUS_25_0001-PAY_25_021','2025-06-11',3089.00,2000.00,0.00,64,3,1,'2025-06-10 18:30:00','2025-07-10 12:17:16'),(71,6,'CUS_25_0002-PAY_25_002','2025-06-12',36432.00,36432.00,0.00,65,4,1,'2025-06-11 18:30:00','2025-07-10 12:17:59'),(72,6,'CUS_25_0001-PAY_25_022','2025-05-31',1118.00,1118.00,0.00,66,3,1,'2025-05-30 18:30:00','2025-07-10 12:23:52'),(73,6,'CUS_25_0002-PAY_25_003','2025-06-05',26974.00,26974.00,0.00,67,4,1,'2025-06-04 18:30:00','2025-07-10 12:24:47'),(74,6,'CUS_25_0001-PAY_25_023','2025-06-22',1198.00,1198.00,0.00,68,3,1,'2025-06-21 18:30:00','2025-07-10 12:38:09'),(75,6,'CUS_25_0002-PAY_25_004','2025-06-26',17912.00,17912.00,0.00,69,4,1,'2025-06-25 18:30:00','2025-07-10 12:38:58'),(76,6,'CUS_25_0001-PAY_25_024','2025-06-25',3028.00,3028.00,0.00,70,3,1,'2025-06-24 18:30:00','2025-07-10 12:40:15'),(77,6,'CUS_25_0002-PAY_25_005','2025-06-08',40466.00,40466.00,0.00,71,4,1,'2025-06-07 18:30:00','2025-07-10 12:41:34'),(78,6,'CUS_25_0001-PAY_25_025','2025-06-07',576.00,576.00,0.00,72,3,1,'2025-06-06 18:30:00','2025-07-10 12:43:48'),(79,6,'CUS_25_0001-PAY_25_026','2025-06-16',858.00,858.00,0.00,73,3,1,'2025-06-15 18:30:00','2025-07-10 12:45:56'),(80,6,'CUS_25_0001-PAY_25_027','2025-06-05',2594.00,2594.00,0.00,74,3,1,'2025-06-04 18:30:00','2025-07-10 12:48:04'),(81,6,'CUS_25_0002-PAY_25_006','2025-06-11',26968.00,20000.00,0.00,75,4,1,'2025-06-10 18:30:00','2025-07-10 12:48:43'),(82,6,'CUS_25_0001-PAY_25_028','2025-06-08',1198.00,1198.00,0.00,76,3,1,'2025-06-07 18:30:00','2025-07-10 12:53:47'),(83,6,'CUS_25_0002-PAY_25_007','2025-07-18',26968.00,26968.00,0.00,77,4,1,'2025-07-17 18:30:48','2025-07-10 12:54:25'),(84,6,'CUS_25_0001-PAY_25_029','2025-07-07',4443.00,4443.00,0.00,78,3,1,'2025-07-06 18:30:00','2025-07-10 12:57:15'),(85,6,'CUS_25_0001-PAY_25_030','2025-07-18',26928.00,26928.00,0.00,79,3,1,'2025-07-17 18:30:00','2025-07-10 12:57:53'),(86,6,'CUS_25_0001-PAY_25_031','2025-07-04',932.00,932.00,0.00,85,3,2,'2025-07-03 18:30:00','2025-07-10 13:32:00'),(87,6,'CUS_25_0001-PAY_25_032','2025-07-18',40480.00,40000.00,0.00,86,3,1,'2025-07-17 18:30:48','2025-07-10 13:43:10'),(88,6,'CUS_25_0001-PAY_25_033','2025-07-18',400.00,400.00,0.00,87,3,1,'2025-07-17 18:30:48','2025-07-10 13:44:10'),(89,6,'CUS_25_0001-PAY_25_034','2025-07-15',1118.00,1118.00,0.00,90,3,1,'2025-07-14 18:30:00','2025-07-10 14:09:26'),(90,6,'CUS_25_0001-PAY_25_035','2025-07-10',29908.00,29908.00,0.00,91,3,1,'2025-07-09 18:30:00','2025-07-10 14:10:40'),(91,6,'CUS_25_0001-PAY_25_036','2025-07-07',1118.00,1118.00,0.00,92,3,1,'2025-07-06 18:30:00','2025-07-10 14:38:15'),(92,6,'CUS_25_0002-PAY_25_008','2025-07-08',19900.00,19900.00,0.00,93,4,1,'2025-07-07 18:30:00','2025-07-10 14:39:03'),(93,6,'CUS_25_0001-PAY_25_037','2025-07-17',1118.00,1118.00,0.00,94,3,1,'2025-07-16 18:30:00','2025-07-10 14:42:08'),(94,6,'CUS_25_0001-PAY_25_038','2025-07-14',14892.00,14000.00,0.00,95,3,1,'2025-07-13 18:30:00','2025-07-10 14:43:51'),(95,6,'CUS_25_0001-PAY_25_039','2025-07-05',1884.00,1000.00,0.00,96,3,1,'2025-07-04 18:30:00','2025-07-10 14:48:49'),(96,6,'CUS_25_0001-PAY_25_040','2025-07-18',17924.00,17924.00,0.00,97,3,2,'2025-07-17 18:30:48','2025-07-10 14:51:38'),(97,6,'CUS_25_0001-PAY_25_041','2025-07-18',0.00,1092.00,0.00,98,3,1,'2025-07-17 18:30:48','2025-07-10 14:53:25'),(98,6,'CUS_25_0001-PAY_25_042','2025-07-18',0.00,428.00,0.00,99,3,2,'2025-07-17 18:30:48','2025-07-10 14:54:02'),(99,6,'CUS_25_0001-PAY_25_043','2025-07-18',0.00,7842.00,0.00,100,3,1,'2025-07-17 18:30:48','2025-07-10 15:16:28'),(100,6,'CUS_25_0001-PAY_25_043','2025-07-18',0.00,7842.00,0.00,100,3,1,'2025-07-17 18:30:48','2025-07-10 15:16:28'),(101,6,'CUS_25_0001-PAY_25_044','2025-07-18',0.00,12338.00,0.00,101,3,1,'2025-07-17 18:30:48','2025-07-10 15:17:10'),(102,6,'CUS_25_0001-PAY_25_045','2025-07-18',3866.00,3500.00,0.00,102,3,1,'2025-07-17 18:30:48','2025-07-10 15:22:45'),(103,6,'CUS_25_0001-PAY_25_046','2025-07-18',2048.00,2048.00,0.00,103,3,2,'2025-07-17 18:30:48','2025-07-10 15:24:29'),(104,6,'CUS_25_0001-PAY_25_047','2025-07-18',0.00,4025.00,0.00,104,3,1,'2025-07-17 18:30:48','2025-07-10 15:26:55'),(105,6,'CUS_25_0001-PAY_25_048','2025-07-18',43120.00,43120.00,0.00,105,3,1,'2025-07-17 18:30:48','2025-07-10 15:28:58'),(106,6,'CUS_25_0001-PAY_25_049','2025-07-18',836.00,836.00,0.00,106,3,1,'2025-07-17 18:30:48','2025-07-10 15:36:51'),(107,6,'CUS_25_0001-PAY_25_050','2025-07-18',26888.00,20000.00,0.00,107,3,1,'2025-07-17 18:30:48','2025-07-10 15:38:50'),(108,6,'CUS_25_0001-PAY_25_051','2025-07-18',1032.00,1032.00,0.00,108,3,1,'2025-07-17 18:30:48','2025-07-10 15:47:55'),(109,6,'CUS_25_0001-PAY_25_052','2025-07-18',26888.00,20000.00,0.00,109,3,1,'2025-07-17 18:30:48','2025-07-10 15:49:28'),(110,6,'CUS_25_0001-PAY_25_053','2025-07-18',1672.00,1627.00,0.00,110,3,1,'2025-07-17 18:30:48','2025-07-10 16:08:41'),(111,6,'CUS_25_0001-PAY_25_054','2025-07-18',2036.00,2036.00,0.00,111,3,2,'2025-07-17 18:30:48','2025-07-10 16:09:19'),(112,6,'CUS_25_0001-PAY_25_055','2025-07-18',3563.00,3000.00,0.00,112,3,1,'2025-07-17 18:30:48','2025-07-10 16:11:17'),(113,6,'CUS_25_0001-PAY_25_056','2025-07-18',672.00,672.00,0.00,113,3,2,'2025-07-17 18:30:48','2025-07-10 16:11:59'),(114,6,'CUS_25_0001-PAY_25_057','2025-07-18',6251.00,6251.00,0.00,114,3,1,'2025-07-17 18:30:48','2025-07-10 16:13:57'),(115,6,'CUS_25_0001-PAY_25_058','2025-07-18',736.00,736.00,0.00,115,3,1,'2025-07-17 18:30:48','2025-07-10 16:21:11'),(116,6,'CUS_25_0001-PAY_25_059','2025-07-18',600.00,600.00,0.00,116,3,2,'2025-07-17 18:30:48','2025-07-10 16:21:58'),(117,6,'CUS_25_0001-PAY_25_060','2025-07-18',1668.00,1500.00,0.00,117,3,1,'2025-07-17 18:30:48','2025-07-10 16:23:14'),(118,6,'CUS_25_0001-PAY_25_061','2025-07-18',3960.00,3960.00,0.00,118,3,1,'2025-07-17 18:30:48','2025-07-10 16:31:15'),(119,6,'CUS_25_0001-PAY_25_062','2025-07-18',5544.00,5000.00,0.00,119,3,1,'2025-07-17 18:30:48','2025-07-10 16:32:52'),(120,6,'CUS_25_0001-PAY_25_063','2025-07-18',656.00,600.00,0.00,120,3,2,'2025-07-17 18:30:48','2025-07-10 16:45:13'),(121,6,'CUS_25_0001-PAY_25_064','2025-07-18',792.00,700.00,92.00,121,3,1,'2025-07-17 18:30:48','2025-07-10 16:46:19'),(122,6,'CUS_25_0001-PAY_25_064','2025-07-18',792.00,700.00,0.00,121,3,1,'2025-07-17 18:30:48','2025-07-10 16:46:19'),(123,6,'CUS_25_0001-PAY_25_065','2025-07-18',11494.00,10000.00,0.00,123,3,2,'2025-07-17 18:30:48','2025-07-10 16:59:33'),(124,6,'CUS_25_0001-PAY_25_066','2025-07-18',29864.00,25000.00,0.00,124,3,1,'2025-07-17 18:30:48','2025-07-10 17:00:57'),(125,6,'CUS_25_0001-PAY_25_067','2025-07-18',67480.00,67480.00,0.00,125,3,2,'2025-07-17 18:30:48','2025-07-10 17:55:56'),(126,6,'CUS_25_0001-PAY_25_068','2025-07-18',17244.00,17244.00,0.00,126,3,2,'2025-07-17 18:30:48','2025-07-10 17:56:40'),(127,6,'CUS_25_0001-PAY_25_068','2025-07-18',17244.00,17244.00,0.00,126,3,2,'2025-07-17 18:30:48','2025-07-10 17:56:40'),(128,6,'CUS_25_0001-PAY_25_069','2025-07-18',61560.00,60000.00,0.00,127,3,2,'2025-07-17 18:30:48','2025-07-10 18:09:30'),(129,6,'CUS_25_0001-PAY_25_070','2025-07-18',28080.00,28080.00,0.00,128,3,1,'2025-07-17 18:30:48','2025-07-10 19:36:38'),(130,6,'CUS_25_0001-PAY_25_071','2025-07-18',12324.00,12000.00,0.00,129,3,1,'2025-07-17 18:30:48','2025-07-11 11:58:15'),(131,6,'CUS_25_0001-PAY_25_072','2025-07-18',19860.00,19860.00,0.00,130,3,2,'2025-07-17 18:30:48','2025-07-11 14:21:16'),(132,6,'CUS_25_0001-PAY_25_073','2025-12-30',9732.00,9732.00,0.00,131,3,1,'2025-12-29 18:30:00','2025-07-12 16:27:04'),(133,6,'CUS_25_0001-PAY_25_074','2025-07-18',255004.00,255004.00,0.00,132,3,2,'2025-07-17 18:30:48','2025-07-12 17:34:03'),(134,6,'CUS_25_0001-PAY_25_075','2025-07-18',247076.00,247076.00,0.00,133,3,1,'2025-07-17 18:30:48','2025-07-12 17:44:24'),(135,6,'CUS_25_0001-PAY_25_076','2025-07-18',58875.32,58875.32,0.00,134,3,1,'2025-07-17 18:30:48','2025-07-13 12:31:19'),(136,6,'CUS_25_0001-PAY_25_077','2025-01-25',38033.20,35000.00,3033.20,1,3,2,'2025-01-24 18:30:00','2025-07-13 21:51:38'),(137,6,'CUS_25_0001-PAY_25_078','2025-01-18',102924.40,100000.00,2924.40,2,3,1,'2025-01-17 18:30:00','2025-07-13 22:03:04'),(138,6,'CUS_25_0001-PAY_25_079','2025-01-21',40616.80,30000.00,10616.80,2,3,1,'2025-01-20 18:30:00','2025-07-14 04:32:28'),(139,6,'CUS_25_0001-PAY_25_080','2025-01-21',47337.20,37337.20,10000.00,2,3,1,'2025-01-20 18:30:00','2025-07-14 04:57:52'),(140,6,'CUS_25_0001-PAY_25_081','2025-01-21',22038.80,5000.00,17038.80,2,3,1,'2025-01-20 18:30:00','2025-07-14 05:55:14'),(141,6,'CUS_25_0001-PAY_25_082','2025-01-28',85986.00,85986.00,0.00,1,3,1,'2025-01-27 18:30:00','2025-07-14 15:56:05'),(142,6,'CUS_25_0001-PAY_25_083','2025-01-03',6274.00,6274.00,0.00,5,3,1,'2025-01-02 18:30:00','2025-07-14 16:17:30'),(143,6,'CUS_25_0001-PAY_25_084','2025-01-06',34848.00,34848.00,0.00,5,3,2,'2025-01-05 18:30:00','2025-07-14 16:22:06'),(144,6,'CUS_25_0001-PAY_25_085','2025-02-12',13606.00,13606.00,0.00,6,3,1,'2025-02-11 18:30:00','2025-07-14 16:34:38'),(145,6,'CUS_25_0001-PAY_25_086','2025-01-28',61646.64,61646.64,0.00,1,3,1,'2025-01-27 18:30:00','2025-07-14 16:36:42'),(147,6,'CUS_25_0001-PAY_25_087','2025-01-28',43981.64,43981.64,0.00,1,3,2,'2025-01-27 18:30:00','2025-07-14 16:43:18'),(148,6,'CUS_25_0001-PAY_25_088','2025-01-28',48701.64,28701.64,20000.00,1,3,2,'2025-01-27 18:30:00','2025-07-14 16:47:53'),(149,6,'CUS_25_0001-PAY_25_089','2025-01-28',70835.64,70835.64,0.00,1,3,2,'2025-01-27 18:30:00','2025-07-14 19:00:32'),(150,6,'CUS_25_0001-PAY_25_090','2025-01-21',17038.80,17038.80,0.00,2,3,1,'2025-01-20 18:30:00','2025-07-15 13:10:19'),(151,6,'CUS_25_0001-PAY_25_091','2025-01-21',0.40,0.40,0.00,2,3,1,'2025-01-20 18:30:00','2025-07-15 13:10:57'),(152,6,'CUS_25_0001-PAY_25_092','2025-04-06',87.00,87.00,0.00,43,3,1,'2025-04-05 18:30:00','2025-07-15 13:11:36'),(154,6,'CUS_25_0001-PAY_25_093','2025-07-18',9640.00,5000.00,0.00,135,3,1,'2025-07-17 18:30:48','2025-07-15 13:25:11'),(155,6,'CUS_25_0001-PAY_25_094','2025-07-18',33840.00,10000.00,23840.00,136,3,2,'2025-07-17 18:30:48','2025-07-15 13:27:58'),(156,6,'CUS_25_0001-PAY_25_094','2025-07-18',33840.00,10000.00,23840.00,136,3,2,'2025-07-17 18:30:48','2025-07-15 13:27:58'),(157,6,'CUS_25_0001-PAY_25_094','2025-07-18',33840.00,10000.00,0.00,136,3,2,'2025-07-17 18:30:48','2025-07-15 13:27:58'),(158,6,'CUS_25_0001-PAY_25_095','2025-07-18',83776.00,23776.00,0.00,137,3,1,'2025-07-17 18:30:48','2025-07-15 13:32:31'),(159,6,'CUS_25_0001-PAY_25_096','2025-07-18',20780.00,10780.00,0.00,138,3,1,'2025-07-17 18:30:48','2025-07-15 13:37:01'),(160,6,'CUS_25_0001-PAY_25_097','2025-07-18',22392.00,100.00,0.00,139,3,2,'2025-07-17 18:30:48','2025-07-15 13:40:56'),(162,6,'CUS_25_0001-PAY_25_098','2025-07-18',30370.00,370.00,30000.00,140,3,1,'2025-07-17 18:30:48','2025-07-15 13:49:04'),(163,6,'CUS_25_0001-PAY_25_099','2025-07-18',30000.00,20000.00,0.00,140,3,2,'2025-07-17 18:30:48','2025-07-15 13:50:18'),(164,6,'CUS_25_0001-PAY_25_100','2025-07-18',49960.00,9960.00,40000.00,141,3,2,'2025-07-17 18:30:48','2025-07-15 13:54:24'),(165,6,'CUS_25_0001-PAY_25_100','2025-07-18',49960.00,9960.00,0.00,141,3,2,'2025-07-17 18:30:48','2025-07-15 13:54:24'),(166,6,'CUS_25_0001-PAY_25_101','2025-07-18',36276.00,6276.00,30000.00,142,3,2,'2025-07-17 18:30:48','2025-07-15 14:04:18'),(167,6,'CUS_25_0001-PAY_25_102','2025-07-18',30000.00,10000.00,0.00,142,3,1,'2025-07-17 18:30:48','2025-07-15 14:05:11'),(169,6,'CUS_25_0001-PAY_25_103','2025-07-18',114822.00,100822.00,14000.00,142,3,2,'2025-07-17 18:30:48','2025-07-15 14:08:14'),(171,6,'CUS_25_0001-PAY_25_104','2025-07-18',14000.00,14000.00,0.00,142,3,2,'2025-07-17 18:30:48','2025-07-15 14:12:05'),(172,6,'CUS_25_0001-PAY_25_105','2025-07-18',44780.00,24780.00,0.00,143,3,3,'2025-07-17 18:30:48','2025-07-15 16:20:19'),(173,6,'CUS_25_0001-PAY_25_106','2025-07-18',49940.00,49940.00,0.00,144,3,2,'2025-07-17 18:30:48','2025-07-16 16:54:38'),(174,6,'CUS_25_0002-PAY_25_009','2025-02-18',8080.00,8080.00,0.00,145,4,1,'2025-02-17 18:30:00','2025-02-17 18:30:00'),(175,6,'CUS_25_0001-PAY_25_107','2025-03-10',14400.00,14400.00,0.00,146,3,1,'2025-03-09 18:30:00','2025-03-09 18:30:00'),(176,6,'CUS_25_0003-PAY_25_001','2025-07-18',20200.00,20200.00,0.00,147,6,2,'2025-07-18 12:09:34','2025-07-18 12:09:34'),(177,6,'CUS_25_0005-PAY_25_001','2025-07-18',554370.00,550000.00,4370.00,148,8,2,'2025-07-18 15:20:35','2025-07-18 15:20:35'),(178,6,'CUS_25_0012-PAY_25_001','2025-07-18',22592.00,20000.00,2592.00,149,15,1,'2025-07-18 17:10:36','2025-07-18 17:10:36'),(179,6,'CUS_25_0001-PAY_25_108','2025-07-19',13360.00,10000.00,3360.00,150,3,2,'2025-07-19 06:58:11','2025-07-19 06:58:11'),(180,6,'CUS_25_0001-PAY_25_108','2025-07-19',13360.00,10000.00,3360.00,150,3,2,'2025-07-19 06:58:11','2025-07-19 06:58:11');
/*!40000 ALTER TABLE `customerpayment` ENABLE KEYS */;
UNLOCK TABLES;

--
-- Table structure for table `customerpaymentinformation`
--

DROP TABLE IF EXISTS `customerpaymentinformation`;
/*!40101 SET @saved_cs_client     = @@character_set_client */;
/*!50503 SET character_set_client = utf8mb4 */;
CREATE TABLE `customerpaymentinformation` (
  `id` int NOT NULL AUTO_INCREMENT,
  `amount` decimal(10,2) DEFAULT NULL,
  `chequenumber` varchar(45) DEFAULT NULL,
  `customerpayment_id` int NOT NULL,
  PRIMARY KEY (`id`),
  KEY `fk_customerpaymentinformation_customerpayment1_idx` (`customerpayment_id`),
  CONSTRAINT `fk_customerpaymentinformation_customerpayment1` FOREIGN KEY (`customerpayment_id`) REFERENCES `customerpayment` (`id`)
) ENGINE=InnoDB AUTO_INCREMENT=38 DEFAULT CHARSET=utf8mb3;
/*!40101 SET character_set_client = @saved_cs_client */;

--
-- Dumping data for table `customerpaymentinformation`
--

LOCK TABLES `customerpaymentinformation` WRITE;
/*!40000 ALTER TABLE `customerpaymentinformation` DISABLE KEYS */;
/*!40000 ALTER TABLE `customerpaymentinformation` ENABLE KEYS */;
UNLOCK TABLES;

--
-- Table structure for table `customerpaymentreceipt`
--

DROP TABLE IF EXISTS `customerpaymentreceipt`;
/*!40101 SET @saved_cs_client     = @@character_set_client */;
/*!50503 SET character_set_client = utf8mb4 */;
CREATE TABLE `customerpaymentreceipt` (
  `id` int NOT NULL AUTO_INCREMENT,
  `receipt` varbinary(255) DEFAULT NULL,
  `customerpayment_id` int NOT NULL,
  PRIMARY KEY (`id`),
  KEY `fk_customerpaymentreceipt_customerpayment1_idx` (`customerpayment_id`),
  CONSTRAINT `fk_customerpaymentreceipt_customerpayment1` FOREIGN KEY (`customerpayment_id`) REFERENCES `customerpayment` (`id`)
) ENGINE=InnoDB AUTO_INCREMENT=38 DEFAULT CHARSET=utf8mb3;
/*!40101 SET character_set_client = @saved_cs_client */;

--
-- Dumping data for table `customerpaymentreceipt`
--

LOCK TABLES `customerpaymentreceipt` WRITE;
/*!40000 ALTER TABLE `customerpaymentreceipt` DISABLE KEYS */;
/*!40000 ALTER TABLE `customerpaymentreceipt` ENABLE KEYS */;
UNLOCK TABLES;

--
-- Table structure for table `designation`
--

DROP TABLE IF EXISTS `designation`;
/*!40101 SET @saved_cs_client     = @@character_set_client */;
/*!50503 SET character_set_client = utf8mb4 */;
CREATE TABLE `designation` (
  `id` int NOT NULL AUTO_INCREMENT,
  `name` varchar(45) DEFAULT NULL,
  PRIMARY KEY (`id`)
) ENGINE=InnoDB AUTO_INCREMENT=3 DEFAULT CHARSET=utf8mb3;
/*!40101 SET character_set_client = @saved_cs_client */;

--
-- Dumping data for table `designation`
--

LOCK TABLES `designation` WRITE;
/*!40000 ALTER TABLE `designation` DISABLE KEYS */;
INSERT INTO `designation` VALUES (1,'Admin'),(2,'Employee');
/*!40000 ALTER TABLE `designation` ENABLE KEYS */;
UNLOCK TABLES;

--
-- Table structure for table `district`
--

DROP TABLE IF EXISTS `district`;
/*!40101 SET @saved_cs_client     = @@character_set_client */;
/*!50503 SET character_set_client = utf8mb4 */;
CREATE TABLE `district` (
  `id` int NOT NULL AUTO_INCREMENT,
  `code` varchar(6) DEFAULT NULL,
  `name` varchar(45) DEFAULT NULL,
  `province_id` int NOT NULL,
  PRIMARY KEY (`id`),
  UNIQUE KEY `code_UNIQUE` (`code`),
  KEY `fk_distric_province1_idx` (`province_id`),
  CONSTRAINT `fk_distric_province1` FOREIGN KEY (`province_id`) REFERENCES `province` (`id`)
) ENGINE=InnoDB AUTO_INCREMENT=26 DEFAULT CHARSET=utf8mb3;
/*!40101 SET character_set_client = @saved_cs_client */;

--
-- Dumping data for table `district`
--

LOCK TABLES `district` WRITE;
/*!40000 ALTER TABLE `district` DISABLE KEYS */;
INSERT INTO `district` VALUES (1,'CL-11','Colombo',1),(2,'GA-12','Gampaha',1),(3,'KL-13','Kalutara',1),(4,'KN-21','Kandy',2),(5,'ML-22','Matale',2),(6,'NE-23','Nuwara Eliya',2),(7,'GA-31','Galle',3),(8,'MT-32','Matara',3),(9,'HM-33','Hambantota',3),(10,'JF-41','Jaffna ',4),(11,'MN-24','Mannar',4),(12,'VA-43','Vavuniya',4),(13,'MU-44','Mullaitivu',4),(14,'KI-45','Kilinochchi',4),(15,'BA-51','Batticaloa',5),(16,'AM-52','Ampara',5),(17,'TR-53','Trincomalee',5),(18,'KU-61','Kurunegala',6),(19,'PU-62','Puttalam',6),(20,'AN-71','Anuradhapura',7),(21,'PO-72','Polonnaruwa',7),(22,'BA-81','Badulla',8),(23,'MO-82','Moneragala',8),(24,'RA-91','Rathnapura',9),(25,'KE-92','Kegalle',9);
/*!40000 ALTER TABLE `district` ENABLE KEYS */;
UNLOCK TABLES;

--
-- Table structure for table `droplocation`
--

DROP TABLE IF EXISTS `droplocation`;
/*!40101 SET @saved_cs_client     = @@character_set_client */;
/*!50503 SET character_set_client = utf8mb4 */;
CREATE TABLE `droplocation` (
  `id` int NOT NULL AUTO_INCREMENT,
  `code` varchar(45) DEFAULT NULL,
  `name` varchar(45) DEFAULT NULL,
  `locationtype_id` int NOT NULL,
  `transfer_id` int NOT NULL,
  PRIMARY KEY (`id`),
  KEY `fk_droplocation_locationtype1_idx` (`locationtype_id`),
  KEY `fk_droplocation_transfer1_idx` (`transfer_id`),
  CONSTRAINT `fk_droplocation_locationtype1` FOREIGN KEY (`locationtype_id`) REFERENCES `locationtype` (`id`),
  CONSTRAINT `fk_droplocation_transfer1` FOREIGN KEY (`transfer_id`) REFERENCES `transfer` (`id`)
) ENGINE=InnoDB AUTO_INCREMENT=1249 DEFAULT CHARSET=utf8mb3;
/*!40101 SET character_set_client = @saved_cs_client */;

--
-- Dumping data for table `droplocation`
--

LOCK TABLES `droplocation` WRITE;
/*!40000 ALTER TABLE `droplocation` DISABLE KEYS */;
INSERT INTO `droplocation` VALUES (13,'CTY_LK-6_KU-61_001','Kurunegala',1,10),(14,'CTY_LK-6_PU-62_001','Puttalam',1,10),(15,'HPT','Hambantota Port',4,11),(16,NULL,'Dowa Ancient Rock Temple',2,12),(17,NULL,'Udawattakele Forest Reserve',2,13),(18,NULL,'Kilinochchi Market',2,14),(19,NULL,'Bandarawela Park',2,15),(20,NULL,'Negombo Beach Park',2,16),(21,NULL,'Bandarawela Railway Station',2,17),(22,'CTY_LK-1_CL-11_002','Sri Jayawardenepura Kotte',1,18),(23,'CTY_LK-7_AN-71_001','Anuradhapura',1,19),(24,NULL,'Pedro Tea Estate',2,20),(25,NULL,'Bambalapitiya Beach',2,21),(26,NULL,'Temple of the Sacred Tooth Relic',2,22),(27,NULL,'Madukanda Vihara',2,23),(28,'CTY_LK-4_VA-43_001','Vavuniya',1,24),(29,NULL,'Pinnawala Elephant Orphanage',2,25),(30,NULL,'Hambantota Port',2,26),(31,'CTY_LK-2_KN-21_002','Peradeniya',1,27),(32,NULL,'Tangalle Beach',2,28),(33,NULL,'Kitulgala Forest Reserve',2,29),(34,NULL,'Belilena Cave',2,29),(35,NULL,'Taprobane Island',2,30),(36,'CTY_LK-3_GA-31_001','Galle',1,30),(37,NULL,'Negombo Lagoon',2,31),(38,NULL,'Bandarawela Park',2,32),(39,NULL,'Whale Watching Point',2,33),(40,NULL,'Dambatenne Tea Factory',2,34),(41,NULL,'Dunhinda Falls',2,34),(42,NULL,'Galle Fort',2,35),(43,NULL,'Panadura Bridge',2,36),(44,NULL,'Badulla Railway Station',2,37),(45,NULL,'Lipton\'s Seat',2,38),(46,NULL,'Victoria Park',2,38),(47,NULL,'Lipton\'s Seat',2,39),(48,'CTY_LK-9_KE-92_001','Kegalle',1,40),(49,NULL,'Taprobane Island',2,41),(50,NULL,'Polhena Beach',2,42),(51,'CTY_LK-8_MO-82_003','Kataragama',1,43),(52,NULL,'Palatuwa Bird Sanctuary',2,43),(53,'CTY_LK-4_MN-24_001','Mannar',1,44),(54,NULL,'Palatuwa Bird Sanctuary',2,45),(55,'CTY_LK-3_HM-33_002','Tissa',1,45),(56,'CTY_LK-4_MN-24_001','Mannar',1,46),(57,'CTY_LK-1_CL-11_002','Sri Jayawardenepura Kotte',1,47),(58,NULL,'Sri Muthumariamman Temple',2,48),(59,'CTY_LK-2_NE-23_001','Nuwara Eliya',1,49),(60,'CTY_LK-5_BA-51_004','Pasikuda',1,50),(61,NULL,'Trincomalee Harbor',2,50),(62,'CTY_LK-1_KL-13_001','Kalutara',1,51),(63,'CTY_LK-1_KL-13_003','Bentota',1,51),(64,NULL,'Weligama Bay',2,52),(65,'CTY_LK-7_AN-71_003','Mihintale',1,53),(66,NULL,'Ruwanwelisaya Stupa',2,53),(67,NULL,'Thiruketheeswaram Temple',2,54),(68,NULL,'Cinnamon Island',2,55),(69,NULL,'Pinnawala Elephant Orphanage',2,56),(70,NULL,'Victoria Park',2,57),(71,NULL,'Mount Lavinia Beach Resort',2,58),(72,'CTY_LK-1_CL-11_006','Ratmalana',1,59),(73,NULL,'Belilena Cave',2,60),(74,'CTY_LK-4_MN-24_001','Mannar',1,61),(75,'CTY_LK-8_BA-81_003','Haputale',1,62),(76,NULL,'Embekka Temple',2,63),(77,NULL,'Ancient City of Polonnaruwa',2,64),(78,NULL,'Ruwanwelisaya Stupa',2,64),(79,NULL,'Lunuganga Estate',2,65),(80,'CTY_LK-1_CL-11_004','Dehiwala-Mount Lavinia',1,66),(81,NULL,'Mihintale Mountain',2,67),(82,'CTY_LK-7_AN-71_001','Anuradhapura',1,67),(83,'CTY_LK-3_GA-31_002','Hikkaduwa',1,68),(84,NULL,'Kushtarajagala',2,68),(85,'CTY_LK-6_PU-62_001','Puttalam',1,69),(86,NULL,'Ceylon Tea Museum',2,70),(87,NULL,'Dowa Ancient Rock Temple',2,71),(88,'CTY_LK-3_GA-31_005','Mirissa',1,72),(89,NULL,'Kalpitiya Beach',2,73),(90,'CTY_LK-3_HM-33_005','Palatuwa',1,74),(91,NULL,'Sella Kataragama',2,74),(92,NULL,'Sri Maha Bodhi',2,75),(93,NULL,'Ibbankatuwa Megalithic Tombs',2,75),(94,NULL,'Mount Lavinia Beach Resort',2,76),(95,NULL,'Mannar Fort',2,77),(96,'CTY_LK-4_KI-45_001','Kilinochchi',1,77),(97,NULL,'Mirissa Beach',2,78),(98,NULL,'Dowa Ancient Rock Temple',2,79),(99,NULL,'Tissa Wewa',2,80),(100,NULL,'Vavuniya Tank',2,81),(101,NULL,'Thiruketheeswaram Temple',2,82),(102,'HPT','Hambantota Port',4,83),(103,NULL,'Temple of the Sacred Tooth Relic',2,84),(104,NULL,'Lipton\'s Seat',2,84),(105,'CTY_LK-2_KN-21_001','Kandy',1,85),(106,NULL,'Tangalle Beach',2,86),(107,NULL,'Iranamadu Tank',2,87),(108,'CTY_LK-2_KN-21_001','Kandy',1,88),(109,NULL,'Embekka Temple',2,89),(110,NULL,'Kalutara Bodhiya',2,90),(111,NULL,'Parliament of Sri Lanka',2,90),(112,NULL,'Jaffna Fort',2,91),(113,NULL,'Panadura Bridge',2,92),(114,NULL,'Kelani River',2,93),(115,NULL,'Belilena Cave',2,93),(116,NULL,'Tissa Wewa',2,94),(117,NULL,'Tissa Dagoba',2,94),(118,'CTY_LK-2_KN-21_001','Kandy',1,95),(119,NULL,'Lipton\'s Seat',2,96),(120,'CTY_LK-4_VA-43_001','Vavuniya',1,97),(121,NULL,'Mannar Fort',2,98),(122,NULL,'Embekka Wooden Temple',2,99),(123,NULL,'Gal Oya National Park',2,100),(124,NULL,'Bambalapitiya Beach',2,101),(125,NULL,'Hambantota Port',2,102),(126,NULL,'Tangalle Beach',2,103),(127,'CTY_LK-3_GA-31_005','Mirissa',1,103),(128,'CTY_LK-4_MN-24_001','Mannar',1,104),(129,'CTY_LK-1_CL-11_010','Marawila',1,105),(130,NULL,'Galle Fort',2,106),(131,NULL,'Viharamahadevi Park',2,107),(132,NULL,'Panadura Bridge',2,108),(133,'CTY_LK-4_KI-45_001','Kilinochchi',1,109),(134,NULL,'Ambuluwawa Tower',2,110),(135,NULL,'Fort Area',2,111),(136,NULL,'Fort Area',2,112),(137,'CTY_LK-1_GA-12_001','Negombo',1,113),(138,NULL,'Vavuniya Archaeological Museum',2,114),(139,NULL,'Weligama Bay',2,115),(140,NULL,'Kushtarajagala',2,115),(141,NULL,'Jaffna Public Library',2,116),(142,NULL,'Mannar Fort',2,117),(143,NULL,'Sella Kataragama',2,118),(144,NULL,'Yala National Park Eastern Entrance',2,118),(145,'CTY_LK-2_NE-23_001','Nuwara Eliya',1,119),(146,NULL,'Jaffna Public Library',2,120),(147,NULL,'Kalkudah Beach',2,121),(148,NULL,'Ampara Tank',2,121),(149,'CTY_LK-4_MN-24_001','Mannar',1,122),(150,NULL,'Gal Vihara',2,123),(151,'CTY_LK-4_KI-45_001','Kilinochchi',1,124),(152,NULL,'Whale Watching Point',2,125),(153,'CTY_LK-3_GA-31_004','Unawatuna',1,126),(154,NULL,'Hambantota Port',2,126),(155,NULL,'Dutch Fort Puttalam',2,127),(156,NULL,'Ethagala Rock',2,127),(157,'CTY_LK-9_KE-92_002','Kitulgala',1,128),(158,NULL,'Galapitamada Prehistoric Cave',2,128),(159,NULL,'Negombo Lagoon',2,129),(160,NULL,'Panadura Bridge',2,129),(161,NULL,'Iranamadu Tank',2,130),(162,NULL,'Jaffna Fort',2,131),(163,NULL,'Fort Frederick',2,132),(164,'CTY_LK-5_TR-53_001','Trincomalee',1,132),(165,NULL,'Panadura Bridge',2,133),(166,NULL,'Cinnamon Island',2,134),(167,'CTY_LK-2_KN-21_003','Kundasagara',1,135),(168,NULL,'Bandarawela Park',2,136),(169,'CTY_LK-8_BA-81_002','Bandarawela',1,137),(170,NULL,'Gal Oya National Park',2,138),(171,'CTY_LK-5_BA-51_004','Pasikuda',1,138),(172,NULL,'Talaimannar Pier',2,139),(173,NULL,'Matale Spice Garden',2,140),(174,NULL,'Iranamadu Tank',2,141),(175,'CTY_LK-4_KI-45_001','Kilinochchi',1,142),(176,NULL,'Palatuwa Beach',2,143),(177,NULL,'Thiruketheeswaram Temple',2,144),(178,NULL,'Thiruketheeswaram Temple',2,145),(179,'CTY_LK-3_MT-32_001','Matara',1,146),(180,NULL,'Hambantota Port',2,146),(181,NULL,'Temple of the Sacred Tooth Relic',2,147),(182,NULL,'Jaffna Public Library',2,148),(183,NULL,'Ranmasu Uyana',2,149),(184,NULL,'Dowa Ancient Rock Temple',2,150),(185,NULL,'Udawattakele Forest Reserve',2,151),(186,NULL,'Iranamadu Tank',2,152),(187,'CTY_LK-6_KU-61_001','Kurunegala',1,153),(188,NULL,'Dutch Fort Puttalam',2,153),(189,'CTY_LK-7_AN-71_001','Anuradhapura',1,154),(190,NULL,'Mihintale Hospital Ruins',2,154),(191,'CTY_LK-4_JF-41_004','Mannar',1,155),(192,'CTY_LK-1_GA-12_001','Negombo',1,156),(193,'CTY_LK-2_ML-22_001','Matale',1,157),(194,NULL,'Temple of the Sacred Tooth Relic',2,157),(195,'CTY_LK-1_CL-11_002','Sri Jayawardenepura Kotte',1,158),(196,NULL,'Hanguranketha Palace Ruins',2,159),(197,NULL,'Parliament of Sri Lanka',2,160),(198,NULL,'Whale Watching Point',2,161),(199,NULL,'Rumassala Hill',2,161),(200,'CTY_LK-5_AM-52_001','Ampara',1,162),(201,NULL,'Kallady Bridge',2,162),(202,'CTY_LK-3_MT-32_001','Matara',1,163),(203,NULL,'Dutch Fort Ruins',2,164),(204,NULL,'Kantaka Cetiya',2,165),(205,NULL,'Bandarawela Park',2,166),(206,NULL,'Kataragama Temple Complex',2,167),(207,NULL,'Yala National Park Eastern Entrance',2,167),(208,NULL,'Vavuniya Archaeological Museum',2,168),(209,NULL,'Jaffna Public Library',2,169),(210,NULL,'Badulla Railway Station',2,170),(211,NULL,'Adisham Bungalow',2,170),(212,NULL,'Kallady Bridge',2,171),(213,NULL,'Iranamadu Tank',2,172),(214,'CTY_LK-8_BA-81_003','Haputale',1,173),(215,NULL,'Richmond Castle',2,174),(216,NULL,'Pedro Tea Estate',2,175),(217,NULL,'Hanthana Mountain Range',2,176),(218,'CTY_LK-2_NE-23_001','Nuwara Eliya',1,177),(219,NULL,'Dowa Ancient Rock Temple',2,178),(220,'CTY_LK-8_BA-81_002','Bandarawela',1,178),(221,'CTY_LK-1_KL-13_001','Kalutara',1,179),(222,'CTY_LK-1_CL-11_006','Ratmalana',1,179),(223,'CTY_LK-2_NE-23_001','Nuwara Eliya',1,180),(224,NULL,'Taprobane Island',2,181),(225,'CTY_LK-2_ML-22_001','Matale',1,182),(226,'CTY_LK-8_BA-81_001','Badulla',1,183),(227,NULL,'Pedro Tea Estate',2,184),(228,NULL,'Victoria Park',2,185),(229,'CTY_LK-5_AM-52_001','Ampara',1,186),(230,'CTY_LK-5_BA-51_004','Pasikuda',1,186),(231,NULL,'Adisham Bungalow',2,187),(232,NULL,'Badulla Railway Station',2,187),(233,'CTY_LK-2_NE-23_001','Nuwara Eliya',1,188),(234,NULL,'Gregory Lake',2,188),(235,NULL,'Ibbankatuwa Megalithic Tombs',2,189),(236,NULL,'Weligama Bay',2,190),(237,NULL,'Badulla Railway Station',2,191),(238,NULL,'Muthiyangana Raja Maha Vihara',2,191),(239,NULL,'Sri Maha Bodhi',2,192),(240,NULL,'Pedro Tea Estate',2,193),(241,NULL,'Independence Memorial Hall',2,194),(242,NULL,'Bambalapitiya Beach',2,195),(243,NULL,'Kalpitiya Beach',2,196),(244,'CTY_LK-6_PU-62_002','Chilaw',1,196),(245,NULL,'Kalpitiya Beach',2,197),(246,NULL,'Mihintale Hospital Ruins',2,198),(247,'CTY_LK-3_HM-33_001','Hambantota',1,199),(248,NULL,'Pinnawala Elephant Orphanage',2,200),(249,NULL,'Hanguranketha Palace Ruins',2,200),(250,NULL,'Talaimannar Pier',2,201),(251,NULL,'Parakrama Samudra',2,202),(252,NULL,'Mihintale Hospital Ruins',2,202),(253,NULL,'Bundala National Park',2,203),(254,NULL,'Cinnamon Island',2,204),(255,NULL,'Dunhinda Falls',2,205),(256,'CTY_LK-3_GA-31_002','Hikkaduwa',1,206),(257,NULL,'Thiruketheeswaram Temple',2,207),(258,NULL,'Kiri Vehera',2,208),(259,NULL,'Taprobane Island',2,209),(260,NULL,'Water Tower Monument',2,210),(261,NULL,'Madukanda Vihara',2,210),(262,NULL,'Ceylon Tea Museum',2,211),(263,NULL,'Polhena Beach',2,212),(264,NULL,'Dambatenne Tea Factory',2,213),(265,NULL,'Ceylon Tea Museum',2,214),(266,NULL,'Temple of the Sacred Tooth Relic',2,215),(267,NULL,'Pinnawala Elephant Orphanage',2,216),(268,NULL,'Abhayagiri Vihra',2,217),(269,'CTY_LK-2_ML-22_002','Dambulla',1,217),(270,NULL,'Mount Lavinia Beach Resort',2,218),(271,NULL,'Diyatha Uyana',2,218),(272,NULL,'Batticaloa Fort',2,219),(273,NULL,'Trincomalee Harbor',2,219),(274,NULL,'Rumassala Hill',2,220),(275,NULL,'Whale Watching Point',2,220),(276,NULL,'Marawila Beach',2,221),(277,NULL,'Chilaw Lagoon',2,221),(278,'CTY_LK-7_AN-71_001','Anuradhapura',1,222),(279,NULL,'Gal Vihara',2,222),(280,'CTY_LK-1_KL-13_003','Bentota',1,223),(281,NULL,'Fort Area',2,223),(282,NULL,'Embekka Temple',2,224),(283,NULL,'Muthiyangana Raja Maha Vihara',2,225),(284,'CTY_LK-8_BA-81_003','Haputale',1,225),(285,NULL,'Ceylon Tea Museum',2,226),(286,NULL,'Vavuniya Archaeological Museum',2,227),(287,NULL,'Dutch Fort Ruins',2,228),(288,'CTY_LK-1_CL-11_001','Colombo',1,229),(289,NULL,'Yala National Park Eastern Entrance',2,230),(290,NULL,'Tissa Wewa',2,230),(291,NULL,'Bandarawela Park',2,231),(292,NULL,'Weligama Bay',2,232),(293,NULL,'Taprobane Island',2,233),(294,NULL,'Badulla Railway Station',2,234),(295,NULL,'Dowa Ancient Rock Temple',2,234),(296,NULL,'Thiruketheeswaram Temple',2,235),(297,NULL,'Polhena Beach',2,236),(298,NULL,'Weligama Bay',2,237),(299,'CTY_LK-3_MT-32_001','Matara',1,238),(300,'CTY_LK-4_JF-41_004','Mannar',1,239),(301,NULL,'Weligama Bay',2,240),(302,NULL,'Cinnamon Island',2,241),(303,'CTY_LK-4_JF-41_004','Mannar',1,242),(304,NULL,'Koneswaram Temple',2,243),(305,'CTY_LK-1_CL-11_004','Dehiwala-Mount Lavinia',1,244),(306,NULL,'Palatuwa Bird Sanctuary',2,245),(307,NULL,'Sella Kataragama',2,245),(308,NULL,'Thalawila Church',2,246),(309,'CTY_LK-6_KU-61_001','Kurunegala',1,246),(310,NULL,'Negombo Lagoon',2,247),(311,NULL,'Palatuwa Ancient Temple',2,248),(312,'CTY_LK-6_PU-62_002','Chilaw',1,249),(313,NULL,'Thalawila Church',2,249),(314,NULL,'Vavuniya Archaeological Museum',2,250),(315,NULL,'St. Mary\'s Cathedral',2,251),(316,NULL,'Marawila Beach',2,251),(317,NULL,'Dambulla Cave Temple',2,252),(318,'CTY_LK-8_BA-81_003','Haputale',1,253),(319,NULL,'Sri Pada (Adam\'s Peak)',2,254),(320,'CTY_LK-9_KE-92_002','Kitulgala',1,254),(321,'CTY_LK-1_CL-11_002','Sri Jayawardenepura Kotte',1,255),(322,NULL,'Pedro Tea Estate',2,256),(323,NULL,'Dunhinda Falls',2,257),(324,'CTY_LK-1_KL-13_001','Kalutara',1,258),(325,'CTY_LK-1_CL-11_006','Ratmalana',1,258),(326,NULL,'Ceylon Tea Museum',2,259),(327,NULL,'Kilinochchi Market',2,260),(328,'CTY_LK-7_AN-71_003','Mihintale',1,261),(329,NULL,'Sri Pada (Adam\'s Peak)',2,262),(330,NULL,'Sinharaja Forest Reserve',2,262),(331,NULL,'Independence Memorial Hall',2,263),(332,'CTY_LK-3_GA-31_001','Galle',1,264),(333,NULL,'Muthiyangana Raja Maha Vihara',2,265),(334,NULL,'Gal Vihara',2,266),(335,NULL,'Ibbankatuwa Megalithic Tombs',2,266),(336,NULL,'Iranamadu Tank',2,267),(337,'CTY_LK-8_BA-81_002','Bandarawela',1,268),(338,NULL,'Sella Kataragama',2,269),(339,NULL,'Hanthana Mountain Range',2,270),(340,NULL,'Madukanda Vihara',2,271),(341,NULL,'Bandarawela Park',2,272),(342,NULL,'Kallady Bridge',2,273),(343,NULL,'Gal Oya National Park',2,273),(344,NULL,'Madukanda Vihara',2,274),(345,NULL,'Ceylon Tea Museum',2,275),(346,NULL,'Vavuniya Tank',2,276),(347,'CTY_LK-8_MO-82_003','Kataragama',1,277),(348,'CTY_LK-1_CL-11_002','Sri Jayawardenepura Kotte',1,278),(349,NULL,'Thalawila Church',2,279),(350,NULL,'Kalpitiya Beach',2,279),(351,NULL,'Kushtarajagala',2,280),(352,NULL,'Viharamahadevi Park',2,281),(353,NULL,'Panadura Bridge',2,282),(354,NULL,'Diyatha Uyana',2,282),(355,NULL,'Panadura Beach',2,283),(356,'CTY_LK-3_HM-33_001','Hambantota',1,284),(357,NULL,'Ampara Tank',2,285),(358,'CTY_LK-5_BA-51_004','Pasikuda',1,285),(359,NULL,'Bahiravokanda Vihara Buddha Statue',2,286),(360,'CTY_LK-2_KN-21_002','Peradeniya',1,287),(361,NULL,'Hambantota Port',2,288),(362,NULL,'Matara Fort',2,289),(363,'CTY_LK-9_RA-91_001','Ratnapura',1,290),(364,NULL,'Dambatenne Tea Factory',2,291),(365,'CTY_LK-8_BA-81_001','Badulla',1,291),(366,NULL,'Gadaladeniya Temple',2,292),(367,NULL,'Gregory Lake',2,293),(368,NULL,'Mihintale Hospital Ruins',2,294),(369,'CTY_LK-7_AN-71_003','Mihintale',1,294),(370,'CTY_LK-4_KI-45_001','Kilinochchi',1,295),(371,NULL,'Kushtarajagala',2,296),(372,NULL,'Vavuniya Tank',2,297),(373,NULL,'Ceylon Tea Museum',2,298),(374,NULL,'Hikkaduwa Beach',2,299),(375,NULL,'Abhayagiri Vihra',2,300),(376,NULL,'Gadaladeniya Temple',2,301),(377,NULL,'Galapitamada Prehistoric Cave',2,301),(378,'CTY_LK-7_PO-72_001','Polonnaruwa',1,302),(379,NULL,'Gal Vihara',2,302),(380,NULL,'Hummanaya Blow Hole',2,303),(381,'CTY_LK-2_ML-22_002','Dambulla',1,304),(382,NULL,'Temple of the Sacred Tooth Relic',2,305),(383,NULL,'Ethagala Rock',2,306),(384,'CTY_LK-8_BA-81_001','Badulla',1,307),(385,'CTY_LK-1_CL-11_002','Sri Jayawardenepura Kotte',1,308),(386,NULL,'Victoria Park',2,309),(387,'CTY_LK-8_BA-81_003','Haputale',1,310),(388,NULL,'Dambatenne Tea Factory',2,310),(389,'CTY_LK-1_GA-12_001','Negombo',1,311),(390,NULL,'Dowa Ancient Rock Temple',2,312),(391,NULL,'Kushtarajagala',2,313),(392,NULL,'Gal Vihara',2,314),(393,'CTY_LK-7_AN-71_001','Anuradhapura',1,314),(394,NULL,'Kallady Bridge',2,315),(395,NULL,'Batticaloa Lagoon',2,315),(396,NULL,'Polhena Beach',2,316),(397,NULL,'Kandy Lake',2,317),(398,'CTY_LK-1_CL-11_006','Ratmalana',1,318),(399,NULL,'Dowa Ancient Rock Temple',2,319),(400,NULL,'Gangaramaya Temple',2,320),(401,'CTY_LK-8_BA-81_003','Haputale',1,321),(402,NULL,'Parliament of Sri Lanka',2,322),(403,NULL,'National Museum of Colombo',2,322),(404,NULL,'Thiruketheeswaram Temple',2,323),(405,NULL,'Water Tower Monument',2,323),(406,NULL,'Viharamahadevi Park',2,324),(407,NULL,'Beira Lake',2,324),(408,NULL,'Muthiyangana Raja Maha Vihara',2,325),(409,NULL,'Thiruketheeswaram Temple',2,326),(410,NULL,'Muthiyangana Raja Maha Vihara',2,327),(411,NULL,'Independence Memorial Hall',2,328),(412,NULL,'Bundala National Park',2,329),(413,NULL,'Pedro Tea Estate',2,330),(414,'CTY_LK-1_CL-11_006','Ratmalana',1,331),(415,'CTY_LK-8_BA-81_002','Bandarawela',1,332),(416,NULL,'Parakrama Samudra',2,333),(417,NULL,'Japanese Peace Pagoda',2,334),(418,NULL,'Muthiyangana Raja Maha Vihara',2,335),(419,NULL,'Hikkaduwa Beach',2,336),(420,NULL,'Ibbagala Royal Cave Temple',2,337),(421,NULL,'Marawila Beach',2,337),(422,NULL,'Bandarawela Railway Station',2,338),(423,NULL,'Matale Spice Garden',2,339),(424,NULL,'Cinnamon Island',2,340),(425,'CTY_LK-1_GA-12_001','Negombo',1,341),(426,NULL,'Bambalapitiya Beach',2,341),(427,NULL,'Galapitamada Prehistoric Cave',2,342),(428,NULL,'Dunhinda Falls',2,343),(429,NULL,'Matale Spice Garden',2,344),(430,NULL,'Mulkirigala Rock Temple',2,345),(431,'CTY_LK-3_GA-31_004','Unawatuna',1,346),(432,NULL,'Palatuwa Ancient Temple',2,347),(433,NULL,'Iranamadu Tank',2,348),(434,NULL,'Talaimannar Pier',2,348),(435,NULL,'Matale Spice Garden',2,349),(436,'CTY_LK-1_CL-11_002','Sri Jayawardenepura Kotte',1,350),(437,'CTY_LK-2_ML-22_001','Matale',1,351),(438,NULL,'Hanthana Mountain Range',2,352),(439,NULL,'Adisham Bungalow',2,353),(440,'CTY_LK-2_NE-23_001','Nuwara Eliya',1,354),(441,NULL,'Muthiyangana Raja Maha Vihara',2,355),(442,'CTY_LK-8_BA-81_003','Haputale',1,356),(443,NULL,'Kalpitiya Beach',2,357),(444,'CTY_LK-6_KU-61_001','Kurunegala',1,357),(445,'CTY_LK-5_BA-51_004','Pasikuda',1,358),(446,NULL,'Ampara Tank',2,358),(447,'CTY_LK-4_VA-43_001','Vavuniya',1,359),(448,NULL,'Water Tower Monument',2,360),(449,NULL,'Taprobane Island',2,361),(450,'CTY_LK-2_ML-22_001','Matale',1,362),(451,NULL,'Beira Lake',2,363),(452,'CTY_LK-3_GA-31_004','Unawatuna',1,364),(453,'CTY_LK-4_VA-43_001','Vavuniya',1,365),(454,NULL,'Batticaloa Lagoon',2,366),(455,'CTY_LK-4_KI-45_001','Kilinochchi',1,367),(456,NULL,'Richmond Castle',2,368),(457,NULL,'Thiruketheeswaram Temple',2,369),(458,NULL,'Bandarawela Railway Station',2,370),(459,NULL,'Adisham Bungalow',2,371),(460,NULL,'Dowa Ancient Rock Temple',2,371),(461,NULL,'Gregory Lake',2,372),(462,'CTY_LK-7_AN-71_003','Mihintale',1,373),(463,NULL,'Jaffna Public Library',2,374),(464,NULL,'Palatuwa Ancient Temple',2,375),(465,NULL,'Negombo Beach Park',2,376),(466,NULL,'Vavuniya Archaeological Museum',2,377),(467,NULL,'Beira Lake',2,378),(468,'CTY_LK-2_NE-23_001','Nuwara Eliya',1,379),(469,NULL,'Vavuniya Tank',2,380),(470,NULL,'Mulkirigala Rock Temple',2,381),(471,NULL,'Water Tower Monument',2,382),(472,NULL,'Gadaladeniya Temple',2,383),(473,NULL,'Jaffna Fort',2,384),(474,'CTY_LK-6_KU-61_001','Kurunegala',1,385),(475,NULL,'Dambatenne Tea Factory',2,386),(476,NULL,'Matale Spice Garden',2,387),(477,'HPT','Hambantota Port',4,388),(478,NULL,'Panadura Beach',2,389),(479,NULL,'Matara Fort',2,390),(480,'CTY_LK-3_GA-31_002','Hikkaduwa',1,391),(481,NULL,'Matale Spice Garden',2,392),(482,NULL,'Iranamadu Tank',2,393),(483,NULL,'Viharamahadevi Park',2,394),(484,'CTY_LK-3_MT-32_001','Matara',1,395),(485,NULL,'Viharamahadevi Park',2,396),(486,NULL,'Ethagala Rock',2,397),(487,NULL,'Ibbagala Royal Cave Temple',2,397),(488,NULL,'Japanese Peace Pagoda',2,398),(489,NULL,'Viharamahadevi Park',2,399),(490,NULL,'Fort Area',2,400),(491,NULL,'Mahapelessa Hot Springs',2,401),(492,NULL,'Kiri Vehera',2,401),(493,'CTY_LK-2_NE-23_001','Nuwara Eliya',1,402),(494,'CTY_LK-2_KN-21_003','Kundasagara',1,403),(495,NULL,'Embekka Temple',2,403),(496,NULL,'Temple of the Sacred Tooth Relic',2,404),(497,NULL,'National Museum of Colombo',2,405),(498,'CTY_LK-9_KE-92_001','Kegalle',1,406),(499,'CTY_LK-1_CL-11_006','Ratmalana',1,407),(500,'CTY_LK-3_GA-31_001','Galle',1,408),(501,NULL,'Bandarawela Railway Station',2,409),(502,'CTY_LK-3_HM-33_001','Hambantota',1,410),(503,NULL,'Thalawila Church',2,411),(504,'CTY_LK-4_MN-24_001','Mannar',1,412),(505,'CTY_LK-4_JF-41_001','Jaffna',1,413),(506,'CTY_LK-1_CL-11_006','Ratmalana',1,414),(507,'CTY_LK-1_CL-11_010','Marawila',1,415),(508,NULL,'Kalpitiya Beach',2,415),(509,NULL,'Embekka Temple',2,416),(510,'CTY_LK-1_CL-11_002','Sri Jayawardenepura Kotte',1,417),(511,NULL,'Trincomalee Harbor',2,418),(512,NULL,'Koneswaram Temple',2,418),(513,'CTY_LK-3_HM-33_005','Palatuwa',1,419),(514,NULL,'Tissa Dagoba',2,420),(515,NULL,'Kataragama Temple Complex',2,420),(516,NULL,'Hummanaya Blow Hole',2,421),(517,NULL,'Kalpitiya Beach',2,422),(518,NULL,'Mahapelessa Hot Springs',2,423),(519,NULL,'Yatala Vehera',2,423),(520,NULL,'Pinnawala Elephant Orphanage',2,424),(521,'CTY_LK-9_KE-92_002','Kitulgala',1,424),(522,NULL,'Galle Fort',2,425),(523,'CTY_LK-1_GA-12_001','Negombo',1,426),(524,NULL,'Hanthana Mountain Range',2,427),(525,'CTY_LK-2_ML-22_001','Matale',1,428),(526,NULL,'Dutch Fort Ruins',2,429),(527,NULL,'Adisham Bungalow',2,430),(528,NULL,'Ancient City of Polonnaruwa',2,431),(529,NULL,'Mount Lavinia Beach Resort',2,432),(530,NULL,'Palatuwa Bird Sanctuary',2,433),(531,'CTY_LK-3_HM-33_002','Tissa',1,433),(532,NULL,'Bandarawela Park',2,434),(533,'CTY_LK-8_BA-81_003','Haputale',1,434),(534,'CTY_LK-1_CL-11_006','Ratmalana',1,435),(535,'CTY_LK-1_KL-13_003','Bentota',1,436),(536,NULL,'Panadura Bridge',2,437),(537,NULL,'Dambatenne Tea Factory',2,438),(538,'CTY_LK-8_BA-81_001','Badulla',1,439),(539,NULL,'Sinharaja Forest Reserve',2,440),(540,'CTY_LK-4_VA-43_001','Vavuniya',1,441),(541,'CTY_LK-1_CL-11_010','Marawila',1,442),(542,NULL,'Badulla Railway Station',2,443),(543,NULL,'Negombo Beach Park',2,444),(544,NULL,'Bandarawela Railway Station',2,445),(545,'CTY_LK-8_BA-81_003','Haputale',1,445),(546,NULL,'Jungle Beach',2,446),(547,NULL,'Diyawanna Oya',2,447),(548,'CTY_LK-8_BA-81_003','Haputale',1,448),(549,NULL,'Bandarawela Railway Station',2,448),(550,NULL,'Vavuniya Tank',2,449),(551,NULL,'Vavuniya Archaeological Museum',2,450),(552,'CTY_LK-2_KN-21_002','Peradeniya',1,451),(553,NULL,'Badulla Railway Station',2,452),(554,NULL,'Hikkaduwa Coral Sanctuary',2,453),(555,'CTY_LK-4_MN-24_001','Mannar',1,454),(556,NULL,'Gregory Lake',2,455),(557,NULL,'Pinnawala Elephant Orphanage',2,456),(558,NULL,'Bahiravokanda Vihara Buddha Statue',2,457),(559,'CTY_LK-3_GA-31_005','Mirissa',1,458),(560,NULL,'Water Tower Monument',2,459),(561,'CTY_LK-1_KL-13_003','Bentota',1,460),(562,NULL,'Fort Area',2,460),(563,'CTY_LK-8_BA-81_003','Haputale',1,461),(564,'CTY_LK-4_JF-41_001','Jaffna',1,462),(565,NULL,'Embekka Temple',2,463),(566,'CTY_LK-3_MT-32_001','Matara',1,464),(567,NULL,'National Museum of Colombo',2,465),(568,NULL,'Tangalle Beach',2,466),(569,'CTY_LK-2_NE-23_001','Nuwara Eliya',1,467),(570,NULL,'Sri Muthumariamman Temple',2,467),(571,NULL,'Mirissa Beach',2,468),(572,'HPT','Hambantota Port',4,468),(573,NULL,'St. Mary\'s Cathedral',2,469),(574,'CTY_LK-1_CL-11_010','Marawila',1,469),(575,NULL,'National Museum of Colombo',2,470),(576,NULL,'Buddhangala Forest Hermitage',2,471),(577,NULL,'Koneswaram Temple',2,471),(578,NULL,'Kallady Bridge',2,472),(579,'CTY_LK-3_GA-31_006','Tangalle',1,473),(580,NULL,'Sri Pada (Adam\'s Peak)',2,474),(581,NULL,'Belilena Cave',2,474),(582,'CTY_LK-4_JF-41_004','Mannar',1,475),(583,NULL,'Kilinochchi Market',2,475),(584,NULL,'Vavuniya Archaeological Museum',2,476),(585,NULL,'Temple of the Sacred Tooth Relic',2,477),(586,NULL,'Sri Maha Bodhi',2,478),(587,'CTY_LK-2_ML-22_002','Dambulla',1,478),(588,NULL,'Kitulgala Forest Reserve',2,479),(589,NULL,'Kelani River',2,479),(590,NULL,'Batticaloa Fort',2,480),(591,NULL,'Fort Frederick',2,480),(592,'CTY_LK-3_GA-31_001','Galle',1,481),(593,'CTY_LK-3_GA-31_005','Mirissa',1,481),(594,NULL,'Lunuganga Estate',2,482),(595,NULL,'Palatuwa Ancient Temple',2,483),(596,NULL,'Tissa Dagoba',2,483),(597,NULL,'Belilena Cave',2,484),(598,'CTY_LK-4_MN-24_001','Mannar',1,485),(599,NULL,'Beira Lake',2,486),(600,NULL,'Bahiravokanda Vihara Buddha Statue',2,487),(601,'CTY_LK-2_NE-23_001','Nuwara Eliya',1,487),(602,'CTY_LK-3_GA-31_006','Tangalle',1,488),(603,'CTY_LK-3_HM-33_001','Hambantota',1,489),(604,NULL,'Ceylon Tea Museum',2,490),(605,NULL,'Dowa Ancient Rock Temple',2,491),(606,NULL,'Pedro Tea Estate',2,492),(607,NULL,'Pinnawala Elephant Orphanage',2,493),(608,NULL,'Diyatha Uyana',2,494),(609,NULL,'Ceylon Tea Museum',2,495),(610,NULL,'Matara Fort',2,496),(611,NULL,'Bambalapitiya Beach',2,497),(612,NULL,'Viharamahadevi Park',2,497),(613,NULL,'Yatala Vehera',2,498),(614,NULL,'Yala National Park Eastern Entrance',2,498),(615,NULL,'Weligama Bay',2,499),(616,'CTY_LK-3_HM-33_002','Tissa',1,500),(617,NULL,'Nallur Kandaswamy Temple',2,501),(618,NULL,'Bandarawela Railway Station',2,502),(619,NULL,'Muthiyangana Raja Maha Vihara',2,502),(620,NULL,'Bahiravokanda Vihara Buddha Statue',2,503),(621,NULL,'Kushtarajagala',2,504),(622,NULL,'Mulkirigala Rock Temple',2,504),(623,NULL,'Mirissa Beach',2,505),(624,'CTY_LK-3_HM-33_002','Tissa',1,506),(625,NULL,'Iranamadu Tank',2,507),(626,'CTY_LK-4_JF-41_004','Mannar',1,508),(627,NULL,'Thalawila Church',2,509),(630,'CTY_LK-2_KN-21_001','Kandy',1,512),(631,NULL,'Lunuganga Estate',2,513),(632,NULL,'Ibbagala Royal Cave Temple',2,514),(633,'CTY_LK-6_PU-62_002','Chilaw',1,514),(634,NULL,'Mannar Fort',2,515),(635,NULL,'Bahiravokanda Vihara Buddha Statue',2,516),(636,'CTY_LK-1_CL-11_004','Dehiwala-Mount Lavinia',1,517),(637,NULL,'Negombo Beach Park',2,517),(638,'CMB','Bandaranaike International Airport',3,518),(639,'CTY_LK-1_KL-13_001','Kalutara',1,518),(640,NULL,'Dunhinda Falls',2,519),(641,NULL,'Embekka Temple',2,520),(642,NULL,'Cinnamon Island',2,521),(643,'CTY_LK-1_CL-11_006','Ratmalana',1,522),(644,'CTY_LK-8_BA-81_001','Badulla',1,523),(645,NULL,'Talaimannar Pier',2,524),(646,NULL,'Madukanda Vihara',2,525),(647,NULL,'Galapitamada Prehistoric Cave',2,526),(648,NULL,'Jaffna Public Library',2,527),(649,NULL,'Batticaloa Lagoon',2,528),(650,NULL,'Buddhangala Forest Hermitage',2,528),(651,'CTY_LK-2_NE-23_001','Nuwara Eliya',1,529),(652,NULL,'Kandy Lake',2,529),(653,NULL,'Dowa Ancient Rock Temple',2,530),(654,'CTY_LK-3_GA-31_002','Hikkaduwa',1,531),(655,NULL,'Kushtarajagala',2,532),(656,NULL,'Moragalla Beach',2,533),(657,NULL,'Vavuniya Tank',2,534),(658,NULL,'Adisham Bungalow',2,535),(659,NULL,'Kilinochchi Market',2,536),(660,NULL,'Water Tower Monument',2,536),(661,NULL,'Lunuganga Estate',2,537),(662,NULL,'Yatala Vehera',2,538),(663,NULL,'Palatuwa Ancient Temple',2,538),(664,NULL,'Hikkaduwa Coral Sanctuary',2,539),(665,NULL,'Hanguranketha Palace Ruins',2,540),(666,NULL,'Kitulgala Forest Reserve',2,540),(667,NULL,'Nallur Kandaswamy Temple',2,541),(668,NULL,'Kandy Lake',2,542),(669,NULL,'Bahiravokanda Vihara Buddha Statue',2,542),(670,'CMB','Bandaranaike International Airport',3,543),(671,'CTY_LK-2_ML-22_001','Matale',1,544),(672,NULL,'Mount Lavinia Beach Resort',2,545),(673,NULL,'Diyatha Uyana',2,545),(674,NULL,'Negombo Lagoon',2,546),(675,'CTY_LK-6_PU-62_001','Puttalam',1,547),(676,'CTY_LK-6_KU-61_001','Kurunegala',1,547),(677,NULL,'Embekka Temple',2,548),(678,NULL,'Iranamadu Tank',2,549),(679,NULL,'Jaffna Public Library',2,549),(680,NULL,'Ibbankatuwa Megalithic Tombs',2,550),(681,NULL,'Parakrama Samudra',2,550),(682,NULL,'Ratmalana Airport',2,551),(683,'CTY_LK-4_VA-43_001','Vavuniya',1,552),(684,NULL,'Munneswaram Temple',2,553),(685,NULL,'Marawila Beach',2,553),(686,NULL,'Abhayagiri Vihra',2,554),(687,'CTY_LK-3_MT-32_001','Matara',1,555),(688,NULL,'Ratmalana Airport',2,556),(689,NULL,'Lunuganga Estate',2,556),(690,NULL,'Gangaramaya Temple',2,557),(691,NULL,'Sri Muthumariamman Temple',2,558),(692,NULL,'Sinharaja Forest Reserve',2,559),(693,NULL,'Dambatenne Tea Factory',2,560),(694,NULL,'Dunhinda Falls',2,560),(695,NULL,'Yatala Vehera',2,561),(696,NULL,'Abhayagiri Vihra',2,562),(697,NULL,'Kallady Bridge',2,563),(698,NULL,'Batticaloa Fort',2,563),(699,'CTY_LK-4_JF-41_004','Mannar',1,564),(700,NULL,'Vavuniya Archaeological Museum',2,564),(701,NULL,'Nallur Kandaswamy Temple',2,565),(702,NULL,'Ratmalana Airport',2,566),(703,NULL,'Kalutara Bodhiya',2,566),(704,NULL,'St. Mary\'s Cathedral',2,567),(705,'CTY_LK-1_CL-11_010','Marawila',1,567),(706,'CTY_LK-1_CL-11_004','Dehiwala-Mount Lavinia',1,568),(707,NULL,'National Museum of Colombo',2,569),(708,NULL,'Fort Area',2,570),(709,NULL,'Trincomalee Harbor',2,571),(710,NULL,'Kalkudah Beach',2,571),(711,'CTY_LK-9_KE-92_002','Kitulgala',1,572),(712,NULL,'Tissa Wewa',2,573),(713,NULL,'Badulla Railway Station',2,574),(714,NULL,'Bandarawela Park',2,574),(715,NULL,'Bundala National Park',2,575),(716,'CTY_LK-2_KN-21_002','Peradeniya',1,576),(717,NULL,'Dutch Fort Puttalam',2,577),(718,NULL,'Ibbagala Royal Cave Temple',2,577),(719,NULL,'Bandarawela Park',2,578),(720,NULL,'Lipton\'s Seat',2,579),(721,'CTY_LK-3_GA-31_003','Weligama',1,580),(722,NULL,'Chilaw Lagoon',2,581),(723,NULL,'Ibbagala Royal Cave Temple',2,581),(724,NULL,'Ratmalana Airport',2,582),(725,NULL,'Ceylon Tea Museum',2,583),(726,NULL,'Bambalapitiya Beach',2,584),(727,'CTY_LK-1_KL-13_003','Bentota',1,585),(728,'CTY_LK-6_PU-62_002','Chilaw',1,586),(729,'CTY_LK-6_KU-61_001','Kurunegala',1,587),(730,'HRI','Mattala Rajapaksa International Airport',3,588),(731,NULL,'Jaffna Public Library',2,589),(732,NULL,'Mannar Fort',2,589),(733,'CTY_LK-3_HM-33_002','Tissa',1,590),(734,'CTY_LK-3_HM-33_005','Palatuwa',1,590),(735,NULL,'Pinnawala Elephant Orphanage',2,591),(736,'CTY_LK-1_KL-13_001','Kalutara',1,592),(737,NULL,'Dutch Fort Puttalam',2,593),(738,'CTY_LK-1_CL-11_010','Marawila',1,593),(739,NULL,'Kurunegala Lake',2,594),(740,NULL,'Dutch Fort Puttalam',2,594),(741,NULL,'Lipton\'s Seat',2,595),(742,NULL,'Jaffna Fort',2,596),(743,NULL,'Yatala Vehera',2,597),(744,NULL,'Sella Kataragama',2,597),(745,NULL,'Moragalla Beach',2,598),(746,NULL,'Negombo Lagoon',2,599),(747,NULL,'Kiri Vehera',2,600),(748,'CTY_LK-3_HM-33_005','Palatuwa',1,600),(749,NULL,'Bambalapitiya Beach',2,601),(750,NULL,'Unawatuna Beach',2,602),(751,NULL,'Mount Lavinia Beach Resort',2,603),(752,NULL,'Kantaka Cetiya',2,604),(753,NULL,'Ibbankatuwa Megalithic Tombs',2,604),(754,NULL,'Palatuwa Bird Sanctuary',2,605),(755,NULL,'Yala National Park Eastern Entrance',2,605),(756,'CTY_LK-6_PU-62_001','Puttalam',1,606),(757,NULL,'Chilaw Lagoon',2,606),(758,NULL,'Koneswaram Temple',2,607),(759,NULL,'Koneswaram Temple',2,607),(760,NULL,'Gangaramaya Temple',2,608),(761,NULL,'Yatala Vehera',2,609),(762,'CTY_LK-3_GA-31_006','Tangalle',1,610),(763,'CTY_LK-5_BA-51_004','Pasikuda',1,611),(764,NULL,'Kallady Bridge',2,611),(765,'CTY_LK-8_BA-81_002','Bandarawela',1,612),(766,NULL,'Whale Watching Point',2,613),(767,NULL,'Batticaloa Fort',2,614),(768,NULL,'Adisham Bungalow',2,615),(769,'CTY_LK-2_KN-21_002','Peradeniya',1,616),(770,NULL,'Dunhinda Falls',2,617),(771,'CTY_LK-3_GA-31_002','Hikkaduwa',1,618),(772,'CTY_LK-3_GA-31_005','Mirissa',1,618),(773,NULL,'Beira Lake',2,619),(774,NULL,'Talaimannar Pier',2,620),(775,'JAF','Jaffna International Airport',3,621),(776,'CTY_LK-1_CL-11_001','Colombo',1,622),(777,NULL,'Batticaloa Fort',2,623),(778,NULL,'Kalkudah Beach',2,623),(779,NULL,'Lunuganga Estate',2,624),(780,NULL,'Negombo Beach Park',2,625),(781,NULL,'Trincomalee Harbor',2,626),(782,NULL,'Buddhangala Forest Hermitage',2,626),(783,NULL,'Dambulla Cave Temple',2,627),(784,NULL,'Viharamahadevi Park',2,628),(785,NULL,'Badulla Railway Station',2,629),(786,NULL,'Negombo Beach Park',2,630),(787,'CTY_LK-1_KL-13_003','Bentota',1,631),(788,NULL,'Sinharaja Forest Reserve',2,632),(789,NULL,'Mulkirigala Rock Temple',2,633),(790,NULL,'Beira Lake',2,634),(791,'HPT','Hambantota Port',4,635),(792,NULL,'Bandarawela Park',2,636),(793,NULL,'Victoria Park',2,637),(794,NULL,'Dambatenne Tea Factory',2,638),(795,NULL,'Gregory Lake',2,639),(796,'CTY_LK-2_KN-21_003','Kundasagara',1,640),(797,NULL,'Munneswaram Temple',2,641),(798,NULL,'Thalawila Church',2,641),(799,NULL,'Rumassala Hill',2,642),(800,NULL,'Munneswaram Temple',2,643),(801,NULL,'Vavuniya Archaeological Museum',2,644),(802,'CTY_LK-4_MN-24_001','Mannar',1,644),(803,NULL,'Moragalla Beach',2,645),(804,'CTY_LK-1_CL-11_001','Colombo',1,646),(805,NULL,'St. Mary\'s Cathedral',2,647),(806,NULL,'Ceylon Tea Museum',2,648),(807,NULL,'Talaimannar Pier',2,649),(808,NULL,'Taprobane Island',2,650),(809,NULL,'Thiruketheeswaram Temple',2,651),(810,NULL,'Jaffna Fort',2,652),(811,NULL,'Palatuwa Ancient Temple',2,653),(812,NULL,'Kiri Vehera',2,653),(813,NULL,'Bundala National Park',2,654),(814,NULL,'Lunuganga Estate',2,655),(815,'CTY_LK-8_BA-81_001','Badulla',1,656),(816,'CTY_LK-9_KE-92_002','Kitulgala',1,657),(817,NULL,'Embekka Wooden Temple',2,657),(818,NULL,'Thalawila Church',2,658),(819,NULL,'Ethagala Rock',2,658),(820,NULL,'Panadura Beach',2,659),(821,NULL,'Panadura Beach',2,660),(822,NULL,'Badulla Railway Station',2,661),(823,NULL,'Dowa Ancient Rock Temple',2,661),(824,NULL,'Negombo Beach Park',2,662),(825,'HRI','Mattala Rajapaksa International Airport',3,663),(826,'HPT','Hambantota Port',4,664),(827,NULL,'Dutch Fort Ruins',2,665),(828,NULL,'Ratmalana Airport',2,665),(829,'JAF','Jaffna International Airport',3,666),(830,NULL,'Jaffna Fort',2,667),(831,NULL,'Rumassala Hill',2,668),(832,NULL,'Hummanaya Blow Hole',2,668),(833,'CTY_LK-4_MN-24_001','Mannar',1,669),(834,NULL,'Beira Lake',2,670),(835,'CTY_LK-1_KL-13_001','Kalutara',1,670),(836,'CTY_LK-5_AM-52_001','Ampara',1,671),(837,NULL,'Trincomalee Harbor',2,671),(838,'CTY_LK-2_KN-21_001','Kandy',1,672),(839,NULL,'Matara Fort',2,673),(840,'CTY_LK-8_BA-81_002','Bandarawela',1,674),(841,NULL,'Matale Spice Garden',2,675),(842,NULL,'Coconut Cultural Park',2,676),(843,NULL,'Jaffna Fort',2,677),(844,'CTY_LK-2_ML-22_001','Matale',1,678),(845,'CTY_LK-4_VA-43_001','Vavuniya',1,679),(846,NULL,'Parliament of Sri Lanka',2,680),(847,NULL,'Bundala National Park',2,681),(848,NULL,'Kallady Bridge',2,682),(849,'CTY_LK-4_KI-45_001','Kilinochchi',1,683),(850,NULL,'Jaffna Fort',2,683),(851,NULL,'Vavuniya Archaeological Museum',2,684),(852,NULL,'Koneswaram Temple',2,685),(853,NULL,'Batticaloa Lagoon',2,685),(854,NULL,'Mount Lavinia Beach Resort',2,686),(855,NULL,'Bandarawela Railway Station',2,687),(856,'CTY_LK-8_BA-81_002','Bandarawela',1,687),(857,NULL,'Ceylon Tea Museum',2,688),(858,'CTY_LK-7_PO-72_001','Polonnaruwa',1,689),(859,NULL,'Panadura Bridge',2,690),(860,NULL,'Mirissa Beach',2,691),(861,NULL,'Kalpitiya Beach',2,692),(862,'CTY_LK-6_PU-62_001','Puttalam',1,692),(863,'CTY_LK-2_NE-23_001','Nuwara Eliya',1,693),(864,'CTY_LK-4_JF-41_001','Jaffna',1,694),(865,'CTY_LK-3_GA-31_002','Hikkaduwa',1,695),(866,NULL,'Ibbagala Royal Cave Temple',2,696),(867,NULL,'Thalawila Church',2,696),(868,NULL,'Vavuniya Archaeological Museum',2,697),(869,'CTY_LK-4_MN-24_001','Mannar',1,698),(870,NULL,'Jaffna Fort',2,698),(871,NULL,'Negombo Beach Park',2,699),(872,NULL,'Batticaloa Lagoon',2,700),(873,NULL,'Kantaka Cetiya',2,701),(874,NULL,'Mihintale Mountain',2,701),(875,NULL,'Embekka Temple',2,702),(876,'CTY_LK-7_AN-71_003','Mihintale',1,703),(877,NULL,'Ruwanwelisaya Stupa',2,703),(878,'CTY_LK-3_GA-31_002','Hikkaduwa',1,704),(879,NULL,'Sri Muthumariamman Temple',2,705),(880,'CTY_LK-2_KN-21_002','Peradeniya',1,705),(881,'CTY_LK-1_CL-11_004','Dehiwala-Mount Lavinia',1,706),(882,NULL,'Kelani River',2,707),(883,'CTY_LK-9_RA-91_001','Ratnapura',1,708),(884,NULL,'Matara Fort',2,709),(885,'CTY_LK-3_GA-31_005','Mirissa',1,709),(886,NULL,'Dowa Ancient Rock Temple',2,710),(887,'CTY_LK-8_BA-81_002','Bandarawela',1,710),(888,'CTY_LK-2_KN-21_003','Kundasagara',1,711),(889,NULL,'Gangaramaya Temple',2,712),(890,NULL,'Independence Memorial Hall',2,713),(891,NULL,'Ratnapura National Museum',2,714),(892,NULL,'Kitulgala Forest Reserve',2,714),(893,'CTY_LK-1_CL-11_006','Ratmalana',1,715),(894,NULL,'Negombo Beach Park',2,716),(895,NULL,'Badulla Railway Station',2,717),(896,NULL,'Lunuganga Estate',2,718),(897,NULL,'Mannar Fort',2,719),(898,NULL,'Water Tower Monument',2,720),(899,NULL,'Dowa Ancient Rock Temple',2,721),(900,'CTY_LK-4_MN-24_001','Mannar',1,722),(901,NULL,'Jaffna Fort',2,723),(902,NULL,'Udawattakele Forest Reserve',2,724),(903,'CTY_LK-2_ML-22_001','Matale',1,724),(904,NULL,'Gregory Lake',2,725),(905,'CTY_LK-7_PO-72_001','Polonnaruwa',1,726),(906,NULL,'Mihintale Hospital Ruins',2,727),(907,'CTY_LK-8_BA-81_003','Haputale',1,728),(908,NULL,'Water Tower Monument',2,729),(909,'CTY_LK-2_NE-23_001','Nuwara Eliya',1,730),(910,NULL,'Kiri Vehera',2,731),(911,'CTY_LK-3_HM-33_005','Palatuwa',1,731),(912,NULL,'Fort Area',2,732),(913,NULL,'Muthiyangana Raja Maha Vihara',2,733),(914,'CTY_LK-8_BA-81_001','Badulla',1,733),(915,NULL,'Taprobane Island',2,734),(916,'CTY_LK-1_GA-12_001','Negombo',1,735),(917,NULL,'Talaimannar Pier',2,736),(918,'CTY_LK-8_BA-81_002','Bandarawela',1,737),(919,NULL,'Muthiyangana Raja Maha Vihara',2,737),(920,NULL,'Ranmasu Uyana',2,738),(921,'CTY_LK-7_PO-72_001','Polonnaruwa',1,738),(922,NULL,'Chilaw Lagoon',2,739),(923,NULL,'Marawila Beach',2,739),(924,NULL,'Rumassala Hill',2,740),(925,'CTY_LK-4_JF-41_001','Jaffna',1,741),(926,'CTY_LK-1_CL-11_004','Dehiwala-Mount Lavinia',1,742),(927,NULL,'Cinnamon Island',2,743),(928,NULL,'Galapitamada Prehistoric Cave',2,744),(929,NULL,'Ambuluwawa Tower',2,744),(930,'CTY_LK-5_BA-51_004','Pasikuda',1,745),(931,NULL,'Bambalapitiya Beach',2,746),(932,'CTY_LK-1_CL-11_004','Dehiwala-Mount Lavinia',1,747),(933,NULL,'Hanthana Mountain Range',2,748),(934,NULL,'Gregory Lake',2,749),(935,NULL,'Galapitamada Prehistoric Cave',2,750),(936,NULL,'Sinharaja Forest Reserve',2,750),(937,NULL,'Muthiyangana Raja Maha Vihara',2,751),(938,NULL,'Badulla Railway Station',2,751),(939,NULL,'Hummanaya Blow Hole',2,752),(940,'CTY_LK-4_VA-43_001','Vavuniya',1,753),(941,NULL,'Mannar Fort',2,754),(942,'CTY_LK-8_BA-81_001','Badulla',1,755),(943,'CTY_LK-3_MT-32_001','Matara',1,756),(944,NULL,'Pasikuda Beach',2,757),(945,NULL,'Pinnawala Elephant Orphanage',2,758),(946,NULL,'Kilinochchi Market',2,759),(947,NULL,'Kalutara Bodhiya',2,760),(948,NULL,'Ratmalana Airport',2,761),(949,NULL,'Yatala Vehera',2,762),(950,NULL,'Kataragama Temple Complex',2,762),(951,NULL,'Koneswaram Temple',2,763),(952,NULL,'Mannar Fort',2,764),(953,'CTY_LK-2_NE-23_001','Nuwara Eliya',1,765),(954,NULL,'Bandarawela Railway Station',2,766),(955,NULL,'Parrot Rock',2,767),(956,'CTY_LK-3_MT-32_001','Matara',1,768),(957,'CTY_LK-4_JF-41_001','Jaffna',1,769),(958,'CTY_LK-8_BA-81_002','Bandarawela',1,770),(959,'CMB','Bandaranaike International Airport',3,771),(960,NULL,'Kelani River',2,772),(961,'CTY_LK-1_KL-13_003','Bentota',1,773),(962,'CTY_LK-1_KL-13_003','Bentota',1,774),(963,NULL,'Negombo Lagoon',2,775),(964,NULL,'Vavuniya Tank',2,776),(965,'HRI','Mattala Rajapaksa International Airport',3,777),(966,NULL,'Parakrama Samudra',2,778),(967,NULL,'Abhayagiri Vihra',2,778),(968,NULL,'Kalutara Bodhiya',2,779),(969,NULL,'Hummanaya Blow Hole',2,780),(970,NULL,'Dowa Ancient Rock Temple',2,781),(971,NULL,'Parrot Rock',2,782),(972,NULL,'Diyatha Uyana',2,783),(973,'CTY_LK-2_KN-21_001','Kandy',1,784),(974,NULL,'Jaffna Public Library',2,785),(975,'CTY_LK-5_BA-51_004','Pasikuda',1,786),(976,NULL,'Vavuniya Archaeological Museum',2,787),(977,NULL,'Dutch Fort Puttalam',2,788),(978,'CTY_LK-6_PU-62_002','Chilaw',1,788),(979,NULL,'Lunuganga Estate',2,789),(980,NULL,'Independence Memorial Hall',2,790),(981,NULL,'Batticaloa Lagoon',2,791),(982,NULL,'Water Tower Monument',2,792),(983,'CTY_LK-3_GA-31_002','Hikkaduwa',1,793),(984,'CTY_LK-1_KL-13_003','Bentota',1,794),(985,NULL,'Lipton\'s Seat',2,795),(986,'CTY_LK-2_KN-21_003','Kundasagara',1,796),(987,NULL,'Kilinochchi Market',2,797),(988,'CTY_LK-3_GA-31_003','Weligama',1,798),(989,'CTY_LK-2_NE-23_001','Nuwara Eliya',1,799),(990,NULL,'Kandy Lake',2,799),(991,NULL,'Richmond Castle',2,800),(992,'CTY_LK-1_KL-13_003','Bentota',1,801),(993,NULL,'Hikkaduwa Coral Sanctuary',2,802),(994,NULL,'Matale Spice Garden',2,803),(995,NULL,'Pedro Tea Estate',2,803),(996,'CTY_LK-2_NE-23_001','Nuwara Eliya',1,804),(997,NULL,'Badulla Railway Station',2,805),(998,NULL,'Adisham Bungalow',2,805),(999,'CTY_LK-1_CL-11_004','Dehiwala-Mount Lavinia',1,806),(1000,NULL,'Muthiyangana Raja Maha Vihara',2,807),(1001,'CTY_LK-8_BA-81_001','Badulla',1,807),(1002,NULL,'Ambuluwawa Tower',2,808),(1003,NULL,'Galapitamada Prehistoric Cave',2,808),(1004,NULL,'Vavuniya Tank',2,809),(1005,'CTY_LK-8_BA-81_003','Haputale',1,810),(1006,NULL,'National Museum of Colombo',2,811),(1007,NULL,'Cinnamon Island',2,812),(1008,NULL,'Adisham Bungalow',2,813),(1009,NULL,'Lipton\'s Seat',2,814),(1010,NULL,'Bahiravokanda Vihara Buddha Statue',2,814),(1011,NULL,'Kallady Bridge',2,815),(1012,NULL,'Koneswaram Temple',2,815),(1013,NULL,'Kurunegala Lake',2,816),(1014,'CTY_LK-7_PO-72_001','Polonnaruwa',1,817),(1015,'CTY_LK-7_AN-71_003','Mihintale',1,817),(1016,NULL,'Kilinochchi Market',2,818),(1017,NULL,'Nallur Kandaswamy Temple',2,819),(1018,NULL,'Koneswaram Temple',2,820),(1019,NULL,'Bandarawela Railway Station',2,821),(1020,NULL,'Dambatenne Tea Factory',2,821),(1021,NULL,'Mirissa Beach',2,822),(1022,'CTY_LK-2_KN-21_002','Peradeniya',1,823),(1023,NULL,'Negombo Lagoon',2,824),(1024,NULL,'Jaffna Public Library',2,825),(1025,NULL,'Talaimannar Pier',2,825),(1026,NULL,'Iranamadu Tank',2,826),(1027,NULL,'Galle Fort',2,827),(1028,NULL,'Tissa Wewa',2,828),(1029,NULL,'Gadaladeniya Temple',2,829),(1030,NULL,'Kitulgala Forest Reserve',2,829),(1031,NULL,'Water Tower Monument',2,830),(1032,'CTY_LK-5_TR-53_001','Trincomalee',1,831),(1033,NULL,'Batticaloa Fort',2,831),(1034,'CTY_LK-2_KN-21_001','Kandy',1,832),(1035,NULL,'Hikkaduwa Coral Sanctuary',2,833),(1036,NULL,'Negombo Beach Park',2,834),(1037,'CTY_LK-3_GA-31_003','Weligama',1,835),(1038,'CTY_LK-5_AM-52_001','Ampara',1,836),(1039,NULL,'Koneswaram Temple',2,837),(1040,NULL,'Lipton\'s Seat',2,838),(1041,NULL,'Embekka Temple',2,838),(1042,NULL,'Whale Watching Point',2,839),(1043,'CTY_LK-5_TR-53_001','Trincomalee',1,840),(1044,NULL,'Unawatuna Beach',2,841),(1045,NULL,'Parliament of Sri Lanka',2,842),(1046,NULL,'Pasikuda Beach',2,843),(1047,NULL,'Hikkaduwa Beach',2,844),(1048,NULL,'Tangalle Beach',2,845),(1049,NULL,'Batticaloa Lagoon',2,846),(1050,'RML','Ratmalana Airport',3,847),(1051,NULL,'Bandarawela Park',2,848),(1052,NULL,'Pinnawala Elephant Orphanage',2,849),(1053,NULL,'Matale Spice Garden',2,850),(1054,NULL,'Gregory Lake',2,850),(1055,'CTY_LK-4_JF-41_001','Jaffna',1,851),(1056,'CTY_LK-9_KE-92_002','Kitulgala',1,852),(1057,'CTY_LK-4_MN-24_001','Mannar',1,853),(1058,NULL,'Jaffna Public Library',2,854),(1059,NULL,'Gregory Lake',2,855),(1060,NULL,'Dunhinda Falls',2,856),(1061,NULL,'Iranamadu Tank',2,857),(1062,'CTY_LK-3_GA-31_002','Hikkaduwa',1,858),(1063,'CTY_LK-3_GA-31_006','Tangalle',1,858),(1064,NULL,'Bahiravokanda Vihara Buddha Statue',2,859),(1065,NULL,'Pedro Tea Estate',2,859),(1066,NULL,'Matale Spice Garden',2,860),(1067,NULL,'Tissa Dagoba',2,861),(1068,NULL,'Tissa Wewa',2,861),(1069,'CTY_LK-3_GA-31_005','Mirissa',1,862),(1070,NULL,'Udawattakele Forest Reserve',2,863),(1071,'CTY_LK-3_HM-33_001','Hambantota',1,864),(1072,'CTY_LK-8_BA-81_002','Bandarawela',1,865),(1073,NULL,'Hikkaduwa Beach',2,866),(1074,NULL,'Panadura Bridge',2,867),(1075,'CTY_LK-1_CL-11_006','Ratmalana',1,868),(1076,NULL,'Hanthana Mountain Range',2,869),(1077,NULL,'Bahiravokanda Vihara Buddha Statue',2,870),(1078,NULL,'Dambatenne Tea Factory',2,871),(1079,'CTY_LK-4_JF-41_004','Mannar',1,872),(1080,NULL,'Muthiyangana Raja Maha Vihara',2,873),(1081,'CTY_LK-2_KN-21_002','Peradeniya',1,874),(1082,NULL,'Polhena Beach',2,875),(1083,'CMB','Bandaranaike International Airport',3,876),(1084,NULL,'Belilena Cave',2,877),(1085,'CTY_LK-4_JF-41_001','Jaffna',1,878),(1086,NULL,'Batticaloa Lagoon',2,879),(1087,NULL,'Trincomalee Harbor',2,879),(1088,NULL,'Jungle Beach',2,880),(1089,NULL,'Kalutara Bodhiya',2,881),(1090,'CTY_LK-8_BA-81_001','Badulla',1,882),(1091,NULL,'Victoria Park',2,883),(1092,NULL,'Nallur Kandaswamy Temple',2,884),(1093,'CTY_LK-1_CL-11_006','Ratmalana',1,885),(1094,NULL,'Dunhinda Falls',2,886),(1095,'CTY_LK-1_KL-13_003','Bentota',1,887),(1096,'CTY_LK-8_BA-81_003','Haputale',1,888),(1097,NULL,'Badulla Railway Station',2,889),(1098,NULL,'Beira Lake',2,890),(1099,NULL,'Richmond Castle',2,891),(1100,NULL,'Richmond Castle',2,892),(1101,'CTY_LK-3_GA-31_001','Galle',1,893),(1102,NULL,'Rumassala Hill',2,893),(1103,'CTY_LK-2_NE-23_001','Nuwara Eliya',1,894),(1104,NULL,'Talaimannar Pier',2,895),(1105,NULL,'Vavuniya Archaeological Museum',2,896),(1106,NULL,'Dowa Ancient Rock Temple',2,897),(1107,NULL,'Kandy Lake',2,898),(1108,NULL,'Vavuniya Archaeological Museum',2,899),(1109,NULL,'Panadura Beach',2,900),(1110,'JAF','Jaffna International Airport',3,901),(1111,NULL,'Iranamadu Tank',2,901),(1112,NULL,'Cinnamon Island',2,902),(1113,'CTY_LK-5_AM-52_001','Ampara',1,903),(1114,NULL,'Bandarawela Railway Station',2,904),(1115,'CTY_LK-8_BA-81_002','Bandarawela',1,904),(1116,NULL,'Fort Frederick',2,905),(1117,NULL,'Fort Frederick',2,905),(1118,NULL,'Polhena Beach',2,906),(1119,NULL,'Hikkaduwa Coral Sanctuary',2,907),(1120,NULL,'Mihintale Mountain',2,908),(1121,NULL,'Dutch Fort Ruins',2,909),(1122,NULL,'Vavuniya Archaeological Museum',2,910),(1123,NULL,'Hikkaduwa Coral Sanctuary',2,911),(1124,'CTY_LK-1_CL-11_006','Ratmalana',1,912),(1125,'CTY_LK-4_JF-41_001','Jaffna',1,913),(1126,NULL,'Temple of the Sacred Tooth Relic',2,914),(1127,NULL,'Lunuganga Estate',2,915),(1128,NULL,'Pedro Tea Estate',2,916),(1129,NULL,'Dowa Ancient Rock Temple',2,917),(1130,NULL,'Muthiyangana Raja Maha Vihara',2,918),(1131,'CTY_LK-3_GA-31_006','Tangalle',1,919),(1132,NULL,'Mulkirigala Rock Temple',2,919),(1133,NULL,'Kilinochchi Market',2,920),(1134,NULL,'Vavuniya Tank',2,921),(1135,NULL,'Jaffna Fort',2,921),(1136,NULL,'Parakrama Samudra',2,922),(1137,NULL,'Rumassala Hill',2,923),(1138,NULL,'Gal Vihara',2,924),(1139,NULL,'Dambulla Cave Temple',2,924),(1140,'CTY_LK-3_GA-31_001','Galle',1,925),(1141,'CTY_LK-4_MN-24_001','Mannar',1,926),(1142,NULL,'Mulkirigala Rock Temple',2,927),(1143,NULL,'Fort Frederick',2,928),(1144,NULL,'Kalkudah Beach',2,928),(1145,NULL,'Tangalle Beach',2,929),(1146,NULL,'Parrot Rock',2,930),(1147,NULL,'Thiruketheeswaram Temple',2,931),(1148,NULL,'Matale Spice Garden',2,932),(1149,NULL,'Gadaladeniya Temple',2,933),(1150,'CTY_LK-9_KE-92_001','Kegalle',1,933),(1151,'CMB','Bandaranaike International Airport',3,934),(1152,'CTY_LK-9_KE-92_001','Kegalle',1,935),(1153,NULL,'Yala National Park Eastern Entrance',2,936),(1154,NULL,'Vavuniya Tank',2,937),(1155,NULL,'Richmond Castle',2,938),(1156,NULL,'Temple of the Sacred Tooth Relic',2,939),(1157,NULL,'Hikkaduwa Beach',2,940),(1158,NULL,'Marawila Beach',2,941),(1159,NULL,'Kalpitiya Beach',2,941),(1160,NULL,'Negombo Lagoon',2,942),(1161,NULL,'Ceylon Tea Museum',2,943),(1162,NULL,'Adisham Bungalow',2,944),(1163,NULL,'Muthiyangana Raja Maha Vihara',2,944),(1164,NULL,'Ceylon Tea Museum',2,945),(1165,'HRI','Mattala Rajapaksa International Airport',3,946),(1166,NULL,'Dowa Ancient Rock Temple',2,947),(1167,NULL,'Dunhinda Falls',2,947),(1168,'CTY_LK-8_BA-81_003','Haputale',1,948),(1169,NULL,'Fort Frederick',2,949),(1170,'JAF','Jaffna International Airport',3,950),(1171,NULL,'Jaffna Public Library',2,950),(1172,'CTY_LK-2_KN-21_002','Peradeniya',1,951),(1173,NULL,'Hanthana Mountain Range',2,952),(1174,NULL,'Mahapelessa Hot Springs',2,953),(1175,NULL,'Yala National Park Eastern Entrance',2,953),(1176,'CTY_LK-1_CL-11_002','Sri Jayawardenepura Kotte',1,954),(1177,'CTY_LK-2_KN-21_003','Kundasagara',1,955),(1178,NULL,'Jaffna Public Library',2,956),(1179,NULL,'Bandarawela Railway Station',2,957),(1180,'CTY_LK-8_BA-81_001','Badulla',1,958),(1181,NULL,'Gregory Lake',2,959),(1182,NULL,'Bambalapitiya Beach',2,960),(1183,NULL,'Bandarawela Park',2,961),(1184,NULL,'Ratmalana Airport',2,962),(1185,NULL,'Ibbagala Royal Cave Temple',2,963),(1186,'CTY_LK-6_KU-61_001','Kurunegala',1,963),(1187,NULL,'Kitulgala Forest Reserve',2,964),(1188,'CTY_LK-9_RA-91_001','Ratnapura',1,964),(1189,NULL,'Weligama Bay',2,965),(1190,NULL,'Beira Lake',2,966),(1191,NULL,'Gangaramaya Temple',2,967),(1192,'CTY_LK-3_HM-33_002','Tissa',1,968),(1193,NULL,'Tissa Wewa',2,968),(1194,'CTY_LK-8_BA-81_002','Bandarawela',1,969),(1195,'CTY_LK-5_BA-51_004','Pasikuda',1,970),(1196,NULL,'Kilinochchi Market',2,971),(1197,NULL,'Vavuniya Archaeological Museum',2,971),(1198,NULL,'Hikkaduwa Beach',2,972),(1199,NULL,'Kalkudah Beach',2,973),(1200,NULL,'Batticaloa Lagoon',2,973),(1201,'CTY_LK-9_KE-92_001','Kegalle',1,974),(1202,NULL,'Kitulgala Forest Reserve',2,974),(1203,NULL,'Nallur Kandaswamy Temple',2,975),(1204,NULL,'Kalpitiya Beach',2,976),(1205,NULL,'Kalutara Bodhiya',2,977),(1206,NULL,'Fort Area',2,978),(1207,NULL,'Bambalapitiya Beach',2,979),(1208,'CTY_LK-1_GA-12_001','Negombo',1,980),(1209,NULL,'Pedro Tea Estate',2,981),(1210,NULL,'Udawattakele Forest Reserve',2,982),(1211,NULL,'Hanthana Mountain Range',2,982),(1212,'CMB','Bandaranaike International Airport',3,983),(1213,'CTY_LK-8_BA-81_001','Badulla',1,984),(1214,'CTY_LK-1_KL-13_003','Bentota',1,985),(1215,NULL,'Negombo Lagoon',2,985),(1216,NULL,'Sri Muthumariamman Temple',2,986),(1217,NULL,'Mirissa Beach',2,987),(1218,NULL,'Bambalapitiya Beach',2,988),(1219,'CTY_LK-9_RA-91_001','Ratnapura',1,989),(1220,NULL,'Ratnapura National Museum',2,989),(1221,NULL,'Madukanda Vihara',2,990),(1222,'CTY_LK-2_NE-23_001','Nuwara Eliya',1,991),(1223,'CTY_LK-2_KN-21_001','Kandy',1,992),(1224,NULL,'Lipton\'s Seat',2,992),(1225,NULL,'Panadura Beach',2,993),(1226,'CTY_LK-3_GA-31_006','Tangalle',1,994),(1227,NULL,'Parrot Rock',2,994),(1228,NULL,'Japanese Peace Pagoda',2,995),(1229,NULL,'Sri Maha Bodhi',2,996),(1230,NULL,'Dambulla Cave Temple',2,997),(1231,'CTY_LK-2_ML-22_002','Dambulla',1,997),(1232,NULL,'Belilena Cave',2,998),(1233,NULL,'Diyawanna Oya',2,999),(1234,NULL,'Dutch Fort Ruins',2,1000),(1235,'CTY_LK-1_KL-13_003','Bentota',1,1001),(1236,NULL,'Sri Muthumariamman Temple',2,1002),(1237,NULL,'Gregory Lake',2,1002),(1238,NULL,'Unawatuna Beach',2,1003),(1239,NULL,'Badulla Railway Station',2,1004),(1240,'CTY_LK-8_BA-81_001','Badulla',1,1004),(1241,NULL,'Richmond Castle',2,1005),(1242,'CTY_LK-3_MT-32_001','Matara',1,1006),(1243,NULL,'Dowa Ancient Rock Temple',2,1007),(1244,NULL,'Panadura Beach',2,1008),(1245,NULL,'Cinnamon Island',2,1009),(1246,NULL,'Diyawanna Oya',2,1010),(1247,NULL,'Ceylon Tea Museum',2,1011),(1248,'CTY_LK-2_KN-21_003','Kundasagara',1,1011);
/*!40000 ALTER TABLE `droplocation` ENABLE KEYS */;
UNLOCK TABLES;

--
-- Table structure for table `employee`
--

DROP TABLE IF EXISTS `employee`;
/*!40101 SET @saved_cs_client     = @@character_set_client */;
/*!50503 SET character_set_client = utf8mb4 */;
CREATE TABLE `employee` (
  `id` int NOT NULL AUTO_INCREMENT,
  `number` varchar(6) NOT NULL,
  `fullname` varchar(255) DEFAULT NULL,
  `callingname` varchar(45) DEFAULT NULL,
  `photo` longblob,
  `dobirth` date DEFAULT NULL,
  `nic` varchar(12) DEFAULT NULL,
  `address` tinytext,
  `mobile` varchar(10) DEFAULT NULL,
  `land` varchar(10) DEFAULT NULL,
  `email` varchar(45) DEFAULT NULL,
  `doassignment` date DEFAULT NULL,
  `description` tinytext,
  `createdon` timestamp NULL DEFAULT NULL,
  `updatedon` timestamp NULL DEFAULT NULL,
  `gender_id` int NOT NULL,
  `designation_id` int NOT NULL,
  `employeetype_id` int NOT NULL,
  `employeestatus_id` int NOT NULL,
  PRIMARY KEY (`id`),
  UNIQUE KEY `number_UNIQUE` (`number`),
  KEY `fk_employee_gender_idx` (`gender_id`),
  KEY `fk_employee_designation1_idx` (`designation_id`),
  KEY `fk_employee_employeetype1_idx` (`employeetype_id`),
  KEY `fk_employee_employeestatus1_idx` (`employeestatus_id`),
  CONSTRAINT `fk_employee_designation1` FOREIGN KEY (`designation_id`) REFERENCES `designation` (`id`),
  CONSTRAINT `fk_employee_employeestatus1` FOREIGN KEY (`employeestatus_id`) REFERENCES `employeestatus` (`id`),
  CONSTRAINT `fk_employee_employeetype1` FOREIGN KEY (`employeetype_id`) REFERENCES `employeetype` (`id`),
  CONSTRAINT `fk_employee_gender` FOREIGN KEY (`gender_id`) REFERENCES `gender` (`id`)
) ENGINE=InnoDB AUTO_INCREMENT=20 DEFAULT CHARSET=utf8mb3;
/*!40101 SET character_set_client = @saved_cs_client */;

--
-- Dumping data for table `employee`
--

LOCK TABLES `employee` WRITE;
/*!40000 ALTER TABLE `employee` DISABLE KEYS */;
INSERT INTO `employee` VALUES (13,'E25001','Dileesha Rukmal Ekanayake','Dileesha',_binary 'data:image/png;base64,iVBORw0KGgoAAAANSUhEUgAAAWgAAAFoCAYAAAB65WHVAAAABGdBTUEAALGPC/xhBQAAACBjSFJNAAB6JgAAgIQAAPoAAACA6AAAdTAAAOpgAAA6mAAAF3CculE8AAAABmJLR0QA/wD/AP+gvaeTAAAAB3RJTUUH5woOBSkwCa6DpAAAgABJREFUeNrsvQV4XMcd9X2bQtrYYmZmpl1pxWhmhjiOnTgONJy0YebEMcSMMgosWbJYsmSZ2Y6dmJmZQbLofDNz7929u1o57vv2exu3c57nPHeNcZOrn0/P/GdGELi4uLi4uLi4uLi4uLi4uLi4uLi4uLi4uLi4uLi4uLi4uLi4uLi4uLi4uLi4uLi4uLi4uLi4uLi4uLi4uLi4uLi4uLi4uLi4uLi4uLi4uLi4uLi4uLi4uLi4uLi4uLi4uLi4uLi4uLi4uLi4uLi4uLi4uLi4uLi4uLi4uLi4uLi4uLi4uLi4uLi4uLi4uLi4uLi4uLi4uLi4uLi4uLi4uLi4uLi4uLi4uLi4uLi4uLi4uLi4uLi4uLi4uLi4uLi4uLi4uLi4uLi4uLi4uLi4uLi4uLi4uLi4uLi4uLj+72Vq+rjgZG4tOJpb2rhYWvvbmpr+xcHCkv+L4eLi4vpPK8DeTvCxsTINdfNZHOMdfD7U1Wuhn619DzcLc/Ok4DjB8i9/4P+SuLi4uP5fK9DOWrD6o/BYhKvXu13C45r7xaWjR0wyUkNi7qm8g9YFO3u+5Gdn72bW+a9/cLQ05//CuLi4uP6fJGcnWyHKK0oIdvHqmxasujZEk4khmiwMIh5I3Cc2HRlhmla1T+ihIBfvrzyt7YIt//LYH+07P8H/5XFxcXH9/6VEdxMh1MVTCHJy800MiNozKC4DwzRdMJR4CPGguC4YGJeF/rFZ6K3OQEZEIlS+4WcCHN0nu1vbRtn+9bE/OXb+G/8XycXFxfXvVrCjk+Bhaf6E2js4u09MKkvOQ2VAEzgPpoCO7YIBxP2I+xD3Ik6PTCagjrgQ5Ow9w8PSOtbqb3/+s71JJ/4vlIuLi+vfoVAXR6GXqo8Q6e4zrltEfONgAufBcZl6CXowSc8ioLsSQHdFX2p1N/SO7YYe5HN6ZCqivMOu+Dq4z3OzsI516PSXPzubGge1hZm5YG1lJ1hZWAqW5ub8PwAXF9d/tzxdPAUvF68/+bj5dHazd33oXxfh7SL4ObgJvvZOQUmBkYcGaTLRPzYNgxSAHqpRJuiu5McJpAmc+6q7ow9x79ju6BXXA93JMy0yDdG+kZf9nLxmu1vbqiz++uc/2XburPfPdLRyFFztXOJsLezHWXXqbGtvHybY/JVPhnBxcf0Xyt7GUfB29BC8HNwSfJw9R7rbugoAHurX+jk4Ck5mJn+N8QpY0FeVhGEJXdAzKpnAmAA6vutDAbpPbA8C6Z7ooabugW7EKRHpiPKNvujr6DXd1do+ytWy0x/drMS07OXoLfi5eI9ydwpqsrfx2mphYjPe7IlONsLjHoKHCQc1FxfXf5HCPHyEME+fv6m8fAuiPH0mqFy9hYhw9W/+ukh3JyHcM1wIcnIf2iVMfWdYfCaGEkB3CU8kIKYJWgfoQXFdCaC7SoDuRgDdXZegCZB7Ezj3pIBW9UR34m6qHuii6o7EsFSEe0ed93P2+9HL3jnItvMf/hDo7CWEuHoN9feIbvXyjIeTU3izlaX7ZjMTm6esOnUyf/zPFkKY0+P8PywXF9cjDueQaCE9KFCI9/Pr0ycmpjEjJHT5E50t/hTpF/Tb9YazsxDiYO+e6Bfy89C4NIyIzwIdrUsPiUd/dYZegtYBuhtL0DKklYDupaLugR4xPdCduFsMBXVPZJLPCeEZiPRVnQj2DP3E39XPOcIrsE94YGJzgH8qfH1T4OmZAHuHkPsWFm51Fqa2fS06dX7CpJO5MCKU/zfm4uJ6RBXl6SkEODmbdQkNqR6VnIg+0VG7QlxcrKLJ9z9I/o4O9PFYpLvv172jEgicMxigB8ZmICU4nqTjDAwngBZTdFcMViRoXYruZhTQPSVAd6eAJu5KnEV+LJ08E8Oz2uKCk3fHBsXnJUR1b4mP6Y/gwC7w8cuAl08aXDwSYGsfeoeAerlJJ8tku86P/9myE58K4eLiesQUEhIlZPj7Cgl+vsMGq2Max6UmY6Aq+lqsp3u0xsu9w1+XlNVVCHZ0EQIdnGJTg6LPD9ekg3pEQhb6qNKQHBSP3io5QXclqfohAC3DmTwpoHvEiHUHS9ExvQikeyGLOJM4PboXUiJ7ICW6N1JiBiAhmkA6qBu8/DLh6ZsBDwJqJzcNLG2CrpqaOk0162Qe6Gcl/MHR7K/8PzoXF9ejoWgvLyHIxdW8a2hI3TOJiRifkoIRmlgk+XqP7xLgLQRFJRn9daHOjoKXlcnf1F4Bywaoya+JJ4Ampgm6R2Qykgige0RnYGh8NxHQcQ8D6B4M0DRF95TMAK3SAboLA3Qf5gzi9Ji+SI0egNSYgUgkkA4J7k4gnQVPYnffLLj5pMPBJRYWVr7HTU3s37PsbO4k/DVAcDf7E/+Pz8XF9fuVf2CUkODtJag8PQcMUcU0vJCSjOeTkzGGgDoj0H+p8Jcn/hjm5dvu1wW7k+Ts6Cb42Dn1ygqNuU2rDRHONDFnoWsEBbQGXaPSMOQhAd3nAYDuruol1RwioLMkQGdKgE4jYKaQTiFOiiKQDupBIN0FHsTuvqJdvNJg4xjdambhtbNzZ5tRFk880bnzE+aC2p6/B1xcXL9Dhbp7CE5Wdn9NCwxY8UxiPF5MTsLzSUl4jkC6Z1jYoUAnR9dw1/bz0N42toKTqYmZytO/amhcitQ9ix6qyURmWCJL0FkRqVpAix20OGanhPRDA1olJuiuMb0NAN2PALqfFtDUiVG07uhBUnRXePh3gxt5uvp2hYtPVzh4pMHCPrqhk5lHcadOVqk2pp3/bN7ZjL8MXFxcvx+5TdgiRLq5C2Gu7vF9oyKuvZCSxAD9AoV0cgoGx8Q0Rbu7DdZ4ugvhXYZqf52vu5cQ7eYjBDm5ju4errr/ZIKYnEdKgB4Sl4G0kAQkBiUgPTxFD9BDFHPQ2hRtpOLoaQTQ3TsAdAYFdIwuQSdHDyQehITIAQgkkPYgcHb36wZXv+5w8e0OJ2IHn+6wdk2GqXXQtU4mTlNMnzD3i7ASBFsTPpbHxcX1O1CUXyB7Jvr5TxgVr4EMaJaiSYIeHR+PBB/vhYLwhz96O7pof52fnb3gYWVlG+8bsGkYSc8j49OZR2jSWA89UJ2GlOAEkqATkBaajMEE0EO0FUdHCVqc4BAXCXvqAVqEtAzo3uii6kMA3bcdoNNiBkiQFgFNrSGQ9g3sQRK0PqAdfXow23lmwcJRjc7mXodNOtu/bt7J1OrxTg5CFL9XgIuL6z8KaE9PIcTVzaVbaOj+5xiUFYBOSsKzScnoGhJyytvWzt/f3kFMzx6+gsbdUwhzcX+ud6S6ZVRCGp6MFz2CmPbQ/VQpbIIjKTgRKSFJGKhNz+0B3b8DQBuDdHdV7w4BnS4BmloGdBLzYKgiBsDTv4cIaGJnBukeEqS7w967G2zcM2DmoGrubOFdb2pi39Pe3OxxK1Mr4SE3UnJxcXH9+5SU0k2I9XATYjw9hg1WxTQ/n5LCUrNccYyXeuih6lhEubm/1i8sRHBz9iDp2U5wt7S0SfQN3DxCk4KnEtKZRxE4j2SAzkDvmBTWPycFJzHTU+vaJ+guRgHdq0NA93oIQPdvB+hE5sGICOsPNwbpHtoUrYN0DwJpkqa9u8PKLR2mdpG3O5u5ZZuZ2IS7dBb+YMNP1ePi4vp3yNfVQ/BxcX/M08n1z74ubh3+vAhvf6GTmf2fUgICFz2dmAgZ0C8QMFM/x5yMMQlJSA8M2uxuY2cT4OQsxJDfP8zF9enekaqm0Ynp7QA9Ij4TPaNTkRiUyOCcQJ691FkPl6BV+oDupYBzT6ni6EL7Z1VfIxXHgHYJOlmCM3VC1GCEhPSTUnQPAueeBMyye8CBQppWHgTUNp7dYO4UDxNLv1MmJg7vmHe2sH3sCWfB1/KP/AXj4uL6v6ktfIVIT9/QEGfXlzr/9a9/dLa2Mw5oN3ch2NnFp1d4xInxKakM0C8kpzA4Py/BeZzkAdGqpkgPr6c03j6Cv6OjVVpg8PqR8akYTcA8OjFDArTYQ9ME3T0ymQE6MYgAOjAB3aRZaCWgB7QDdHdpgbDjFP2bgFbpAJ3CAD1Qm6DjCaBjIwfDL6gPAXRPOPv1giOFtALUMqTtSZK28+oGa49MmDuoWjube28wMbHvb2tq8jczE0thoZq/Z1xcXP+iVOruQoqfn5ASFDw+PTj4dKiLa3SUu7vw5876K15hab2EJB9vQePr99Sw2NjW51NTpQRNIZ2M8cQM0IliD/00S9HBq50trTpHe3gO6xsd1/Q0Sc9aQMfrA7preBKb4JABnRmRhiEa44DWWyRU9eigg/7XE7Sy5qDpmQJaEzUE0RGD4RnQG84EzE4yoCU7SJB2kCEtWao97nQ291hqZmIT7WX558fszUz4C8fFxfXwSlcnCHa+EY/1jIzMHklScEZw8DLrJzo94WOnvxMjyj9IEP7U+bHUwKDssYmJeIHCWa44DAHNIJ2CQTHqhihX15EZQSFLn5TTM/HT0nMUHbGjW73jM5EVnigBOhEJ5JkSmoLBD1VxKLd69zAAdE/tFAcdsdMDtKqfmJ6lBE13FBr20AkM0IMRRxweNgCuLEXLkO4FB99eEqR7MFDbU3v3JIDuCVtia89usHBOgol10FkTU5cPLExtHB7r5Cl4WPDrubi4uB5C3ePihbSoaKv+MVE7nktNwXBNXIPa0/OpUXEqwcXWQfvzwj29BV8nV/tuYWG/0m3dOkCLkB6flMw66HGJyQTQyXgmkQI5BQOiVMeHxSZco+n5aQWc9RN0JjLCEqWKI5F10InBSeyKKwpoNgcdZ6zi6KE/Bx1D3V0BakWCZoA2mINW6RJ0e0CLHbQmchDiIgdDTRwQ3I/BWQa0DGlqewnQdtLCoS3tpb1EW3t0gbmjutXE0nerqZnzMGtz686dTRyEp6P5+R5cXFwPUFZklJAWHhk6RB1z+cW0FIwnkO4eGrrXy9raL9CedtHiLHOYq4cQ6uaZOiBGdeeFtDQFnFO06VkH6BTiVALpNIwhYB6TqAPz6HaAphfEZiItVAfoeGINcV8C6MHyTsI4Ywm6u5SgRWsBHdNDb8yui8EmlUySpMUpjgcDmlUcBMxxkUMQSxzDqo4+HQBadk9puqOHNklTSNt60dojFaa24Q0mZu4rzUztU12sLf9kZ2nLX0IuLi7j6hYeJnSJjOzzZJy66e+pyXgplY7BaRDv7b3I0dzcxNfOTggNDBfSfP2FCDfP90ZoEvB8aseAflYB6GcJoCmkx1JQGwB6lALQdJt3akgCqzbkBB0bmIDuMVkE0N3Eszg6StCqByVoGdDKczj6KgDd/7cBHaUDNHVo2EC4+hM4+/VmdvDtbQTSvbRp2lYBaWbPrrBwToCJTehVEwvvyVYWzn6xHo/9wdXWmr+MXFxcOqmSugrdgv2ELuFhr4yOj4UIaBHSQ9WqZpW72zvkpz0W4OIm+Lu6Px7s5FI2LE4DwwSthDTtn8e1A7R+in7KCKBTQhL0Kg4K6MzIdAZompzFQ/u76N2qYhTQhouEMb0MErQI538N0OI0B3UMgbR/cH8toB0poH2MAbqXlKB76dmG2NqrJyw9usHMKRGm1oFHzMyc37I0s7YXBGch0IVvR+Ti4iLSxKcLQ33thB6REd8/k6QRAZ0imp5Q1y8y4qrK02NQVmCQEO7u5Rju5nOwf0wsXkhPJ4BOVcA5RTtiR9PzOAZn/QT9dLsEnaYFNL1JhW7zFuGcxCoOCujk0FSSnCmgRUjrKo7uWkDLPbRykZCeB22sg24HaNXDVRyxCqsJoKMiBsM9oI9YcyhStB6cZUtgttMCujesvfvAitjSqzcs3LJgahfd0tncc6upif2TdhbWJham9kKq21/4C8rF9b+sFHWiEBSZ9sdeURF5z6UkSIDWbd0el5SIHmGhR0McHdTBLu5RMV4h17tHxGJ8WkeAFpPzuCQCZ2Z9QOsnaLrVWwT04LgMJFNAs00qSdAQxwYmIj44mdUZSkAPZNdeyXcS9pCsP2LXQ6+DNjwo6eEATbd7J0RTQMv1hrhQSAGtjhzKqg42F62tOowkaJ/eUnLuqU3TNgTMIqD7wlKCtKVnD5i7pMHENqKxs4VPqamZc5adhcXjFmZ2QqLfY/xF5eL6X1RaTLwQExz9RK+IsPrnUxMZoP+eIm3dljafjE2IR9egoC1hrp6vJwVEN6aHqDAmORV0o8p4Cc4M0MQU0OP+JUCndQjoOAJo6l6qLixFD4hV3kuoD+jeWkD30J5kpw9oMUW3rzgeBGhpzI4AWdlBM0BHDWVVh29QP7Hi8G2fou1kQEvWfiYJ2kYCtGxLrz6woPbsCTMG6qgbJhbei01NHRIcLC3/bGVmw19WLq7/NWVExQrxIZEWfaMidryYmoSXGaCTtICWIf2URtOaGhh+MS2YPIPUGBqXyBYKHwzoNAWg0x8I6CEyoINEQMexiiMR6sAEdInKJIDurgW0mKC76QPaYA66h0q/4vgtQKc+aMxOWiSMUwKaJGj6jAgfDFf/PgpA9xYB7SsC2c6njx6kZdv46AOa2sJLZ3PPXjB1TkVn69CrJmbu881N7WIdLMz+ZGNuxV9aLq7/FWVFqoSU0EjbATFRe1+SAP2SEUCPTUhCVmgsMkLikR4ch56RGoyjgJZS9HOy/2VA04ojsz2gAyVAByQgJSwNAxig5RRtDNDygf3tN6v8JqBVIpxlQKcYADreKKBFxxBQB4T0l8btFIDWwlm0PqD76AHaUvG08O7HbE4gbUYStblHd5g6JaGzTdilzhZes8zMnNT2FpZ/tjC3F74O5+8vF9d/tfokpgo9NEluQ2LVx19KS9broGVAj09KxNPxiegSGofM0HgCaQ0ygtUYlZDMUvRzDwD0Mw8EtGh6F+EQxRRHQnAyg7OcoOODk9CXwVkJaHGRsK/ejSpSzRHTo91Wbx2gdXDWdtDMg4x30AaANoS0Slow9AjobQDpjgBN4dyXAdraIEFbMsuAFm3GQN0Xph49YeKcgs62EZdNLLyzzcxcUh0srf/61ycchS+yeEfNxfVfqaFdeggDM7sFDEvQXKQJWga0EtL0CNHRGgpoDTIpnInTgtToG63BcwzQqVo4M0AnUUDr0vODAP0ku00lUzsHLSdoHaBF91D00AOkBK0FtMrgyqsOAJ1lkJ4zYvrrOmgZ0DGDkBwzWAto5UYVpWU40x46mjg4dADbvKIPaGLfjgAt2loL5356cDbz6k88gNmUfBbdj4C6F0xd0gioI2+YWPoWmlu497a3djIV/uQpDArjG164uP6rNLJ7T2FYt+6hIxLjr1AodwToUQTQWRTQLEGLNUdmSCyeTqKLhRKktYBO0UvPHQM6Qw/QaSHi/LN+B50IVUACMiIzWM3RX4KzEtC9VQYVB9uoopyD7ikB2kiClm9UiVEA2iBB00VCjZEELQM6ijiS2COgj2LDigTnBwCawlkH6P7MFt4UzP20cFbaVAltzz4wdc2Eib3qrql1QK2llddYexsXxwjnv/zBw4731Fxc/x2A7tZDGNa1exgDtDJBSwfwi4BObg9okqLpYmF/VQJJ0ekYl5xGnCouEhoB9JgOAZ2JEQTOwzRZSA9N1M5Bx8kpmjwppBNDU9BPC+juiimOhwH0AyoOLaAHPnCKQ2MkQWsrjsihzIGhA7U1h7hI2EcLaSWgZUhb69UbigRNIG3uPcAopM29BpEn9UCWsk09ezNQmzrENpvZhv5ibu33mbWVW4y9pdVfTcxdhD6e/B3n4npk9XSfvsKo3r1DRyYmXHlRC+hkxR2D4hnPozRJyAojcA4V4ZzOag7aSZMUTeGcIkFaMV6nhPSYDiuOdC2gM8KS2FZvPUBLKZqCupeaVhzdDQCt3Ekojtn1MJji6PawgNaeBy2naDlBP7iDjiZwjiQOjxgC9wDdqJ12isO3j8E0R592CVoJagsGaBHSogdKQB5kxANFeHv2g6l7Dzb5YWqvumpqHVRsauE+2tLC2dbUxF7o3msQf9m5uB41PTtooDBmQP/gkUkJl19M0Qc0u8JKAvRT8UnoogfoeKQFxyMlKBYD1EkYl5pBAJ2OZ5PTtHCWAT3WGKDjDQHdBV3CkxUJOlEB6CSoAhLFmoMtDupPcegDuucDAa2E84MSdHtAKyY5otoDWk7R/iH9RUBrx+z0Ia2XoLXuZwTS/RicLQicDQFt7j2oA1iLwGZdtXtXuqDYaG7t27ezhQ8HNBfXo6jxQwcLzwwe6D8yKf68UUBLt6SMjk9mgM4MTdABOoQCOg4ZIbEYnSSm6GcppJWANjiHQ5egM3SLhBKgu0emSifZKQDNKo4k1kPT6Y6+Uno2nOAwBLQO1L+VoAcYJGgloAcZTdBxUTpIGwI6PHwwXPz7MEDbKzpoQ0BTy3BuD+i+7QBtroAwBTTzgyDt2Zv201csnKLCLJxV/EXn4noUNbx7d2FAZqbj0Dj1wZeMAlo8X+PphGR0NUzQIQlICdYgOVCNPjEJJEUbAXRSR4DW76CHE0D3jk4TAU1ArEzQcoqmVUe3mK7oF9tTscVbH9C9DOAsA7rLbwCaQdoIoJUjdh0tFEYremhadXgH9ZM2q/QRIe1jbLFQPI+D1RwPA2gpNZt76YPZENLab3sQQDvE7rP2TLS38UnnLzoX16OoLnGJgiYi2qx/dMSWFwwBLS0Q0htSxhBAdw+XFwjF9JzKAB2P5CAN0oLVGBmfgmdTMgiU05lFQKdLgM7A09TtKo5MbYLup85gF8aKgNYtEmpTNPl2Sng6SdE9OgS08i5CQ0C3H7P7LUDLM9D6FYdy27dhgqaADpIWC3UVh86GuwmNpWjdhpWBCkAP1KVnI6A2BLSpe3eYOsYWuYVk/cU5qAt/0bm4HkXFh6sEb6+Ax3uFBVc+n5yoPYeDLRBK9QY9PvQZ8uwdmdAO0HT3X3IQgXRgHLqGx2EMSdBjkzIYlGVQj03SAXp0h4DOwsDYTKSGJjNAaxSLhDKkKaDV5NlD3Y1AuucDE7QMaHoWdLcY3YH9+nD+7QRtrINWQpoBOmqoFtIU0GERg+Hi10c3C/3QgBZtPEEP1Ks39KoOZbr2lioO10yYOWve/ItFuBAQyRM0F9cjqbgojSDYhz/WPTR4yfikBH1AJ8vHh4r3C/aPSdQBmi4QUjgHJ0qQFquO/qokjE3OYFCmkB6rTdDpIqCl27xFQGewbd4jCJwpoOm1VpnhKayD7gjQMQEJSIvIQB8J0MrbVIwl6G4E0F0fAOi0hwB03EMAWpmgI4jdA/oqtnx3AGhFxWEsQcsTHHLF0ZHbddB0osM56ZqlS1ysuXMsf8m5uB5VaRKzhDfVIUJmYMD3zybES/VGslhvKC6BpaAeFpuMzFDaPyeI/XNIogRo4iAK6TikBsdhqCaVQDqTJWn5uittgtYCWtykMlLbQdPNKlnoGZ3OtnbHK7Z7KztoCmlaf/RQdWu3xbujBN0RoJV3ElI4d9RBax5QcbDzOKJ0cJYB7RPcXzFqZxzQYoqWJjk66KAfCGgvY6Am6dmjB8wcY6sdvDSd7b2S+EvOxfWoqnfvAUL3IH8hLTDg1THxcVpAP58kXwIrAZp4dHwKuoYlMECL9YYO0EkE0NSJgeJUx5MEwmOSMvG0lJz1AZ3BAD1KAehhUg/dX52FpBBac6S0m4VWK3YW0i6aHjGq3OJtLEHrAN3LeMXBzuEY2OEUR7ziuFFjs9Axkfpwlu0fMuA3AC0emCTvKjRcJDTXm4V+cIJWApptCXdOaTW3Cx//N1NfwS8si7/kXFyPsroEBwpZYSG9R2tim1h6lgD9nALQrIdOTEGfKBnQiR0AWoOEADW6hmvwFEnRTzNI0+5ZZ3HETj9BD5N66MFxWcgIT4WGApo4VoK0Fs6SaaLuGt1VOma0p+4cDsUctCGgDac40hUH9ne0k9DwoCTDeqMjQAeGPiSgtTWH8sCkvoodhfKuwoEPUW8MhBlNz/Yxu6xs/Ryt7AL5y83F9agrNThYSAoKDBqujrnA4Jwsp+ckPCfBWXQyRsQmsVE7em5GSkiSEUDHI4FBOhY9ohIxOjkLTyURJ2SKydkA0GyRMD4Lw+UemrhXTIaYoCVAG8KZOprORYekopfiLGg5RfdQ+LcArVdxdABozf8BoAOMJOh2R456t5/isNQ71a6/eKodew78jQ6awNmzL0ydEu5b2IU8+7hFmODmEcZfbi6uR1muto7Cl70zBZWnx+AR6pjbL6YoAU2cmKwF9DPk85iEFPSMTGSApik6RQHoRLpNmwA6ngA6nj4JpPvEJJEk3QVPJWZilALOowiYn5RMU7QMaNpDDyApOjlMTNHyiJ0W0AF0oVB0NNtdmMmqDv1qQ4JzTE9pk0pvxZ2EfY3sItQtEBq/k3DIA0+zMwZoPwnQSki3m+AwBLRPP0WCpgcn6W/17gjO4mhdP5i5psPUNnyxjZ1vZyu7AP5yc3E9yrJ39hKiXZyEAAcHTfeQ4GN0W7choMcZAHpsYgqGxaawaQ4GaOKk4AQDQMdDQx0gJuneMSl4MrkrAXSmBOf2gBYXCrPYqXaD6bbvqAyxg6aAliY4xCkO2UkM0CoC7y7R3bQHI+lVHDE99Q5Kat9BS4CONg5o7XGjUcb7Z3rtleEcdFTUMAZocZGwp97VV/qg1u+gdVu+xUOTbPwHwtp/kGKRsCNA012G/QmcM2BqF7Xa3Mbf3cw6UIgNdOIvOBfXoyw/ewfB3drGJdnPd92YxAS8kJKiB+jx7PD9ZG298YzkMQmpbCY6NTjBSIJOIIBOkAAdjzgCaQ2BdK+YVIxK6sKqDhHUOkDLs9DyPDStOfrGdkFCSIpio4qYnlXa9CwCOso/AbHBqSQp92CAlsEsW5eijS8SpiomODqcgzZI0UpAq5U7CaNE0ykOz8C+HQC6lx6kbbVnQ1NY94MdAbNL6FA4hw6Dla/+RhVztnFFOe8sJmdztyyY2UXUmlv5+JkQODtamvCXm4vrUZavg7Ngb2n9t0Qf31lPajR4MTWVLQ6+YLhIqAV0ihbQY4mf1KSwcznkUTvxkCPRWkBLjiWQjvOnnTT5dYlZGJXYBU8mZGnTs3LUTgb0IJqiozN1KTpQWW0kIYqZAjoREcSakDQG454q43Bun6DFqkOe3jAEtOGNKpoOpjjU2kP7lRtVhsDNvzcctLd7937grkI7335wDBwINwJmr8gRcA8fDhvfAVLNoQ9o/R2D9BS73jBzUG+2tPJ0N7f2F+zN/8xfbi6uR1keLl7CqJhIQeXpNWZIjKpBTs7UL6RIgE42rDhS2BSHXHOMSUzFIHWydtwuKUiGtC5BxzE4x0NNrPKPg8ovFlnhiRhOAE0hPTI+qx2gh7INK5kYFNcF/UiKTg5NkTpoueZIQkxgkgTpRERKgA4njgtJJzDuYdA/y3BW3kcou78eoHUVx0C9rd6aKOM3qujfqqLbTRgSNghO9FxoKUHbKy6PlVM0/T5H/35wDR4Ez/BhDMxeUSNJeh4mwVme4pDhPIAtFBoeM0oP7jexjz7UubNtD8fOwh+tTXh65uJ6pBXq4ir4Ozq5dwsN2UN75xckOMtmFUeycsQuWQ/Qz0iAfpq4d1Qi2+otVhzGAK2RAK1BjF8ccSxSQxMxhFYbDNKZ7EYVXYLOYPcTUkBT91JlQhOcrIB0ktQ/iyk6QgJ0hH8SgTT58aA0ZEb10NtBqFsg7KOAc98HdNADH9hBi0eODtV20EpA0wTtG0wvke0JRwJobYqWTrdjUA4aAI+wIfCOHA5vAmUKZk8CaKfgobDyGSDdrGII6IEdnGBHIO3WFZ2tQ652NnF8w7LTX/9q1smUv+RcXI+igvxChVc0kUKCr88/noyLxYupYnp+yRDQSR0DeqwiRY+KT0WPSLpIqNHWHIYdtJqYAdpfBHSMnxoJgbHor04VIZ3QhY3ajWDTHOkE0BkEzlkM0APiaNWRoXdgEq05lOlZCegwPwLuwFSkRnaTAN2HWaw3+khg7iudw9Fft9U7eoDRiuO3AK02AHR4xGC4+fdi9xOK7gUX/75wJ1D2JlD2jRgG/6gR8CNQ9pHg7BY2jHXPMpx1dxP2b79A2O4UO+m2FY+e6GwX09DJxPlbsyc6m3fuZCl8Gc/fdy6uR0rxQSFCpK+fZc/w8C30tu6XJDjLOwhFQKfoErS25khWJGgR0GNpik5IwZPxaegZlUQgHa+3SBhHnmLFoQQ0sa8akd5RCHULRGpgJPpExaF/VDwGqZIwJDaVAFqGdAYGxmWiP3FmZArbsKKbgxb75yhtxZGk5wj/ZCSEZbHUnEWArF9t6CoOOUHLoDZ2mp2xioOdBy1BOkZRbwSE9IO7f094BvaBT8gA+IcNRmDEUARFDkMgcQCBcwCBsm/Uk/CMIKk5aDCsffrrrrzy0s1BW/kSYPvop2dzI2c/6/rp/jBxTGjpZOaWa9rZ0vWJTraCh/Xj/KXn4npUlBoUICQFBsQNVcfcoDA2vOJKB+gUBaCTJEi3BzSd6BhNTLd294xOZhWHJlA0BbRaAWixh1YjzCMMAc4+6J3ZBbMnfolFP32DT159Hs/374WhCRr0i45Br/AY9I6IQ9/oRPRTpaIvSdtZkcni7ylNdET7J7ApDmUPTR3hl0iStGhVcDpSo3p2AGg5RfdXHJg0QJGiByOhg1lobYJmgJYmOUh6Dg8fiLDwQQiji4WSQwmYQ5iHI5AA2idiOFyCh8DOb0C7W73pZxvffrAPGAhHCm8/Xf+sd9SowU5C3WcCaadkdDL3XmXSydK3c2dHwd70L/zF5+L6vatnr4FC9xC6rTv0mVGaWLxE4SwBWgb1C4aAls7heLYDQNME/RQxrTpGkiTdV5WCxOB4g0XCOKj9YxHlHQk/Rx+kqeMwb8pXuHioHi3n1qP1dD3un6zH9X1VOLQ2B2vypmLR9x/gi7+Pxfh+PTGQJP3ukdHoSqCdEhSFaK8wksBjEOkbSxyHKD8NAXU8Iv3iCZzjES7bNx5hxDRlJ5E0nRHdm4E5UwHoDIOqI9XgVDu6WSVROc0hH54k3aoi7igcTDyIOYY4OmIAIsn30bojjAA7mKTqoJC+7FJZd3aYf0/YePeSDuzXbfW2JWB2IGB2JvB2DRlKAD0EVj4D2YYVC/lMjo4ArQfpATBxSUcnC981Jp2tfZ7oZCd4urryLwAurt+zUlK7Ck+GeAo9IiM+H5sQJ0I5VYSzFtDJOkCPeyCgxfT8NPFT8WIXTauO/moC6CAN26RC+2e6SKjyUyHIJYCAMhif/ONlHN1Vgdbza9F8rAxNh1ag6WAhc/PBIrQcKkbbkRK0Ha3A/cOVuL63DEc35mNz0SwUTPsSE997BeOH9EfPpCTEh0QizCsYQa7+8Hf2I6ncHwEuwQh0DUGwWziC3SMR6hmFcK9oRPmoEE/SfUZUV2RG92JTHVkG0x2ZWngTaEf3RVp0PwLr/gTW/ZEc1Q9JxInM/QmwRcdH9kNcRB+ow3sjOrQ7ooK7IDwgHaH+qYgITkNKfB+MGjoOH/7zMyQm9ISdswr2Humw8+rOIG3r2xf2/v3ZmJ0rATMdtXMLHcYAbRcwSAtnC+lsaAvvh7nySlo8dE5BZ3PvXMvOJn+ztHDgXwBcXL9npaX3FARA6BkdPfuZxPh2gJbrjYcDtDTJwQCdRlJ0GobEpSAlWM02ptC5Z+oIzzCEuPtj3Mhh2FKbh+aLW9ByehWajxSh+VABWg4SH8jXeV8uWvbmoOXXZWj5ZSlaybNtbx7a9hei7WAJgXg57u0rx6WdxThQvwybSuajdOEkzP3hY3z9z1fx9jNP4em+vTEwIwPdNAlIDItCjH8oSdyBiPTwRYxXADR+4UgKiEJKYAxSg9RIC45j51unsWNU6Rb2JPGckZBkdsNLUnAyEoKTxAVQVuHQv3xiyV8+xIGx0JBfnxKZhO4JmRjaoz/eeOY5TP7kY5Rnz8GeqpU4ta4G57asw87aGrzx0mvw8lbB0T0FrgH94RY0iMCYgJkA2T1UZ5qi6aKh7tB++Wlw3GiHl8iKM9ImtlGXTE0dQ0zNnPkXABfX71lJCemCU1zvP/aKis4dRw/nVyTnl1I6BvSzBoDWTnEkpDBAjyZwHkEgnRlKUqp/NDT+MVD7RCKEJNueqekoXDwNt89sIal5HZqPl6GFwLnlcCFJywWiD+aj9UAeWvcTMO8jUN67hIB5MVp/WYTWPYvQsnshWn6WvIt8e9cSNO8iAN9NwP3rcgLwAmBvEfl1JWgi8L77K0neP5fjwvYSHFtXQCC5FBsL56JuyU8on/MDVkz5ArnffoDsz/6BGe+/jsn/eAU/vPF3fPvai/jqlRfw+Uvj8ckL4/DR+Gfwwbix+PC5Z/Dx8+Pw2UvP48tX/44f/vEGpn/8HhZ99zmKp0/A6kUzsaN4KQ6vWoHz68twbVMFbqwvwZW6QlysysO5ihycqcjDmVUlOLt5LZbPX4AumX3h5pUEj4A+8AgZrAdnmp5t6TZvrwHMrN7w0r+f8DcP7ZcPT3KIazAzd03vbMYrDi6u37Uy0noKUekD/9I3Rr3yOQnQelMcHfbPSXpTHAzQCeLBSdSjCKC7R8QhwT+SpNNIklQDSXKNxvefvouzB9ag7dJmNJ2sRvPRUrQcLSaAXkEAXSD60HK0HqKAzmGAbt1HEvO+JQS6iwl8KaAXopUBOhutuxagdafkHfNFb5+Hlm1z0bJ1Hpq3iG7ZSr69hZp+zkbb1kXEBPhbl5JvL0Pz1hw0bcnD/S0FxCvQuLWYeCUatpbgnuQ71FtklzLf3VyCu5tWit5YjLvrV+Du2gLcWbMct1bn4lrNMlytXIwr5YtwuWwh88WyRcwXypbgXHkOTlfk49yaKuyvr8WHb7+HgMAkuPp0hWfwILiHiHB2CBwES71qQ99GIW205ugLM6f4JnNzlx4mpi78C4CL6/esrMy+QlL3kX/pp44rey7xXwV0isGYnQToxDQMjE1EYkAkoj0DEeMTiFfGPoWdJEG2XN6BlrOr0XyiEi3HKJxXMkC3EkC3EjiLpoAmSZgBmsB5/1IR0NQkRbeRFN0mQbrt5/nMrTvnETjPFb19Dlq3zSbwJd4yi7ll80y0bJqBlo0z0LyBPNdTz0TzWuI1xPUz0bRacu1M3JfcuGoWGmpE36umno27VdRzcKdqLvPtStG3qCuo5+FmxXzcKJ+P6+XZzNfKsnFV8hViCupLxAzSZctwtiwHp6pW4NT61ShauBCZ6X3g6BYPZ/++cAocyA5NsvDqpz3RTnuqndcAvWNHzbwelKClE+6cEu6bmbt1NeEJmovr963u3foLmYOe+XO/uPjicUYSNN3y/TAJWrlQOIJAOsEvBKGuPhjQtSvK8ufh7vkdaL24ES2natBC4Nx8vJwAukSCcxFxoQLQ+VpAMzjLgGYJmniPCOi23dlaQLftmoe2nQpAb+0Y0C0bpqOVAJp53XS0rJFcT7yafF8d+TnUtQTmxE2riGtm4D51NTUBN4F1AwH1PQLqu5Wi71BXiL5dTkBNfJNBegGuly3QQvpKqQToUpKmic+XLca50iUE0stwqiwPZ1ZX4OfaGrz64htw9dTA2jUV1l692Dw0hTSrNqSqQ9yUMrDDi2PNjQDaxCH2trm5c7ypGU/QXFy/a3Xr1k/IfOvHx/rExi9+Vl4k1EvQ/xqg6SJhamAwEsIiMPmbT3Hh6Ea0XdmG5jN1aDlZhdYT5Wg9Xka8Eq3HaHouEtOzFtDL0UYA3WYI6P00QS/WS9Btuxf8BqBnaQHdummmCOeNFMzTtW6TAN1K4Ny6ehoxedaJbqGWIN3MID2d+X71dAbp+zKkCZjvVepAfZcCumI2sQholqQlQF9TpmgCagrpC2WLcL50Ec4SSJ8ppZDOxYmqlTixcR1m/jgZYeGpsHROgKVXby2gtenZoIPWA7SxxULWQasvWVo4BllackBzcf2u1aPXQKHfXwWhlyp2wtiE9gn6+d8A9LN6gE7FUE0CXh07Gjs3EAhf+5mNzrWcrkbrqUq0nqwggKZwLkEbA7RUbWgBvZyl5w4BLXXQbb8QOO/J1gK61QDQbQTQbQ8AtJigp7P03Lp2hhbQbRKg2+qoCchrKaCJV00jgJ6O5hoJ0tXUUpKWAN1QSZ+zCaBnM0DfoYCWEvSNMhnQkksXaOuOy+TzRQnS50oXM0ifLsvBSZKkj1eswMmNa7GhahVGDh8PK/cMAuj+ukVCbzFBmz8oQbe7YaUXPSP6sLWFvZONtRv/AuDi+j3rqafGCr2CAoUuEVHvPBUfb3T++WEB/RSB8/MD++PKyW3A1a1oPVeHVgnObQTObRKg206USAm6CG1HCZyPdpCgD1JAKztoOUHrA7ptlwxoYgrobQTQ2x6QoCmg1xEYrzUG6GnkOZ3VHBTQrbXTCKCnagHdrAW0mKIbK2cxOGsBXaEE9BwC6HkE0Av0Aa3ooymgL5EkfaFUB2g5RZ8sy8fR8hU4vn4ddqzdiMDwbjDz6MUgLU5x9NdWHMqU3HEfTX6ue3eY2East7O06+zg4M2/ALi4fs/6+ytvCN3CwoSsiOgxT2ri2joGtP5lsc8aWSgcrlbji9dfQPPl7QTOtWg9UyPC+VSFBOhyAudSHaCPUkCLkG6jgD5iCOhckqKXGSRoueJQAlqC804pPW9TVBzUm2e2qzjaOgB0G6s6dBWHCGjq6QzOeoCumkEStA7S9yo6ArR+gr7aIaDlmmMpSdG5YoouL8ShylIc3LgFWV2Gw8QlS1wsZGDu3w7OWigb+cwA7dYFpjahuSEOf/qjpzu/QJaL63evjJAQIS00rNvwWHWjsuJ4IcV4gjYG6LHk8+CYaCz44SOSnreg9ewqlp7bFIAmxCEWAd12vJgl6FYJ0IaLhDKgW7U1BwX0EoMOOtsA0OIkh16C3mq8g25j9YYIaPaUwUwXCdlC4XRFgqY1xwwpQc/QArqJAPq+EUBTON8pp4CerQD0fFwrnd8O0FdYD52t7aHFFL2UQDqH/KvKJYAuwOHyYhzfuBEvPPsqTJxSpGkOGdDyQqHxqQ39xcIBMKXXYFn5fSf8TS3ERKr5y8/F9XsXgbOQHBIWMUStvvrSvwxo0QzQ6hjULZ8BXNmoA/RpCuhygJoBWuyf22j/rE3QCkgfkaY4KKRlQMspWpmgfzGY4tipqDi2G6k4FFMcDNByB71uhghpCdBtBM60fxZtAOhV+hVHE4Hz/apZeoC+ozAFNJvkKJuH66WiGaCVHXSZuFB4UQvoJRKgl+EUAfSJsuU4Wl6E42vrMfnrH2HhpFEk6AEPDWj62ZQA3dQ5FeZWPi/81cxPiA5X8Zefi+v3rpSIaEETGukyICbm8IspSQ8GdFKyUUCPSUjEsEQN9m1YDlxapwdoyIA+JQO6mABaH85tRwvRdkQxZqcEtLxQqEzQcg/984IHA1quOCRAtxoAuo3Cec2DAC0vFE5XAHqaBOlZOkBX6DpoY4C+wSA938gioThqd7FscTtAn5Z6aFpzHK+tRvHiHDi7x8LCs7dikbC/UUAb66BN6QSHo6bBwtKzi6mFJ3/xubgeBSWQ/6sbHhTWuVdkxJrnkxMVG1R050A/KEE/Qzw6Ph5ju2fgwoFVaLtQLwL6jAGgT3YMaJqeKaDbDou7CNseGtDz9WuO7R0AepMMaN14XZsE6LY1+hWHIaB1PbRxQDfICfq3AF0mA5rAuVRO0IqdhaWLtYBmkKabVyRAH60uw5aKagSFpMHco4d0w4q4UChuVnkQoAdLExx96IjdOUtLVz8rKw5oLq5HQqrIWOGPXpGPdQsPXzwuMeHBgDYC6WcSEzEyLhZvjhyAu2c2EECvRus5Auqz1cDpCgWgS4ETK7WAZhXHMf0E3SaN2jFIPwjQezqoOH4T0DP0AU0rDr05aLmDnqEdtWsP6OnihpUqI4CuNAB02RwJ0PMVgBZrjivSHLScoC+UtQe0nKCPVKzE3rXrkZo6EOZuXaSD/HUJ2ryDhUJdgh7IDkoytYvabm1ubWFn685ffC6uR0FZXfsIwwLchcywsE/GxGskQCdpAc0gnZRicKO3wkmJGKqOwQ//fAEtl7ei9fy/A9AGY3byqJ3RRUKDimNbx4Bu0QP0DBHQBh30wwCazkHrVRyGc9DSIiGb5Ciba5CgJUDrVRy0gzYG6Dy2UHikvBhHNm7CyOHPw8w5TboCS9dBPwygTT16wtQ2LM+jk/BHVycv/uJzcT0KGvHkWCE9wEdIDgwc+WScukW+6kqZoJ+T7iM0DugkDFZFYdmUT3Xzzw8BaGMddFuHOwk7ArSRDloL6Nm/Aejp7QD9oATdLI3aiZtVZrCdhAzQVbMM5qBn6wH6FgW0YpFQXChUnMmhB+ilOkCX5rCt3ycYoIvYJAc9Q9rcKZFdgaUHaIMdg+btFgkHSiN2QZ8IFhohNDiKv/hcXI+KNL6+QqyfX9yQmGh27ZV8Boe24tBeGGs8QQ+JjUJ94Szgyub/M0AzOOcrAC3NQB9Y9nCANrJRRW834WZjFYcE57VizdH2gARNn9pFQi2gZz88oGnNQSFtuEiod7odAXSZEtDLtICmkxzH1q7FnCmzYeOsgaVXH+kS2X5GAW1mBNCmLqktZla+QzpZ+PIXnovrUVKEp5cQ5Orm2is89Mjz7SY4HgzosYkJGJmswb6NhcDlDeImlY4AfVIJ6BU6PzSgJTizjSqKzSpGpjjaCJzbtnYwZicDep0C0PWSFQuF8k5CvYqjxqDi0AP0HL05aNpB35IWCcWaQ3+zihbQbLv3YpwngD6nrThkQIujdkfqVqEspxDOnvFsksNSArSxRcL2gKaXx8ZfN7dwiza18OAvPBfXo6RQnwDB0d65U7fQ4LrxyUkSoHWQ7miB8NnERIyO1+C5nlm4cKAWbRfXiYA+KwK6TQ/QJQaAVkD6yPLfAPQSBaCz2wNaOoujQ0BvmimmZ2mrt7GKQwvoOuOA1lYc8hx09UwDQM9pB+jb8iKhVHG0B3Q2O3ZUTtDs+FG9BC3OQh8rX4Ej1RXYWlOPkIgsmLv3EAHN3F8P0IYXx1LTETsT+5gDluYOjlZW7vyF5+J6lBQephaAPCEzOGjqMyQRK29Sef6BM9CJeDIuFu+MHoy7Zzei9Xw9S8+tZ2seDOijD6o4FNu8DyzTP270l4cHtOFOQgrntg0dA7q1XjqLo266wUaVDgBdNcNoxWEIaMMO+mqpbrOKfPSoPMXxIEAfrizBgQ2b0bXrcJi5doElPX7UWzwj2vht3gYLhDZhZU7mTzzuwhcIubgeLQ0aMVboEuArpAQHvzRKE6fXQRs7LEnpEepo/PD2eLRc2qKtNxigz1QRMBsCusQA0EYqDnmCo0NAd1RxGCZo/Q66TQa0tFFFhrRccbSu1gd0uwVCo4CeqQW03m5CZQddLk1xyIuESkDr9dDtAX1aCeiKYhzduAnjxtAt36kPBLTyfkIGaLpAaBXwjWCWIgT4hfEXnovrUdK+c+eFpIAAISEwqOswtaqBATolpd0c9HOGgKYjdqpILJ38iXgGh7Z/lgGtv4tQu0jYYYLO1we0sQP76SYVeav3AysOCdIPA2j5sCRjCbpW3uo9XXHcqJEEbXAWxx1lgi5rP8VhvOJYbATQ+QTQhQzQx9atxdcffSNNcvSRxu2MAFoxyWHqNQAmLmkwtfAa8zdTfoIdF9cjqcTgECEuMMhvQHTUmecVgJYT9HgJ0EpIswkOdRTqC+gZHJv0FgjbzhjuIqQHJSkAfUwxB60ENNtF2AGg9xpMcew2MsVhrOKQAN2qB+gZBh30NNF6gKaeYbBAaLyDvmuwk/COtoOea7BRRX8n4aVSZcWx2GC7tzgLfYxtViEJenUt8uYthZ17oniAPxu367ji0N6i4phw28zCLdHEnJ8BzcX1SCpdFS/ER6jMekdFbnouKaldxaEEtGzaV49MisOBTYXAJXGCo+2c1D8rKw4K55Nl2pPsREAX/wuA7mAn4e6HOItjizwLrVgkZJAWAd22ZoZ4BvRqCdCr9RO0EtBGT7NTdND3DAGt3eqtOHJU7yyObD1A0+uvzhoB9PGyQjbJcbimEuvLquEb3AWWnr1YzSFu9+4I0NIWb3vVMXNzZzcLS3f+onNxPZIJOj5NcE3u/1jX8LCFFLwvtOugdWAeTz8Tj43XYHzvLrh8eLV2gsM4oPWPGjVM0K2GY3aGgGaQXqx/q0q7jSqGi4T6FQcD9Cax5tAtEk5nZ3Fo07NRQBs/zU57HrSxikN5Fke5mJ6NAfqK4jQ7BuhSfUCL53FQQBeww/sPVpTh1zXrkZQyAOZuXVnNIc5CdwToAeICoV1Evb21fSdHRz4DzcX1SCo1s5fQ09+Tbvn+Jx2dEwGdLHXQyQzIcrVBAT0+KRFPxsbgw+eexP2LdIv3mt8ENFskpDVHhxXHciOH9S8z0kMbO7R/rt5ZHIaLhK3SHHSb3hSHPF7XHtDKTSo6QM9QAFqEs3Kr9x2DRULWPxsCukxXcTBAaxcIF+vtJpQBzc6FpseOlq3AofKVOLxhI0aNGA8z51S2YUWchW6/i1ALaAJyU5uQmYAg+HnzQ/q5uB5JgXwFpwb600mOvsPUqia2o5CBOFm7QKi1BOihqijM//4DtF3dpjuD41y1AtD6HTROSAuFtN44blhxSHcS0hloasNJjna3qsgXxy7QncdhMAdtrOLQA/Ta30rQ07WAbmKLhDOkS2PlBcLZuhloIx00m+BgF8cu0Ls49preRpXF+h102VL9ioOeC12aj2NlhWzL97F16/HVx9/AzCFO3FFoUHHouz/MXNJgZu3/4uPmgcJHH3zMX3Qurkc2RYdHCImh4cH9o6MuvpCchOeTFBMcScoFwkSMS0rA0LgYbCTgwdXNBNB1uvR8tkrvqFHWP0sdtHaSQ3toEr2XUD4PWpri0KboHINRuyXGAa2sOSigt7ffSfhgQCsgrZ3k0C0Sijd76wO6UbrVu6Gq/a3edyrmslu9b1VQQM9rd7P3tXZbvQ0AXSYBmp7HoQV0AY6QFH24dhVWLi2Ao4cGFp699BYJjd3ibe6cdNfMyjvVxIJPcHBxPdKKD4sUIgNCrHuGh+8cn5QkVRwpeglaBvSYhDiM69UFFw/R/nk9O4NDr944YwhoqYM2CugV+udBM0jnGof0r7pxu1YC6dbd2WiVUnSrMkUb3KiiB2jlgUlrpukn6PqpCkDTMTsJ0LU0RRMwE0g3MM/Cveq5zHcJpJkJoO8Q39YCep54szdN0OXZzNfKFxI4L8QV4ssEzpf0AL1EAvQybYKmgGaTHLSHpjVHZRl+rl+P+MR+7AAkcSfhQCP3E4pHjJo5xp60sHDxtLTiW7y5uB5pxYSrBGvv8D91DQ3Ooec8yzPQ4w1noJMSMVwdg8kfvo6WK9vE/vm8fv8sjtlVKAAtwVkP0PLdhPKVV7rLYymoqVsOUueh5UAuWvbnoGUf8d5lxEvR8usS4sVo2bMILQTULRTSWkDPNkjQMw2mOGRAT9UlZ72aQwdoGdKNxPdWzcQ9Aue7NbOJ5+IO8W1qAurbBNK3iG9WETBXkuRMfL1iPq5VEDBXEDAzL8KV8kUMzpfLF7cDNDuPo0zsn6lpimbnQsuALi/GsU2b8c5bH5N0nCwdmjTAyA3f5DNbIIxabWdh1cnenu8g5OJ6pKXWpAsDAlyFtED/90fFxbZL0DKg6ZTHsCQNdq3JB65skfrnWnGDihbQVbrDkrQLhCKk2a3exC3HS4hLpdu+qWkNQi+ZpRfOriImv+cpksxP1qH1BPFx8s85XoeWY3VoJm45Sv55RysJ0EsJuPMYpGmKbpUnOViCnmk8QcuAXjutQ0CzTSrSDd/360hqXj0b99cvQtPmPDRsXoG7m1fi9uYS3N5ahttbynFncynublopekMx7qxfgZtrC3FtTSGur87H9docXKtZhiuVBMzli3T9c/kSbXqmcFYm6JPEJ9jB/SKg6dnQh+tqUbWiFJ7+qezgJHPt1VcDtaZ3EJq5d4WpbehUwbJe8PUK4i84F9ejLLpQqPF0E2J9vPsPjo5qks/hEKc25PScxNLzx39/Bg0XSXqm43Wsf16l30FTSJ9WzkFLJiBupSA+UwNc2oTGc5tx+dAaHN9Vjb0birClOherCuZjxYLJWDjlS8z69gNM/fxtTCRp/bt3XsZXb7+EL954AZ+/9hy+eHUsvntrHJb++C5OrF9IEvZyNO8iSXr7XPE8aGV6/i1Ay5CmW77rprEjR+nt3s0SnO+vy8Z1AuXa7J8w8b3X8NHLz+Ld55/Bey8+i49feR5fvfkyJrzzOn764G3M/OwDZH/7GXKnfIuS2VNQnzMfOwlgD64ux4k15eR/djWub6nB5dVFuFCxDOfLiQmUz0lmgC6TKg5pN6GcoOlC4cGKUhzcvA1PjXoRZs4pBNB92YKgqZSkTZn7wZTuILQOeOGv5oFCVlomf8G5uB75FO3jLUR5eYX0iwy/IB/WrwT0M4nxGBwfh01Vy4BrBNAX1hgBtK7moJBuO0UrjnJ2w3cbPenuyjacP7QB2TMnYtSQwUhSaxAeEIYAr0B4u/rDzdEXTnY+cLD1hb2tP+xsA2FnFwRbW+pg2NpJJt9va+NPfo4P0mJisDF/Alr25qJlx3y0am/21k/Q9F5CJaBb1+gDWj6Tg6bmZpKk7xM3rJ2Dc+uL8Mrop+Du7A8ba29YWvvBwjqAOAjm1sEwtwmBhU0wcRAsbQJhbRtA/owBcHQIgJtzIHw9QxDqH4HYsBgM6NoN33/4Hn5eVYrru9YTUK/EufIcLZzPShUH3eqtvTyWAPqYBOjD5SsJ7OtRlFMAN59EmHv2ZDsGTaUkzW7wJtA2dUq4Z2bplW5iwesNLq7/CkX6BQgB7h4W3UOCtj7LRuoU9QaB9IhYFd57fgzuXdyB1kviHYRtFNDn6TZvBaBlSJ+uZKa3fNPdhjdOb8WCGRORkZgGV0d/4lC4u0bDw00Fd/c4eHgkwMMzAe6e9JnI7O6ZBDfJrszJkslnD+pE2DuEoW9aMq5uWYyWndkSoBUperN0ot1GIwl6zVS01k9VwHmamJ4JnBupt+Ri5qfvwcHOH45u8XB0T4IDsb17MmzdUmHjlgJr8rRmn+kzBVauspNFuyTAykkDS0cVzG3DCdj9EeQfjQ9efwMH1tXi6tZ6nK3MlwBN+2cK5zzxTGhlgi6jgC7G/vJSHNi8FaNHvyCO0rF56P5Sku4n3kForzphYe7kYWHJt3hzcf1XKDpcLfzNK/KP6YEBC5+mZz0n6RYG6Wjd8AQN1pYvAa7vROvF9TpAy+dwMEjXaPtoerId7ajbru7EzvWlGD5gENydAuFJoOztqYEXsadnvOQEeHoRIHslKaCczEyB7OKZwsw+e0gmn53J9zm6JZIEHordK39C6+7Fuiuv9BYJpzNAt24gUF4/rUNAt0o1RzNx4+oZuLUxH88M6A9bh0gC5RRmO2JbAmIbtzQCZNFWzOlaW0oWv51GPlOnks8izK2d42FlG4q46EQsnT4FF3esx/naIpwpF9PzKQnQugRdyHYUHiYp+gCB9L66OpQuXwnPoK5sSzed5hAh3ZctEJrYhq+2NrPoZGfHJzi4uP4rpEnsInT1cRM0vj5vjYhVK3YQJuLp+Di8PKgPrp/agtbLW1j/LAOaHTPKXCNCmpgB+9I63L+0A0tmT0J0mBoezuHw8YzTwdkjTrJGNAG1MjW7agGdogW0ixLQxM7ENM16e0ZgW8EktO1eoqg4jAO61QDQbRKgtTVH3VQR0HUzcWVdHoZ27wFbx2gR0G40OSdLgE6VAJ2qgLAM6zQ9QIsWEzZN3fT3sCO2cYqFq3MI3n7hBRxbtwoX11XgdEWeBOh8AujlbJFQCeiD5Suxt6IcezftwMChr8LErYceoOkRoyZWATMFAYK3VzB/sbm4/hv0/tc/CnEeLoLKy6P7oKiIBhnQ9HD+pzSxeG1Yf9w6QwG9Ga0X2gNa7KJr2VQHPeHu+plt+OSdN+DtGghvt2j4eGkISGMJpGPZ08uDQNstRrQ7+exBa454AuhEba3hpq01UiTLcE5idia2d0uCn08UdpcS2D4oQW+QE7RiDloCdJsC0C0E0LSHpoC+tHoZhhFA2zlGwcFN/GfZk8Ru55pEIJskVRwpDL5KECu/LUKZwJj+GmI7N9nJDPgOrvGwtwvAwG49sYMA+cqmapyuLGDpmZ4JLXfQtOZggK4owT4C6H3rt+KpMf+EiWs3Vm+IZ3P0galzMkwtvF963MRHyEpO5i82F9d/i9TenkKUp7t/7/CQMzQ5PycBepRGjddHDMDtc9sJoDeRBL1Wr4Nuk1P0+dXAta04uW8Nnn1yBNwdfOHrHgU/jxh4uUXB3SkUrvYBcLH3gadrAAJ9QuDnFQw35wA42vvDwT4Q9g7hcHCKhrMrSZfu8axn1nXPydrumdrZPZEALgERIbE4vnoOWn9eiBa5fzaYg243xbFmevtFwjrpDA46wVE7A1frluDZfr1h5xDG/jn2xHauiVrL0LWW+mZL50RYOMbC3D6aziHD3C4CNg4RsCf/78HZLRJOrhGwtQ+BtT35fic1HFw05Ps05Mdi4egQjISoOJQtmIHLW2pxsnKFCGg5QTNAF7NJjv0VZTiwYQuefOptdHbpKp3LIfXPDnF3zSw80jqbe/IXmovrv6qH9vMXAt3czLOC/DaNTYjHc1L/PEqjIoAeiNvnCaAvyYCulwBdJ54HTZ64uhV7t5Sjd2YGXG3c4eHgB1c7b3i7+CEyOAK9szLx+vNjMHvSp1hTugC/bizGjvpCVBXOw6I5k/DdFx/h5fHPoV/PvkiIS0OgfzRcXYJhZ0enOYLh4BAKJ+dIuLiq4Uqg5uwWB0eXWKTEJePS5gVo2blAt0Bo5LhRvUP7jU1x1Immi4X3V03H9VXZeGNof5ZwHclfGI4EpvYEqtZOsbAkEDazDWdTHDYE4C7kL6Kg4AQkJnbHgP4j8fLzr+Lz9z/FzB+nIH/+AlTk5KF4SS6mfz8Jfx/3Mrpk9EN4aCLcXQn8HUIIoEPgZOePYO9gLPjuS1zYJENaB2g6C31IAvTBjVvx5Oi3SYJWANqjF/mLIfqUhY2Pl6VtAH+hubj+mxQZEiUIlt6Ppfl7L3iKpGZ6MNJzFNBxKrzKAL1DAjStONboAE19aQO21uYiRa2Ck5UdYsOjMax/P3z9yT8JgOfgyM4S3DqxGi3n1gLnSPo+XYPWk9VoOVHNnmyDyula3Cc/59bBOpzfXYVf1hSgOn8WZn7/Md56aRwG9uqJ2EgVSeX+BGZesLX2ho2VLwZ2ycTdHQTQO+Z1AGip4lgvQXrdNB2gV0/TqzhaWcUxDU2rpuFWxRx8O2447MwdYWfjA1tiR/KXTqBfBFIT0vH04GH45I03sGTSBKzJW4S9dWU4u6UOV7bX4/r2OjbzfHVDBS6tLceF+jLiclxaX40LG1fj+Lo67KwsQ9H8+fjyvY/w1NBRSIpNgb9HILwdXfHtP97AcfL7nago1HbQdNTuUEUJAXQ5Dm7ailFPvwVTAmh6LocFBbR7N5hYh6y3sXI2sbPnR4xycf1XKb37QKGrt5OQ6OP5yjB1NMYni4B+Mi4GrwwfIAL6sghocQ56tVhxEEDfPb0W8376GjN+/AL1FTk4sbce985vRduVLcCFtWzcruVYKVqOFqHl8Ao0HypE88ECNO3PR9O+fOmZh6a9eWj+NRct5NmyNx8t+wrRcqAETQcrcHtfBc5sK8a28sXInz0BX73zKp4Z3AdTP3wZzbsWomXbXF3/LAG6ZfNM/cOSKKQZoI0dOSoCmo3akQR9s3QaVn7zDwzLTMVbY5/EDJLwqxfOxP7q5SThluPGZvJn2kD+4iF/kdwkfzldq6a7BZfgUsVi6TAk6bxntpVb9Flp1+D58hycr1qO83UluLB+Fc5tXoPD62qxpiAP8yf8gM/fehP1y7Jxqnolu5uQ+mhFsQRokqA3bSOAfhNmbl1hRa/A8uoDM5d0AuigGXSB0Mc7hL/QXFyPonbtXC38VFwtnD9Y3+nqkXq3a0dW+146tNrm4O41jyX7ewtqL/eUfpGht2m98VyyCOiXhw0QKw66SCglaAZoaWGQ3uzdQtI13cQCAvG282vQcmYVWk5Vsh2EIpyL0XKEwrmAwHk5gTIFcg7u/7oM939Zisbdi9G4MxuN2+ejYes8NGyZg4ZNs4lnSSafN89F0zZ6/sYyNO/Jw72dy3B3SzaatlA4E29RJGhi44BWnGa3Wn+bNzuLYzU9/3kqrhVMwOWSmbhSk4079ctwj/jOqoW4WT4H10pm4MqKqbhcMAWXl0/BpeU/4VLBVFwsnI6LRbNxoWQeLpYuIJDOJibP0mxcKF2E89QytEuly2LpDHR5Ls5UFuBsbQnOr6nEhXXVOF1XihOVRTheXqgH6AME0Idogh5NAO1KAd0Xll696Al2MLcNfrGTVYjw5bxsoXz5CrPqwmK/ktwCv9zsJZZTp03/w6yZs/kXABfX71GHdtcJ906uFy4dWmtz42j9uDvH6qruHVt19N7R6jP3jlbtvHu06pv7Zzf4xXh7ufUOCzj6TGIcAXS8mKCH9TcK6FYZ0LLPrkLrmRoxMZ+sIq5A6/EytB4rEQF9mCRiCugD+SKcf16EBgLkewTAd0myvbNmCm7VTSKJlHjVj7hZ/QPz7ervcafmB9xdNQH3aiXXTSSeTDwJTeunSYCepe/NisOStBfGKuDc7sqrGSKgq6bget63uLZ8AgH1j7ia/wOu5v2AK7nf40rOt7i05CucX/Q5zi34DOfmf4qz8z/DmQWf48zCL3F20dc4u3QCzuZNwXkC7AvFcwicZVhLN6mUij6vdxaHtFGlPB+niE+WL8eJ8gJ9QFeW4kClDOg3YO6aRQDdGxYe3WFqH3PX1NIn9cjWzVZrCkteXVNYumHNirJzdYVl52uWl2yvyC38euXS3IBnPnxeWDp/Pv+C4OL6vejonlqBxDLh2pH6yNvHVtfcO17b3HisEvePlOL+4RI0HS5mbjxStm1L2ZyYPmH+a0bHqxigR2oBvU0P0G1aQK8SwSxvUjldhVaanCmcT5QTQJeKhyQdK0YzATRNzo27l6Bh5wKSluehccc8tPycjeafaYJehHvbibctJAma/NjGmWhc+xMD852q74i/xd2a73Fv1Q9oIN/XsGoiGgnIm8jPaTFIz8oOutXwRpV2UxzT2TkcLEHTMbuKyQTQ3+Ba/ne4TuB8ncD5GoXzsm9wgYJ54ec4v/Qbkpx/ZEn6atF0YpKqi2fhysrZuLqSPItn4CJJ2OfyJ+IsSdnnV8wkSXq+4kbvRdqzoHXncYiQZhtVOgR0uQjop96AhWsmrL16wsI9CyY2YUdfHPtSxoYVK6u2FJW3bi4qx6aiCmwqrsSGokqsXVGB2oKSQ+W5BYNmz5r+WP6iJfwLg4vrP626VUVCwykK5zURd46v3tV4vBr3j5ah+chKAkyxD245tBzNB0mqPVjQ1nC8puyz54buH6GOwDgJ0C8P6/dwgJa3eUvHjbaeJICmJ9ZRQJME3XSgAI37C3D/IAH1oRW4f6gIt34txvqlX2PJ169h1gfjMe2d5zDznXGY//44FHz5PNZMfxvHir7BDQLjuwTMFM6NBM73CZjvk++7X0MAXT8FLZtndQjo9udB61J062qDW73Js7F8Mm7kf0v8PTEBdP4ElqAvLfsa53O+wyUC5VMF07F++mfI/fxNLHjvZcx+azxmvTkec99+Hkvffwll376D/XkzcLYiG2dLZ+Ns0UycK5qFCyXzFYCWE7RBipZ2EmpH7Qikj1YU4XBlCQP0YQLoJ0e9DnOXdFh5diegToWbT8LmdQUrFm8rKsN2AuetK8qYKag3EkBvLK7ChpXVqC0su1SSW9ivvqBCyF28jH+BcHH9J3XlSL1w8VC99Z3j9eWNJ2rQdKwMLUeKxLqBuYAAWnf+cuvJKqxa/D1GqMPwbLIGI2Kj8fehRgB9QVokPFejf+QoPShJvk1Fe6s3TdDkL4TjZWg6UYX7J2tx/8wGNF74BdO/+QTeTl5wsfOBo60XHGy8YG/tAXsrNzhaOcPJ0havDO2FHUu/xZnib1i1cZ+6lqZnYgro1ZPFvvlhE3S9Qc0h98/SeRyNZfqApqb1xsWc73EyZyL2LJyAb14cCy97Z/ZndrT1gT35c9tJf3YHazc4WzlhaLfuOLSxDmc2VeLsqlwC4YU4X7pAm57Pa+GsOHKUHZikA/QJGdD0wKSKEm2CfnLUq7BwSSWA7gYzx3i8/ur79w7UrW7csaIE25lLmbeuKCeQFgG9cWUN1q9chVWFZftW5hb4leatEOz++TT/IuHi+k9o96ZyAZfWCzeP1T/XcKK2qel4BQMlOySfgJkelE8BzQ7KP5iD1gPLyPcREKxbjDEpMRibGIvh6ki8OLgvbp/bqtjqbQjojm5U0d2q0nKiHM1n6tF8eTeabx1Hy72LuH7xJLqkpLNT61zcYuHqppasgotrDJxdo2HvEIJUTTKO7FiNqwfX4+6vZWhcPxuNdZPRWDtJrDhWT3oIQCu2eRsDNK05VouAbiibRKD8HW4SQFNfyyWpOe9HXFq7AlcO7sSFI/swvN9Adrqdg4saji4q4hjJ0XBwjoadUyQ8PSKwtq6e/G+9ibuXTuPa/p24uLaEJecL2mpDV3GcU5xod1La7m0I6P0U0Ju3YeSTr8LcOQXWHlmwdk3Agpnzsb+6BjtXrMTOwhLsKCyRAF2GLUUV2CwBemNJLdaQZ+Xyld+O+XCUUJy7nH+hcHH9J3R2X61wam9tpzvHV1fcPyGOurUeLdLdYCLfYkLSM7tmav9S8jkXN/evxFsDs/CUJhrDYyPxwsA+uClv9X4QoOWzoE+VtQf0yUo0X/0VLQ2Xia+ipfE6rpw7jtT4JDg6hrONJxTSLgTQ1M6uarajkELP0yMUW9fXAY2XCdxPovFoPRrqpxFAT2RVRztAK86DbpEPSlonuvVBgJZ2E1JA3yQJ+mbed7hBfJkA+uqGlWi8fh5Nd2/h8pkTSI5Lho19GOxdYiVIEzATUNu70F2CseSpgq1DGPJyC0H+B6P5/h00N97GHfK/+XztCpaezxsBtF4P3QGgD2/ZjuEjX4aFM/kzuGfAJygDdYUrsbuknMCZALqgWAvobQzQ5dhSTFL0ymoC6FVYTyBdu6L8YOXyIpeqgpX8C4WL6z+h60dXC1cOrw68d6LuTPOJKrTS9HyM3gVYqAdo8R7AZVq3HCvDxNefwghVGEbERmFc3x64fmqzAtDSTkJ6BofisH4R0GXEpeKB/SdKtG45UUEAvY+BubnxBvFNNN6+jKeHD4edfQiBchxc3TUSpGPZFmgKbScCOm+vCGzftBZt96+z5N107QjubV2EBgpn4mYloOVjRh8E6DWGNYf+rd4U0LeWf4dbBM7Xcr/FpaKpuHPmIIEz+XPfu02S/xlkJWfAjm5NZ0CmjmFwFoEdyz47ukahoryaAPoeg3Pz/dtouHYe5+tX4kL5vwhoRQd9aPMODB76IgF0EjtZLz55EH6ursWuohIC6GIGaArq7YU6QG8mgN4kAXpDaS1Wr6xurChY2a2yoIR/oXBx/b/WV19+Ltw5uVa4cbS+R+OJ2obm4xUKQIsJml7YKt6mnaMDNEnROF6C0mnvYVhMCJ4kKXp01wxcOEzArAT0hQcBWoa0DtB0mqPp/GY0370oAfoG2prvYMKXn8HRzk+sONzjtAlahrQDSdepKd1x6exRtDZcQcvdC2i6dQr39pbgHl0orJlAAD3xIRK0PGZnAGhpzE6+TUWXoL8jCfpbXM35Bpdql6DxJvmL4d5NNDfcRuOd6xg74klYs4ojhqVlB+ZYLaDtnKIREZ2JI4cPobXpLkvQ9+9cw+W9m3G2MocAuv2tKroeOld75Kg+oEtxkAD6IAF03/7jGKDp+dMjRryMA6vrsauwSIQzS9DFBNAlBNCl+oCmPTRJ0PXkWVFQ+vfqFRXCD999w79guLj+X2rq5B/Z9MaNY2uGEUC3tBwvF+8FlG/TPvIAQB8txO6yKRgZG4an4lUYkqjG4R0EvleUFYfyRhWpf9ZWHPTKK8NLY0vQfKIS988RSN84TEB7Hmi6gU1rVsHXzRf2Nj5wsAuAg30Qs719MEnWQbCx8sAP331P0vNVEkQvoPnOOTTfOo2Go3W4RxcKCaCbKKA3zWzfP2sBbeywJGWClic4prJLYxtLSYKWAH0l52tc3rSSJGeS/BtEQLc1N2D+jGmwMneCDb1FhfxZbe1DRTuEserDwsoPb739IZoabpHkfQ23zx/D+e11OFO9DBcqlooJukNAi9deiQuFMqCLRUBXVWD/5u1I7zIC1i4kQbsk4MN/fomD1avwc0ER8y4J0Noe2gDQG0iKXkNMAP1pfUmtsHThXP4Fw8X1/1I/TZog3DmxVrh+dE3vhhO1jRTQ9FbtBwKawJkB+mAuLm5fivFZcSRBx2CAKhxbCVhwdYv+YUlygj5jDNClOkAfX6md5Gg6SpL08Uo0nVmDpos7cO/SPkz44kOkJyQhWZNITJ7xiUghTotPwHMjh+DEz9VoPLsNDae34t4p8jyzHfcOVuPe6klsHrqp7kcC6Bn6i4SK666Mz0ErOmi2QCh30ATQZSKgqa/SFL1+Be6dPYi7xHfOHsbd80dwat9OPDNiONSR0YiLjpUch3hVPDTEfbv3xp61Fbi+bxMubK7Audo8nKtcjIv08li6HbxcvDi2PaDliqMDQNdUYdfaTYiO7c2OLnX0SMSCadnYX16B3ctX4OflFNBFuh66UF4oJIAurpYWCkVAVxaWvlVbVCV8/tmn/AuGi+v/fQddL1w9XB9573jtJW3FoQfofALoXD1At+5bgjbihoNF+GhUbzwZF40+EcFYuWACO060HaA7SNBtRgDdeqxIPI/jyApx2/eRYjZ6d/9EDa4dqsGVg6tw5UANLu+vxpX9Fbi6txS3f12BmzuW4tqm+bi6YS6B5Rxc2zAHt9bPYiN3bIqjTpGgN8/Un+BQ3qay3gig2YaVGRKgp+oAvVwE9I2C73G1aDIulUzH+ZXEpTNxunw2ztQuxvn1hTi1pgCn1xYSF+H0OtFn1q7AReLLdbm4ULmIAJmYPC9Tk8+Xy8m36e3e5cppjg4AzSqOFWyRkG5UOVy3CmvLV8EvMI2dTe0TkIbqvCL8urKUALqQAHqFUUDTUTu5g6ZeXVzdXLZ85YDyglL+hcLF9Z/QhQN1wrn9q23uHFu9jc4ftxwr0QFaTs/GAL13MdoITGe/9wyGk/TcOywQMz9/C21XDQB9/kGAlmagGaCLye9XLE6QHF0hAVqawZbMFiwPUuejdX8eWvbnkj/LMrTuXYqWXxaj+edsNO2cj8Ztc3GPwPjumslopICu/VGsODY/CNDTJUBPMw7o1UpAT2UbVW5TQBPfKPwBN1ZOxK2yqbhdOQN3qmbiTvVs3K6ei9s184jnk88LyDMbN2sW4Tp19SJcq1qIq5XZosupF+KKZC2gy5YwSBumaKOArhABfWRNPfKXLIezhwb2romIT+iDn2tW4ZfCIuwhgGYpmgF6pd6onX7FUYu6osoLxTkFwcU5hfwLhYvrP6HDO6uEssqSx24eXTP9/vEaHaCPFqL1CJ3iyG9fcTBALwLIj1fN/ABDY0LQjyToT154Ck2Xtuof2P+AioMCmi4SwgigW4+sYLPYIpgpoOk0SR5aD+QQOOcwMLftJX+OXxeh9RfqhWjdnY22n+ejbdd8tO6ch+YtM9FUPwn3CaDpxpWOpji0kGbHjU5TbFRR3ug9XQ/Q98unMEDfJun5TukkNFRPR1PNLDRWi26griIJvmo27lbO0fpO5TzcIr5ZMR83yhfgegUxeV4ry8Y1CukyagJp6bQ7Y4DWblYplW72NgD00Q0bMG3KHNi6xMHOWYPBA57GwbrV2F2wQg/Qu5SAZh10lTZBryeuKiitzcle3GnF0jz+hcLF9Z9QbcVy4e7J9cLVw2v63zte2yACukgCdAEDtDhmZwTQ5Pt+WTkZIzURGBwTjuf7dsXNkxvQpriTULyHsNrIHLQxQBcpAF2o2yxzWPpzsFE/OotN/hz7loopXgb0noVo0wJ6HgN0y9ZZBNCT0VRrMAethLOxFN0RoKVzOGjFcb9CB+iGyp9wv2Ym7lfPJHCejsaqGcTkcxWF9GzcqxR9t2I27hDfrphDPBe3yucRSM9ngL5ergP0FeLLZboEfYEdRbpUD9Cn6SIhA3SeeO0VPQ9aOovj+JYt+Ofbn8LaMRa2TrH4x2vv41DtalZvGEvQ8hTHJu1GlVVYS57lecXvbCypE5YtXMS/ULi4/lO6dLBeuHCg3v7O8frtzXSS4xgFtG7UjqVoeQ5aCWjy+eKWhXixazyGqCIwJFGF47sIdC9v0E/QHQAaBoBmcD5mDNC0C88z8mcggCZwbiPpuW1PNknQCxigWymgd8xFMwExBTMDNAE1g/NWg4pDCWnleRwSoFs7ADQ9ze52wXcM0vfKJxNAzyCAJq6aTkyfBNgE0I2VBNLUFSRNE98lvkMBXS4C+ma5lKQpoFl6XsAgrQP04g4AnWsE0CtxsLIMR7duw8iRL8LGiSRol1hM/2EqDlTVGABanoNuD2g6wVG7ouLCymXLI0pyCvgXCBfXf1L7t1UIwBHh5tH698TdhBSWhTpAHzIE9GIGaOp7e/PxwfBuDNA9I4KxsWw+cHWzkQ7aGKBLCZz1Ad0mA5r98wslOOdLgM7RTpHI6VmGM0vPEqDbZEBvmIbmuknsTI6mtVPE+wgfCOhpBoDWddAyqFmirp2K5uopLD3fXv4t7hbTWevpEqAlOFfrAC1CeiYD9D2WopWAnicCumyBAaAX6gFaPDTJYA7aoOJggK6uwL4Nm5CWPpDAOQGu3kkoXZKHfaVlBM4FWkCLY3YioLcSQG9mp9qJ/fM64qqCkoIl2YseL+T1BhfXf17XjtQLlw/VB9w7vuqouN17xQM6aAnQvy4k8F6B6W8/jUFRIegVHoylP30KXNuuuPJKAeizRgD9gAStB+hDRgC9VwnoBQpAkxS9fQ47YrSJngVNAb3uJ/3bvB8W0MrjRhUddEvNVNwtFAF9hzwbaXKukcGsA7Q2RRMw39OmaBnQc0VAlykBna0AtO7WlfaA1s1BKwF9qLYam2rqERSawQAdHtmNQLcCvxYVM0DrpjiUgJYWCCVA1xVVNpbkrhhUkV8s5OXl8i8OLq7/tA7tqBJm51T94fbR2m/ZgUna8zhkOC5rD+hfsoFDBSie9A8Mjg5B/8hQfP36s2i5ugNtF6WNKvJZHOeMAVp/ioPB2QDQbQ9K0HuNJegFLEFr++e6iaziaGYH9ssz0P+HgJZPs6OAXjUV91Z8jzsU0Pnf4l7ZFB2gmWexDto4oGcTQM9RAHp+O0BfIYCmNcfF0oVaQJ9XAPqs9sCkPGkOWgT00TX1WLGsEC4esQzQWZlDsbu6TprgKGD+mUB6lzRix+oNecSOAHodcWVB6dr8JbmWhcvy+RcGF9fvQSUrc4WbR2qFq4dqQxuPVZ3QnWhnuFFlibbeYIA+mIst+d9hqDoMg1WReGlQT9w+s0mxUPhbgF6pS9DH2nfQOkDnPwDQug66lQCaTXAQ4Ir9swhouluwTa44jAC6zfBM6Hr9mkML6NrpOkAXfc/gfCfvG9wtnqAA9KwOAD1bW3OIgJ7XDtDXDAHN3B7QZ4wA+jAB9IlN6zHxuylsG7mtswZPDh2H/bWrsaegUAR0/nLjgJZG7FavqGgqyS0cXbO8VFgwfwH/wuDi+r3o6K5KYXFx9R/uHKn5SjwTeoW4SKfXQSsA/etCYN9SHKmbjVGJURiijsLQlHic2VsjLRQaJuhqdhb0wyboBwJ6n0GCVgC6ZcdctKydgmaSnpspoOUJjq2z9GsObXqWrrzaIN/q3R7Q2vOga8VFQgrohpUTtIC+s/w7AuRpDNJNMqQfmKClDrpsHoGzDGgdpK9oK46FWkAbnglt2EHT+whPbd2MF59/kwBaBVsnNf752ns4tGoVgfNyBmf6lCsOuX/eIo3YrSeuzCuuXTxvoUXOAn6bChfX707XD9cKlw/W+pIUfaDlqJSi243ZLWZwZnD8dRGu7liKF3skYTABdM+ocGyvzZEWCtsDGqcrjQNaHrHrsOLIN96Dt0vQ89FCEnJz/UR2QFJz3Y9sFlqc4JjdAaCna29VaV3fwYH9EqRFQBMTQNPdhFpA532LBm3N8aAEPVtRcYiAlhO0suYQAb3wXwN0ZQmObduGnr1GsnqDHsg06csJOFhVra03drOKY4V2gmOLAtD1heX3ipfmD6rKKxLmzuF3EnJx/e50eFeVAFQJt47UvNl0tKxFTNFG5qDlCQrihr0FeH9kLwxSRaF7WDBWzBe3fLevOIwBWjoo6ZixDrqgfQdtZKFSOWbXuosAeuM0Ec6rf2SAbiZpWoTzbKOHJRkds1PeSai8m1ACNE3QTRVTtIC+TQB9d8UENLFxO116/i1A3yqjkJ4vQdqw4lhosEi41EgHLQL6KO2ga8qxa+16hEdlwsEtGW6eGuTOXsjO4NijHbETFwnpAuE2aYGQApreSViRu6Jo/uy5nZfOX8i/ELi4fq+6eqhOuHiwzv7ekcp19F7CjuagKRhbKRgPFWHS609hQEwEeoSHYsJ7f2dbvo0C2vBGlQctEirT84MArUzQO+aged0Ukpp1Cbp5w1S0bpsteuu/AmiDi2Ol665EQJO/BKp/wt2C71h6poCmsL5fOU3cTVgluVIf0GyzSrkC0OUioGnNoVwkpL4k9c/GZ6HFKY4TDNCFOFJehGN1Nagk0HXzjGWA9vFPRvXyYuwtKcMe7S7CQuwyADQdsVtdUHK5cHFOStmyAuHriRP5FwEX1+9Vu7dUC23Hy4WbB6v63j9SdpPeS9j6AEC3HS7C4i9fRb/IUPSJisRrI/qj4RzdUVhvfLOKHqAV27z/FUDLc9CKBE0nOFi9sWaSVHH8KJ4DvWk6g3PbvwLo+vaA1kJa6qBbaqbh3oofxIojX4T0vZLJvwHoOQTQcxigDXto/SmObO3t3sYALY7Z5UmXxoqAPrG2HjMmzYStYyTsCaBDwzOxsawGvxSXMEDv1s5AF4mAlhYI1xOXLVs+8bsfJ/5x4dxs/gXAxfV717lfa4SjP69+/O7hytn0RDnxHIwOAH2oABWzPsGAqBAMUKswLC0B5/YREF9aZ3CinQzoCt1OQnZhbLFuq3e7iiO/gymORe03qtDxOpKWm+sniWBeLaZoCuO2BwF6owGgjV15pU3R4ml2raumsRTdsPJHqYOmNQdxwQ/abd4ynKm19UY5BfRcBaDn/suAPmsAaDZiV16M45s24s3X3oOVfRQ7xS4hvhd2r1qNPYXF2g0qhoDeTOC8Km/Fr8vmZ3vlZy8Snnn3M/7yc3H93vX0h1OF24erhWsHqoMbD5ceajm0nB1U1G6jCoXjgTxsWT4Rg1XhGBwXh56R4dhesxi4uskooNsYoGVIl2jh3PZ/NQe9gG1OaVk7GS31Ipxb6BQHSdMUym3b5kiAnv1AQNPDksQ7CRXJWXkmh5SgZUA3lk/SATpXhHRD2VS9BN2gBLS0SUWG860yQ0AvUABaV3Fc1N7wLSZoehbHSQnQtH+mV10dIYDu03skbBxVsHVJQI/uI7G3bg1Jz4pT7KSzoGVAry1Y2ViyZNkze0srhGkzZvMXn4vrUdHxPbUCziwSbu2veO7+weLGloMkRbODipboAbp1Xw72EwgNj4vCYI0GWSHBKJz9jbhQKAG6lZ1qV6NXcbBrr04qjxulZ4AU6UbslAna4MhTZYoX6435aNk8Ay1rdIAWFwgnS/WGCOg2vd2EBoBeL01xrJ3eHtB6CVqcg6aAbqpULBTmir674ke2m1B3DsdsXcVRPluqOOT03DGgL+sBekkHgJYWCKvLsX1VLcIjM2DvooGtcxyGDnoW+2rr2Sl28uIgm+AggN5OUvUmAumKZfnL58+cZbJ07jz+wnNxPWq68Eu1cOaXWpM7B8rymg8WooUd9WmwSPjrEpxcMx+jU9QYGKdB19AwfP+P59F6dZseoFspoE/LCdrIYUnyqJ2xGejfAjStN9b/JMK5XjHBQb5P7p+1gDasOfROs5suXh67Rr971p7HQQFN3CJBWrtQmKsD9O387wiQp0vdsy496xYJxQ5aTM9zcYMBesFDA1quOJSbVI6trkFp7nK2g9DBLRE2TrEYN+YVHKCAlqc3CnQ3qWwlcK7NKzxesHBJ1MrFy4Svv/+ev+xcXI+aVtatIgm6Uriytyqi4UDp4eb9y6VD8sVZaHYO868EIFsW4bmuSRgYq0GPiCi8NKgX7p7dJE5ynKvVAVpZcZzUT9DaRULtSXYPALRBxUEhLNcb2gXCugmsk24zALQ2Rbc7bnSaWHEwQE/Vqza0i4TaFE3+MqCmG1aKftDBmfgWTdErJxkFtNxDPwyg9TvoxXqA1o7YSYA+uWENJn43CTaO0XB0T4G1oxqvPv8WDq6q03bP8l2END2vzV/RuGLhkudx/oYwk1cbXFyPro7uqhFwYZFwY1/50437i+627MslgF5CwCydxUyeN3bl4JV+WRigjkOfmFgMiI/FqT2V4kKhBOg2LaArRUifbF9xKAGtvXLLcIpDPmpUBjSd3tg0HS1rJknpWao36D2EG6e1T9BGzuNoUwJ6rT6gdWdCG9QcBNCtq35CY8mP2gR9K+dr5tvLv2cn2DVUztabgdZNcszVAtpwN6EuQesAfVEP0HQGOk+agS7EkYoinNq6CS+Mfx3WDio4eKQSQKvw7usf4GDNKt3i4PIiVm9sJq5Ysix72tSpT2TPnsNfcC6uR11nd1cIx3dV//XW3pKfmvYVoGUvSdG/EEj/spgB+s6v+XhrSHf0V6nRTx2PrNAQbCrPBq5sYrPQ+oCuaA/oY8W6o0bbJeg8/fNA2J2IOkC3yvWGBOgWJaAVI3btOmjDBC130OtESLdSSK8R647WegLl+p/E52q55qAJegrul03UdtAyoFmKLiXpumpOu00qd8plQNMUPVtK0Q8GtPJEOy2gy6URu6qVOLR5EzKzBsHaKQ72JEHbOKnx1YdfY39VjbZ7pvPP2wpWoDYnb+fS2bO9C+YvEEa8/iJ/ubm4HnV9WnNEuLKnVDi/u8zxzt6SVU37lzNItzBIL8G9ffn458he6BcdgwGx8UgLCMKiSZ8Cyh5aCeiTuhtV5K3eHQL6UF77A5tkQEv1RiutN4wAupkCmkJZ2qjSDtDSORwsOVNArxMrjtY1UopmSVq0FtD14tGjDNA1BNDlRgBNU3Thj9pFQsOT7Ngkx/8loE9QQFeswPHaCmwkIA4ISoKtayLs3NMYoCd/PQm/llczMO+km1MInNflLb9SsnhJr51FK4XvJk3kLzYX13+L1q6pEm7/Uipc/Lk8/M7e4j3NBMote3OYGw8U4v3R/dA3MpIBOiMoFB+88DSaL9FJjtUKQFcbB3S7iqOgfYI+YAzQCwhsp4vTG0YqDnqqHQVyC/HtVT/iStGXuFX5Pe4TILNbvmU4r5sqpua10gKhEszSaXYtxA3Vk3Et/0tcXPopSceT0UwA3VQhAloJZ+qbud/iXul0VnPcM9iockcL6Dna8ziuKQAtnwlNjxuVt3ufVwCazUDTLd4VdINKLXLmL4KjSxTboEIBTW9SmTd5FnaXVWJngQjnjfkF9yuWLH37k4kTHlvKT6rj4vrv0851JQKOFAmXd5fG391bvPf+vhVo2l+IxsPl+HDcMPQKj8AAdTy6hUVhdM8s3Di+jt2uIi4SrtIC2tgUx28m6ANGtnrT8boNU3XpWTnBUTsBzRTcJCk31k/G4ckvYecno7Dr09E4OPFFXCv8gvz4VDExr53KKo3WNfppuYXAmYL5bvmPODP3Hez+7GlsfmsQNhKfnPMOmqsmoam8PaBvSr6ll6L1K46OAb1Ad2CSHqCX6nYRltPbvGn/vAInN6/Hx+99Bkv7KNi6pxKnwcEtFtlT52JncRm2Ezhvyl/eUrl4yaQFs2Y/kTuPH4TExfVfq4NbKwScKRcu7iqLuvFLRcHNvZX77xxeXTm2T/fd3cIi0FdFN6uo0TMmGoe3EQhfWq+Y4qBHjlbqbVQxDugCgymOvHbXbrUSQLPNKeumEDBP0sFZAej7NfQY0O9Ikv0K15e9j8vZ/8TJ6a/i1y/GYNeHI3B08su4VfINWiig102XemcR1C3100hKnoQL2R9gz2djsO2dYdhDft3Jqa/h0rz3cH3JJ7hb8DUxhfNXOjgv0wH6BknRd0unaVO0vEB4R96sIi0S6lccxgEtH5gk7iIUFwiP0opj22YMGTwGZg5xsHZLJ06DlWNU4/effVe/vrD4wvr85Wdrly2bsGTOLPPCBXzemYvrv14169cJF3+uEY5sX/XEsZ11dvdvHPpbkKPzlKyQcPSKikXPqDikBgSjOnc6WyhkgD5Tg1Y6B60FdMcddJt8Wa0hoOXdhPuWoOWXhdL0xmRxtM5gxI4Buvo7NJR+ibsrPsWd/I9wO+9D3Mz9ANeWvo9zc97Cvm/GiYl68t9xKYf8nLIJBKSTcHPFtzg7913s/Xwsdr03Age+G48L897FjSWf4ubSz8hTMv289HPyfV8SMH8lAforEc7U9PsKyO9ZNQd3KwmYKyS3A/Q8vQ5ae6JdqX4PbQjoY9UrsWftWkRGd4G5cxKs3DNg7Z4OU5uwm77eIenVBYUBJUuW+pTm5j1emcdvSOHi+p9TcnIXIdjCUvC1d/w2LTAMPSLUDNDJ/qH46dO3CKC3iKN2egm6/MGAPqIEdJ40By0Cmp4JQt2yZyG7GLZp7WR25rMS0E0E0Pdrf0BDzfe4V/kNSdBf4l7x57hb9Dlurfgct5m/wK3CL3Bp8Qc4NPHv2P7RKGx6dxg2k6S86e0h2PHuSBz87mVcXvol2x14Z/n3BO7f4BpJyNfI911b8gXx5+KTfPvGMjE9UyhfJ8/ry+jP/QbXc74hUJ6Fe3WLcLtqPgO0fFCSeFiSPGpn0EGXSoAu1T8TWgb0MQLo46srUZq3HPaualiS9GzlnkWeGRTQN8xN7aLNTO35C8rF9b+stPTugp+lDQG002fJAWHoFh6L7hFxSA+KwisjBrCT7VrPrzZScXTQQR8VK442g4qDHdh0KB8gP/fCloU4XD4JjRuno3HtFNxfMwn3CZzvSwck0e65ed1UNK2fgaZ108mPTcPtuum4WDERh/O/xK4572LjhBew6rMxWPnRaJR9Og7bfnoLh+d/iMOz3seWCW+h+P1nsfydsVj+7liUfDQedd++gS3TPsaBRd/iVN4kXCr4CTeKpuI6deEUXM+fgGu53+IKgfIVAmjxSUwAfZY8j62YgXsbluNOTTZuVYjXXekf2j+/XcWhBLS8SEhv9KYjdscqVuDUxjX4+tOvYWIXAwv3rrD06CoC2jbimoW5Y7iFuRN/Qbm4/pfVb8Awwd/WQfB3dPknBXTXsFgC6Th0CVWjX7wGp34mIL64VgHo31gkZCm6QKo5FD5ajOaTq7CxeCbe//sY7C2fRoA3nUCYTmTMQsu2BWjavhh3Ni7E6aoZ2Lr0K6yY8AZ+enMU3h/ZE892S0LvmHCkBQVA4+UDlbsXol2J3bwQ6+mLbmHByH5nPHbO/wajkjVQewYgxNkHAY7eCHDyQqCzN8LcfZDo748+0eF4NjMBH47ojZlvjEXVD//Ez9nf40zRLFwm0L1WNgtXi37CxeUTcDbvO5zM+R4zXh+DpV++g5ubSnCnPgc3KuYTSM/XwtlYBy0D+oIRQB+tXIETW9ZjyKDRMHHQwMKjG3FXWLhlUkBfNDdzDDIzd+YvKBfX/7IACAH2TkKAk/tLSRKgqbsQpwaGYnXBNODKBu0Uh/bi2JOlIqCVJ9opErQM5hZ6L+LJClw/XIuJH74OdVAwipfOQMuxKtzZnY/zG5diB0mxORPfw8cvPYUnu6UjLTwMER6+CKKAdfJHgEsQAt3CEOIZhTBvNSJ84xDpp0FsQAJSwlKRHpGOlOAEDEvLwDfPDkdKkAZpEVnQhKQjwj8JIT7xCPCOg59nLLzdY+DpGgV35zC4OgTBzcEfPs7+iPQJQReVGuP79sAPrz2L8skfY/eyyThbNgfXa5fiRE0++f0TMW5gH+xeuRh31xcQSC+Q4EzTs2GCpjVHdjtAszG7CpKga1bi5/o6hEZkwMwlTQI0sZigz1paOHlbWrryF5SL639dgU4eQpCL19MJ/gTQ4RqSnuOYE32DMfmj14CrWyVAK8+DLn1ggtbC+UQ5Lh2owUtPDoa3jSNSVXFYNnMCJhFYjxvUC5kqFSJ8guHvHAA/pwAEuIYi2IOA2EuFcG/6Y2qE+8QSxyHcV0Mcjyj/RMSHpCIjIhMZkZkE0BlII6AekNYdHz09lEA7DRlRPZAa2Q2q4HSE+CYikEDa3zuBWAN/LwJrYl8CbB8KbQ81vNxVcHeNhotTGJzsA+Hm6Ev+mUHoqdHgtZFDMP3jd/B0nz6wMrVHTEgkKmZPxK21Bbhenm00QTNIly7AJQrpskUKQJMETQB9ek01li9aChvXWJi7dSFw7i7aLR1mtmFHLc1tXawsecXBxcUBTQAd6OI5SOMb2tI1TIMsAmfqFP9IPNO3O26fkg7vVx43+luApj5ajLsn1uDdF8Yg2CUAKj+Sfr0jEewejCDXEPKMQJhnNEvF4cwilOm3w+Rvy4AmqTmCAFoVmEQAnEHAnMXgTJ0ZmYH08DQMzuyDj555EsmhaQzOacTJEd0QG5KJMP9kBPgkkCQdL0FaA19iH2pP6jh4UXto4EnsTuzqFgcn52jYO4TDySEELiR1uxCIO5DPUcFR2Jo/B7dqcwxmoBUpmgCapWjlHHR5LttFeHbrOrz/z49gYk8A7d6VwLkHLCmgXdMooPdZmjvY2Vi785eTi+t/XX6OboKfk3vPWJ+Qpi4SoDND6EKhCpnhEdi7oQC4uM4ooNuMALqFzkKTZ9uZOtTkzkS4hz9ifNWI9osV7RuLKOJIagLgCJaQY3UwJpYBHSH9eLSfBokhKSQ1ZxAgZzFAZzJnIouCOjwVI7r2xmfjx5Cfl8oATZ1CIU2cEN4VMUHpCCZpmkGaATqeAFpnb894AukEeBJ7ELt7JjK7eSTC1SNBtHs8sQZ2doEYN2Qwrq4rxNWKhe0BTeBsHNB5OFFZgCNbNqB7j6EwcUySAN2dALobAXQqzGyCd1qY21vY2HBAc3H9z8vTzlnwsHNOU3kH3uuiSNAZIWrEeQdi2fSvgCubpZu9KzoEdNuxFWIPTQDdcqQIDac24fUxTyLUNRAxCjDLcI7Qg3N7R/io2M+ND0okCTmdgDhLdFQX5i70KQE6LSwF4/r0w4+vPoeE4GSSnrtKgO4qQbo7kiK6Iy40E+EBKQzSfgTKOkgnEEAnSIBOJICmcE6CG7GrB3WizgTSzi4q+HmGYO3S2bixKqfdpbHKikN5Fsfp8nycqi3F+vJyeJL/R0D7ZxHQ3dgkh4VLCkytA9dbmll3trPz5C8nF9f/utztnARXG0d1tKf/TR2gY0mKViPeJxRvPvMkmui5HPRUOwnQbQTQbcYStLTVu+VYCU7tqkFGNIGsdyRUBuk5iiRqMT0bg7T4/eqAeKSGpWoh3CUqC12Zu7Bnlyj6/RnIikhDSqAK/xg1DHnf/BPJ5HN6RBZbKEyN7MJATQGdHEEhLaXp4AyWpn0lODNAE3t5iXD2kNMzswGgSZJ2YSk6AJ+99jJuriUputwAzhKgxUVC6cD+8hzy91s+zmyow6wpM2BuH82mNiigzd0poLMIoJNgahWwytrM/K8ODl785eTi+l9XoJuf4OfiHar2CrjSNUxcIJQBnRIYg+5xGpzeW8vG7eSNKvTAJDwA0G2nqlC/Yj4iPf2h9lMxQMdIkKZwjpLqDR2k1WLF4S3+WFJIMgFvOroRCFN3Zc8MdI0U3SUyHV0ImDNDE5ARFIGn05OwZuI7OJ4zAe8P74+uEXFIDUlEKkneqRFdSIruzqoO2klTJ0V0hSasCyID0+Dvk0jgHC8maK8ELaDlmsNNArOLAtIu7glwdIpE38zuOL+6EFcqFrHROh2c6RSHDtB0k8rZcnGC4+yOLXhmzEvobB/LoCwCmloEtJmVX5mdWee/uDj78peTi+t/XXEhaiEmMNonzjf4bBc2YicCmjojOBax3oGYP/lz4Op2aRZaPM2u7YSxszhoB03753rM++5DhLj4EUCrdYBmcCZg9tWBmZn2zd4xiAvQID0shcG3ayR1ugTmdALdVHQJTyJQjkNmcBR6hkfihS4pWPzWMzg6/3NcWfQFLmZ/idNLfkDl1//AP4f0Q+8YDUnUaiQEJSIxNA1JYZlICs/Sc1xIOsL8khDgLS4WenrGw8NDtDuxm3s8A7KzRxKDNLUz+baTC/lzB6nwa/FiXK1aiivlFNALtSN2l/TG7Cigc3F2bTXWllfANzAJ5i6pMHeTAd2FAZpu+Ta19Flu91fhj85OPEFzcf3PKyk6WYgLj3eK9Q05nBWqRtfweC2k6WJhSkA0smLU2Fy9BLi8UUzREqD1rrzSAroIzafX4v0Xn2b9s0oP0GKCpv1yoHs4/F1DEeASjFD3UMT7q5AWEo90ZgLq4DiSjlVID4pBt5BI9AmPwMh4Fd7ulYHZLw7Hhu/fxJmFX+Da4i9xad7HuDj3Q1yY8wHxh7iU/TnOLvoGW3/6GAvefA7/GNQHw5NT0C2C/L+CoGgk+kdD4x9DrIYmII5YA7V/LEnwMfB1i4C7czhcnSPg7ETsEs0qDRnODNYE2k6uGni4hqBuwTRcq82VAC2fB52td9wouzC2diWO79iKQQOehLm9ik1s6AAtQZoC2sJrSYy58JifVyB/Obm4/tcVGRApBHmHWEZ5+P2sA7RimoOk6ATfcPRPS8b+LUXshDvxXOhSIxUHAfTRYjSeWIPxJMGGu4dIgFYTQKtZgo72VSHUMwxjhgzCBy+NxRujBuPVIX3wUp9ueDZVg5fSNXi3Tzq+HNoNk5/ujfkvDUHp+89g8/ev4+jsj3Bp0ee4vvhzXF3wCS7OeR8XZr2LCzPfwUX2fBfnyWfqc9Sz38f5+Z/g7IIvcXDOl9g06UNUfPY6Fr0+Fj+OGYyPhvbBq726YExqAkbEqzE8JQlPZqRhTI/ueHHIELwxbhwSVCksLbu46wDtQhcKiR0dAlAw+RvcWJ2nn6ANAV1dgEt7tuPdN9+FpX04LF2SRUC7GwI6ESYWHrME/5OCr3cwfzm5uP7XFeDuI7g6uJiEunpu0Ae0hgGa1hwU0nTBcHj3TBzbuZJAei2BdDlL0a3tEnQJ7h5bg6f79kSkZ6gW0AzSvtQqBLsGYcpHr+P+nuW4s34BbtbPwbVVM3Bsxj+w79Oncez7v+Pi7Hdxc8mnuJPzBW7TU+eWfIbrCz/Glfkf4vLc93Bpzru4NJuC+Z8EzJJn6Hx++j9wTvYMAm0C64tzCeCzP8OF7C9xbt7nODXjQ+wn4N/24Vhs/ewFHF44AaeWTcLp3Ck4tWIWjlXloUdSBpvaYGBWAJrawT4A2V9/glv1yxWAXqjbRVhKAF2Vi4s7N2PCV9/BwZnCOZFNa1BAWxgBtKmF5xShc18hLDiKv5xcXP/rCvIKENydPf4W4uK5io7WdQmLR5YS0CxFx0mQDsbo3l0kSK9D68lyAuiVBNDFigRdirvH1xNA90KUAaBlSIeTAZ0mAABvm0lEQVR5hGFUr664tSUb92on4m71D7hX9QNuFHyBI58/jYPvDsWhfw7BoXeH4ciHI3HsszE48fVzOP3DSzg7+TWcn/YmLs78By4ROMuQvjiLPElqVoKaQXrqWzg9+XUcn/AKjnzzAvZ/9gx2vz8K298eiq2vD8S21wZi+xtDcPDHN3FuwWc4M+9TnJr/GU7QLnvq1/B1C4are5wEaBnOGjZuZ08APfcr8pfI2gJcLhcXCi+T1HyJddAinC/t2IifvvsRzq7hsHKOh6VrCnEqLNwIoFnFkUVA3UWEtVM8TM3dvxb+FiTEa1L4y8nF9b+uuJgkISGh21+ivQLLMkJU6BIeL8LZANAZLE3HMUgP75aOXzcuR9ulTWg5US4BuojAuYgBuuHEBowb1A9RHsHSFIc+oKO8o5EYGonDVbPQtOYnNFR9i4aKb3Cv7FsC1Fdw9L2hOPbeEBx7dwiOvjMER/45GIf/MRiHiA/+YwgO/HMoDrw7Agc/GIXDn4zBkS+exfGvx+P4N8/jGHke+vxZHPxkLPZ+8BT2vDMCP781FDteH4QdBMY7XpX8mujtrw0iwB6Ns7PeZ/31WeLTcz/G2bwp+P7lMXByCGKbUyigxQmOeDi7UWvg4BCIhT98IwF6Mbvq6hK77ook6Op8XNhFkvMX38HFNQxWTnGwYnCWAZ0ujdnpAG3mGAcTU+d3//hXZyE+MYu/nFxc/+vSxKYJA0a88Me4gLDl6cHRYoKWAJ0RotGCOV1yGknSGu9g9E6Mw/ryBWi9tBktJytEQNMFwiMlaDq9Ea+NHo5IY4D2E3voELcA5E76AC2b56Cx+js0EkA3ln+NW8s/xokvRjM4y5BmoJZhTXyYpOuDbw/G/rcGY9+bg/DrG6J/kbzndX3vJv5Z4V0EyjtfE4G9/Y3BODbxdVya95EE6A9wigD62PKZGJKWAmen8PaAliDt5BSM5VMn4ma9mKAvly8UN6esKsSZbRvxyT8/gKNzKKydNQTOyVo4W9J6QwFoWm/Qz2YOsTA1c/n74084sYOsuLi4/scVSwBNYRAfHDk/PTjGCKA1WjjLgE4NikW8bxgyIiNQtHAimi4QSJ+qQfPRlWgigG45uxGfvT4eEW6BiPNXGak5VAhyDcIrI/qhYdsCNNb8gMbKb9FY9hXztUXv4NhHI0RA0zT9rgLULFEPIWl6iJioCagPvCXDWue9BLy/Ev8ieQ/xbgnWu14XAb2dAHr/V+MZnGk/fZ7A+RyB9JmFX2P93AkI9wqCm2sMqzhc9TroBDgRQLu7hqBmwXRcW5XPqo2LBNKX1pXgyKa1ePGZ52FrF0jgHA9rAmfjgM7QJWgGaHWbmbnz6L91cuAvJhcXlyAkp3QVzMkz2jf4u5TAqN8GdJAIaOpEvwho/IMw4eM3cOP4WrScrsX9I6VoObMe877/COFu/myUjaZotQxoaaEwwisSyWHhOFI5DY31U9j9gw0kQTeWfomGki9xZe6bIqTfH6qfpKUETQHN4GwA6L2yJUD/qgC0nKZ3Sel5/2fP4uK8D4k/ZiN652Z/gDPEZwumY9Lrz8PF3hfu7rEsQctnccgLhI6ucQj0i8aO5dm4XL2MwfnKlipsrSlD3x79YWMXBFsXCuckBZxlQKdqAS2m6C4wJ5/N7GOazcyc+nXqzG9T4eLiIhr9zAuCl6Wt4O/o+laSf7hugkNRcejSc5wWzilBauakgChEe/jipVEEmltXovnMGjSfWoPavOmI9gwgCVqtV3NQOMsOdvHFoi9eQTOrOb5HQ8XXaCj7kkH6XvEXuDzvbRz7dBSrN9onaP30rEzQFNDt4CwlaNY/k88Hv3qegPkjaYb6Y1Zv0PR8bv6nOFI0B30TSGp2CoEbA3ScdFBSvBbSjs4xSIhJxuGKHFyozcPlrTXInTUdUWGxsLILhZ1rAmwJnNunZ/0ELQPaggE6+r6ZmXPXzib8qFEuLi6iV159Q3A1txLcbeyf0/iGdAjotHaAFk136iUFEAB7+KNnfBxWZv+Ae6c34sj2SqSGRZLEHK1Lz9oULQKablAZnpmIa+vn4H7tj2ispD30V2KKXvkF7hV9jpvLSKKd8DyOfDCcQfnQ2zowa+H8pn69oe2j5Q6aJOaf6aIg/fzhaJye+hauLPhYC2dab1wgPkcXB3MnYfn3n8LH0ROebjEsQbsxQGu0ph20g2M4hvYZjOs/b8CR9TV4/9WX4e7iDxv7cALnRNgQONsQMMuAttJL0GnSFIchoKPumpm7ppiYufAXk4uLS5StiblgZ241Qu0d2CoDOis0vl3FIffPqQo4M0AHip81PmFQ+/jj/RdHY8+6Mozo2gXR3hEM0NSxJE3HMkiLgI72iUa4mw+qpr+D5vXTWc1xn9YcZRKkiz9npjd7X1/8Ls5PewXHv3sOhz4fg4OfjsX+j8Zg3wejsff9p/Ar9Xuj8Avxr++Rzx88jV+I97xPfvzjsTjyzUs4Pe1tXM3+GNcWfoLL80l6nvsR24F4kSRnCuiz8z/D8aJsPNW9K1wdg+HproYHAbQIaY2UpOPgQic4HMPwxYdfoL64AN3TusDW1g/2zmrYk+RMAW3rlqwAtDI9t18kZAcl0cP67SJuWFi4qswt3PhLycXFJcqqs5lgY2rRNdrTv1Hc5k0TdLxuiiOkff+sBHRyYBxxLAN1Al0U9AxGv5R09IhLgto3SgSzvw7QrPKQU7RbMMZ0T8H1tTPRRFL0fbpYWCFBuuQLCdKfMd8r+gx3yr7GpZXfYRUB7oKXh2Hhi4Ox5MWBWPrSICwjps/FLw3Gor8PRdF747B/9me4lvsDri76nMD5E1whYL5MN7uweuNDcYs4S9AkSS+firzvP4e/iy9Lz54escz6KTqOHeZPD+/v1aUfggPUJDWHwdGVpGoCZy2glQnaLVUP0GJ6FgFtIQOaHdYfftLCwsXT0sqDv5RcXFyirE0tBLMnTNz9HdyO0FPsfquDTjECaArnRAroANGxvtEExvS8CxWb5KCW4azWS9ExCHX1wZIvXkbz5lm4X/29ONEhLRhSSDeu/Jy5gcD5RMG3eLVPKsJc3BHo4IEgBzdiVwQzuyDY0Y3YA4GO7ghyckO38GCs+PBFXF72HZvWuEygLAL6Qy2g6SLhxcXf4OjKxeiXnAI3pxCWnr30AB2r6KNpio6FnVM0HFxi4egmwlkEdKIEaLHm0Ad0SntASzZ3ToCppd8Ke0urx+3tOKC5uLgkOdvRG6Qf+4Ozpc2PCX7iQmFmiG6KQ9dDd5SgaXpWEzCrtYCOJ5+p2YFExCKgVVpAKxcLwz3CkBYSjJ1536Fpw0w0VH0vzUV/pYV0A3neqp2Oj0f3Q4C9O8I8IxHmFYVwL3qHYST7dqhnBHGkwhHsvsNE/wBsmfoRS9G0e76y4CNWcdAUTeFMD1e6UrEQn7/4DNzsfQicSXp2VxFAq8lTBLQIaTVJzzKkNXBy07BxO0c3AmeFlSlanOJIUXTQKQaLhBmwJJ/N7SKaTM2ch//NxE2ICg7iLyUXF5dOlp1MBfMnTEKCnD2Os5Ps2K0q7TvoNOUiYWCsAtD6CdoooBWQFjetxGoXDkNcgzAgMRZ7VvyE+5sW4F71BO3YXeNKCuivcLFyBgbGqxDoGkKgHM0crnUMs/z9soM9o+Hr6IM5b43DrdxvGaAZnOcTMFMv+QaXKhZh6juvws/ZC56ukewSWS92mayaJWl3YjfZbmpFio4zCmkGaDe55iCQdkvpYJEwncHZ0jkeZpZeqy1MLK0szOz4y8jFxaUvRxtH4RW/cMHR3PrtOJ+gVnYetNQ/609yaAig4wig43QpOiiO1RwdA1pXc6gVKdpwCzg9RKlrZDiKJ32ImxsWo7F+Ku7RLeAlX+IuBXT5FAzQxCDILVQB5mgJzDqHku8LZc8YBHup4Ofki8mvjMHN/B9EMNOqY9GXuFI8C78un4d3xjwJHydveLmE6eCssIcS0gzQse0ArYW0VHXINYc1S9GGCVqsOSypXZJgbhN0w9TUoWdnE2fBzZkvEHJxcRmRlYm50Plvnax97JxrUgOjtWdxyCk6lcJZcgq1DGkJ0EkPAehYaaJD7Wc4Hy0eRxrqHsYmO14c0B11Mz/BlZpZaKibjjuVE3ClcgqGJGsQTH8OBbN3jNZh3kpAx7DkzEw++zv5Y+qbL+BGwWRcWfotWwzcs3Q6prz9ClIjouBu7wsvtyh4u8foA9pdLdUcKgZpGdByF+2sBbSGwFmjS9ESoG2kisOSATpZUXWksl6a9tOW9hFtZuYu31mbW/7JysKRv4RcXFzGFRQcJdh2NhOsTcziw1y9T9PT7ZRncaQFUUiLoE4J0jeFtFhzqDuoOEQrFwpjpJpD+5TOi470jkaAcwBCXbwwJCkeP74yGqumvosDy3/EqMxUBLsZAlqlB+gQGc6S/cjvNeu9V/Fz9kRkv/8aXu7XnfwZA+Fp78VSs4+HCt4ExN4GydmzA0DLFYcI6Lh2gLbXA7S4ScXaYCbaxo08HaNhbulRaW1uZ8vhzMXF9ZsyN7cW6nr3ERzMrZ6L8Qy4lxkSqzdml/Z/AOg4hdttWqHTHFpYy4f6i6bXYAW7hZIE7MdSdUZYOPk9wtiCIAU0/XHWPcsp2gigg4gDCNATQyLJXwBB8LL3gLsDScyu4QTMMXpwNgZpsYdWSTPRHVccFM7KBK3tnyUo654inG2cY2Fm6XnA3MQm3NTETvD35NUGFxfXQ8iMpOg//PHPj7ta2U6M9w1po4BmC4R0ioON2sVJYI7TwlmuOBikO0jQdA5a7a+rOGRAqxRJWgnoKB+apmOYI0iqDvMUpzbo5whFvRHurd8/6wM6BoEe0ewqKz+3SPh7RMGPfluCswjo9pD2NkjSst3cVNIkR6wW0I4GgLbXTnAk61lMzsQuGlhY+V4jYO7fubOLYEn+UuTi4uJ6aFl1MhVM/9bJztPWsSLJPxI0SevG7JSAjmsHaLGLVhuk6FjJYs0RawBqXcWhuxorUga0j4EZsGP0IK23QOgpQprCWQZ0AAGz/PQnT38J0jpQqx8K0qyDlmxsisPeLZHZGKCt2e7CBFjYBDSZmtq/42jx+GOWZlb8ZePi4vrXZGLrIlg8YSqYPGES7GPn9GtKYAQy9CAdq03QLEV3AGgxQevgHKfYVai/UNge0CxBS1COkJK0LlErIO1lPEGLgI7WgjlAArPoGAWgYxigHwRpXcWhEmsOBaAd243ZJSp2EyaJqZkAmk51WNoEgiTn+RamFp0tTG34i8bFxfV/JhsbR8Hub08IFp1Muwc4up5PD4pCerDaANBxUv8sOrGDBK2R07Oy7uhgkoPCWQZ0lCI1GwN0uALQoYoJjqAHAjoGfh0A2qejFM0ArZIATWsOlUGCjtf2z/aKMTsKaXouh50bSdQOETA1dVxt2snCyaSTpRAVGcpfMi4urv9zWZqLKc/OzPLZSDfvuxnBMUhjR43GKmah6aidhoBZdkeANkjREpjlqiNGAWcdoEVIa9O0ETjLG1QonEMYoGO0cG4P6Bi99KwDtKpDSOvmoXWA1q84NDpAK6Y4ZNNEbeMUAzNztyMkNcd0esJKCPb15S8XFxfXvwHStCf909/+4mZj/4Payx/pQZEkQasUZ3LIgI7TQjohII7AOQ6agFjRCjjHGRycpA9odQeA1k/PYves3KgSLdYbeoA2TNAx7dKzr3aRUNUxnLU7ClVGKw69KQ5po4oD7aJdRWDbOqtgYelx1cLUdiD5/yWCsy0/kJ+Li+vfqKqCpcKq4tzMF0YOvxfv7acHadY/6wE6TgtoJaSV/XOsduROBrTYQccY6aAjvPUXCHVg1gd0WLsErb9IaAzQPgaANt4/q1h6dnczBHSsXoKWIS06kT1tndWwtg1o9vUO/tDDpvNjdpZ8KzcXF9e/WbdP7RTuntnV9eiu1Y1j+vVGom8AUgOjpJ2EGgnQsVIPTQAdSOGs0YO0MUBrEzRJ2NG++jWHHqCNpWdWcfwrgBY7aMMErRu3U7cbuftXAe2gHLdziYOtfTBeGv/y3Y2V5XNK8/L/WpSTy18mLi6uf69uHakTrh+q7X3n2JqmfRtXYnBWBuJ9ApHCIB2nOHKUwlnDHB/4YEDHPgSg5Xojwlj3bNBBhxmtOPQB7acYr2s/Ztd+Jppt99YDtAhnLaBd4+DoajALTc+GluA8/tkXcWDLRqwpKPileGmeTVleAX+ZuLi4/r26d2wVgfSqEXcPlrU2HK3FrrpCDEhNRoKPP0nSkQTUKi2gExmg4/QBbdhB+xkHtPEOWtU+QXvJjv4NQNMOOko7B+1nkKD1FwiNb/mWFwh1gI5ldiGfWYJ2lVO0DOg4dmnsU8OfwqGN9dhbVYG1ebmHKnKXO1TlF/KXiYuL69+nvKULhPvHqoTbR2pebjxUgnt7C9FwpA7ba/LQOzGeQTolIJydCU3hLKdoXcWhv0j4oATdIaB9jE9v/GuLhNHtNqkodxQaAlp/Blof0C4SoJUHJrHFQtdY2JPkPHLoKOxdXYVD5cXYVZCLTXnLjlTn5jivyuMVBxcX179RKwuWCjhJAH101fuNh0twf28+7u3JQ8OhVdhckYOeCQTE3n5IDoiQIB0rddBxOkAHGAG0f0eAVhtN0Hrbu6UFQuXZz/Ixow8CtLyT8LcAraw45A7arR2gxe3ezixFE1C7qAicAzCKJOeD62twtLwQvy5fhj3Lc7A1b+nJutxl7qvzcvgLxcXF9e9TPknQOFNNAf3RfQLopn25uL9nCe79vAyNB6uwrXIZBqalQMMgHYmkgBgkBsiHJulPcbRP0GrtFMeDErTcQxvrnUVHGSTo6A7moKP0emifdmdydLBI6GYsQevs5BINBwLnsaPGEjhX40TFchzIX4i9eYvxS/5SbM9ber4+d6lffd4y/kJxcXH9+1SxYpGA0zXCnaOrPrl/uBTN+/PQtGcxmnYvRsOuJWjYV449dcsxvFsWYj19WJJO1IO0/iy0LkHHKs7jkMfsVB120A8GtO4MjhAFnI1VHH5GFgm9Ozg0SZugDSY4dI6Fo3MUHB388erzL+PohlU4WZaHw3nzcSgvGwfyFuLX/CXYkbf0yurcpaEE0vyF4uLi+vdpXVWOgJOVBNA1X9w/QgB9IB/NvyxG888L0bQzG/d2EP9ajAPrizGmfx/EuHshyT+cQVo+wP//FNDRivTcHtAx7SoOGdDBEphlPxyg1XqjdsZH7JSgVsHJKRwuzsF4/823cWxNBY4XLcLRvLk4kjufQHoBg/Q+AuideUtv1OcsjVnDAc3FxfXv1JbVxQLOVVBAf0sB3XKoAM2/LkXzrgVo3rkATdvnoZFAumFPIc5srcC7zz8Dlac36AW0CQzSapai5RPtjC0S6gNa3W4nYYR05GiEt+6KK2WKDlWkaPksjkDZClAbrTjco/UA7UU+K29TMaw4RBM4O4bCzy8aE7/5CqfXrsTxwmwcz52DY7lzcTR3HoH0PDFF5y/Gz3lL7q3NXZq6LncJf6G4uLj+fdq7pVzA3TxacUxhgD5cgJb9OSRBZzNAN++YhxYC6fvb5qFhVw6u/rIKkz99D/H+gYjzDmJJOj5ApTh2VHd4v/J+QmNnceifXBdtsDjYcc2hTNC6o0aNAJrAWQdo0fq3qqh0kJarDlexb45Tp2HFwrk4X1+EEwXzcCJvDk4QQB/PIZDOESFNU/TBvEXYk7+4eW3esr4b8jigubi4/o26dmytcPn4xk53j60qbzq8UgT0wTyx5qApesd8tGybg5ats9G0dQ4ati/E3b2VKM3+CT01BL4ePkjwjySAjung+ivxRLtoY4BW1hte0UanN/SmOOQELUFZf4LDANAMzjHMvwVoL/aMgZtzGFwd/TFq2ChsLc3D+ep8BuaTebMJnCXnzCaAnkMALVYdNEXvzV+EzXmLx+/JXSTk5SzkLxUXF9f/nfb/skYAqoUrR9Y63j6+5quGY9V3mw4Xs4qj5WA+WmmK3p0tJmgC6GYC6JYts9BM3LhlLhr3FGLfqhz8fcQQRHv6kDQdTEAdxUAtAlqlB2hjhyX9q4AW03MU25wS5NF+gkPvRhUK6HaLhIZVB3UMvFwj4Gzvh9CASPzw2Sc4Vb8CZ1cuxMncWThFfFICs+zjFNIU0HnzcCifpOjlC7F7+eL9m/IWv1q/bJH7pLlT/5C/aC5/ybi4uP41ndy/TlhZv4GAeZ3dzePrnr19bM22e0dXtdw/UobmwysYoFtJgm49kIuWvUvQvFNM0K0E0K0Ezi2bZ6Jp00zcp96xGFe2F2PBdx8hMzICka5e0PiFM0jH+sVoIc3uJtSmZ7XRiuNfSc/MRhYK/RVz0L8FaPaZwNnDKQSuDj4Y1HcganPm4sKqPJzJn4lTy2bgVA71TJxknsV8gvi4lKKP5M0Va478hdi3fDF25S9t3ZK75ODapdmflWfPDlgyZ+pjhfNn8JeOi4vrwdq8ebXQeHqzcPnIBoubx9Y/S1Lz1nvHau83Hq1E09FSEc603iBuPUQAfTCXpOhlaP11MVpIilYCunnTDDRvnIH7xA2b5qBhVz5+qVyE10cPQ7SHJ6Ld/QmoIxHnJ4Ja5RtDAB1DwByjmN4w3EFoDNAxeoBmCVoCtBLOhoAWJzlkQOtvVhEdwy6WdbH3hSY6HlO+/AzHawtxoWQBTudMx5ll05hPKyB9ygigac0hjtwtwP78RWzkbnf+UuzIW9K2Ydmik6uXLvy2cvGCwCnTp/xhydyZ/CXk4uLS1+7da4QbJzYJV45veuLm8fW9b59YV3P3xJr7DcdrcP8oSc1HS9BypIi4UILzcrQpAN22bwlaf1mI1u1zWcVBAd3CAD0dzRum4/76aWhYPx0NWxbg5vZClMz+HsO6ZSHC3YvAOgCxvhFQ+0aJkPaJJnCO0QJa/xzo307QoZ5RBNJREqQ7ArRcc4iWP8sLhl4uoXCx80FEYATef/Xv2LVyMS5W5eAsSc1nl01lpnA+q4X0dAnQYpJWApqlaLpYKHXR+/MWSZtXKKiXYXveMmzMXXqidunCj8oWLXABIMyZPY2/lFxcXIJw+ehG4eyhjX+6eWKD+s7JdYvvnVxzu/HEKjQdr0Dz8VK0HCtG69EitEpwFgGdrwV02/6lDNBtexejbc9CtMiQJoBuIem5ecM0NBFA3183FffXTkXDuhlo3LYEFzYWYOnELzAgIw3hbl6IcPOFyiecQDqaQTrGJ4pAOhpR3lEEzpGI8IpgjpSeEV6RzOHE9LZv6lDPSC2gGaQ9KaQjCZxF+7tHIEBhf/dIZj/ymd767eEYCFdbT4QHhOGN8eOwcfk8XKzJw7mC2TibQ8H8E84prIS1WHfMbJ+g6TRHzjwJ0gtwMHehFtK/5i3FHgLpXfk52JyX27omZ+nuikULnsmdPdWsPHuu8O3EL/kLysX1v6iLRzYIx/dt/MONExv875za8EPDqbUXGk/WoelENVqOl6GVgvlYkQjnoytEQB8hcD68nDi/XYJmgCamSbplx1wxRbMEPQ3N66eimQC6ee1PBNJT0LjmJzSsnYnGrctwYUMuCqd+jmcH9ERsQCBCXHwR6hqASI8gRHuFIoo4gn72DUaMfwiCnDwR6OiJIGdfhJCfF+oWiDC3IIS5ByGUOIR8DnYNQqBLIPycAuDt4Asfew/4Onkjwi8Mga7+8Cc/7k9+3If8uAf5cXc7D/i5+iIzIRFf/+Nl7CiYi8urcnCxaA7OETCfz/kJ55dNYb6wbLL2M7UMaFZ1MBNIEysTNIU0m4lmgM7WQnofTdJ5S7CHpOif8/OwPT8fG/Jy769aurgqf/b0Lp++/4/Hp3zzBX9Zubj+VxQVGMKe+7dWeN47u/mThtNrj90/vbqt+VQNWk5WouUEgfPxErQdlwG9Qgvo1sMSoBUJuvVADknRS0RI7yOA/nURWndno1WCNK05WgigW9b9RAA9hbmpfjLu109Bw2ri+um4vykbNzcuJWCchhmfvIlnB/ZGRkw0AbQPgp1cWRWy4IdPsLloHuZ9/U+8/+xwPNOnKwalJqJbTBTSwkKQHBSIpMAA8gxCekQYemnUGNk1HS8N7ouvX3kGud9/grVLZqJ/SiK8bB0R4u6JpPAIjOrZDd+89SJqF/yIk5WLcK1qIS4XzsCFnCm4mDOZeBIuLtO3CGkR1HKSPpMzHadzREhTQJ9QAFpXcywgkBYBfSB3EYH0YpKklxBILyNJOpck6XzsWF6ALcsLUZuTdyNv/uJFmem9e5P/XJ2sze0EB/76cnH9d+rPwh8FdZBGCPEMM4sLiX0he/LX+5rOb2xrPlOHltM1aD1VibaTZWg7QeG8Em0kQbeR9NxG4NymBfRyZgZnJaD36QDd9utCtO0hgN69AK275ol1B0nRLSRBt5AE3bxmCjOD9Gri2klorJ2Ie6vIczXtq+fj9obFOF0zH9tzJ6J0yvsonfYZrqxZiFt1c3Crfh7ukM83VhOQ1mTjbMUCHC+Zh4MrZuMA8eGi2ThZOhdnK+fj6qps3CK+WZ2NGxXk2+ULsGvpFJRN+QRbF/2IYyVzcbV6IW5WZuNa8Sxcyv8Jl3In4VLORFxm/hGXl4m+tGwiswhoGdL6NQfrorWAFmsOXdUh9dAE0Ie0KVoEtFh15JIUTQFdiG0FRdi8ogSVy8uQmDzwnpV9WJ6llYfG4s/Cnyw7m/KXmYvrv0lxobFCVEDon5KiMxK7p/Yv6dd16P0fPn4fBNBoOVuL1tPVaDtVTgBdCpxYydJzm1RxtB0rap+gD+czQLex9LwUrfuoJUD/skj0noUipH+ej5atIqRpxdFC4UwhTQDdTADdTADdtOpH3K+ZgMbqH9BQRU0+1xBg100hSXsqAfdPuFsxAbdLv8etku9xm/kH5jslPxJPwt3SybhbMhl3VhIXT8Ktoom4sWIirhcSFxAv/5E9bxZNwe2VU8mP/0S+PQlX8ibgSq7COZKX6Z5KSCtT9AVFgj6bowP0KWOAptMcDND6KXqfAtC7CaB3kgRNAb21qBRleaXQpDwFH9WTcAnsdsnOJXqCtbWHT3RnQXCxsuQvNhfXo6zUhDRBFRP5h+5pvYN7ZQ6aOrjP2MtPjXgNTw79O9575XXcPLEBrQzQVRKg5QRdrIU0BbQyQbfR/lnqoNsOLBMXCZULhRTOv4qA1iZpAunW7XPE0bt1UoomcG6pm0gATUwA3UQA3UQAfb9KcuX3aKz4Dg3UZd+iofQb0SXf4N7Kr4nJs5g8i77G3RXU3+D/a++8o+uqrq1/TEhISB4kj1CMC7Yx7t0GN9x7kdV778WyLMuyrN67ZPXee5esLrnJFWywMS0VUggtdAIBjLGk9e29T9vn3HMlke8lgWTPMeY4Vwr889D9vTnmXnudL7A70Of2FPiyDX1uTYG/I3/ekgqfYTenwt+oz+Rn7KY0+BT5k6Z0wSeIP248wYNaAnSmAOgcYh7Q+QKghRTdxI/dyTWHfFhIAxqbBzR/WPiqAOgXUYK+gQB9o2cQOmraYMXTjrB4kw8s2ugFs1fZwCOPb3ntwclL/R/55bQH/ufhxdzKn/+Y/aEzMX2ftGT+Es7O2IvbuXHvIwd2WYVam3q+gcHs4hhE7IQ+ezt4wl9eRsn5r+dh9O1BJaDFFP1nGtDtApxbeOsFdI1Oih5FgB59EUH6Zjm5Dk4ODi8KgB7KRIDOEADNQ/obBOhvEKBvIzjf7k+FrxGgv0Zw/ronmXd3EtxCkL6FAH2rE30+KbgjCb5qF9yG3JoEX7YmE3/RgmDdLPtz0U3JyCnEnyH/rSkVwTqd+JPGdJKiPxRStALQTSpA66k5lAeFlVIPLQKarzl4QL+CAP0SAvQLCNA3B85CYUYpLFjtCEs2H4TFm31h0aaDMHe9O0xdYnrnoZkbL/xy8pIDD93/yx8/8MBj3CL2Z8/E9N3X5rW7uTXLN/x09xZTG3ND1+fsrPxHnB1DwMUpBJwdgpGPg7N9IDiYu8KzAwis719BgJYTNPylh685pKpD6KGpw0HJIqDFeoN00LUKQI++XM0DWoT0ixUkTQ9fK+IPDYf4BH3nDPJpAdKDGNAIzgOpyCkI0sh9CMy9SQjQyN2JBNJfd/EW4cwDOhFuITjfakPpWjAN6S8IoJMFC8AmkOb9WZOYqPk0TQDdJANaUXM0KSsONaCVHbQMaBHSv8M9dHOtcFDYpAT06QsQEpgI89a48nDe7AcLBS/YfAhmr3OHRxeb/P2XMzbWPTB52cpH7/35XQ/eP519AZiYvosKSczmAkKj7orOa1rh4BbWaGXud8sJAdnFKQw5HJwdwxCcEagd0e8cgsDW3BPqCzNg5P1nYeRt3EEPKAGtSNAdPKBfHwvQgn9FQfoVBGeSoKsoSFeQCY/RG/hqeAmMXBNqj/O4ixYStALQqRKgb4uA7qEAjRL011SCvtXOmyRoDOhW3l+2YEDLVgC6mQY0n6IxnHHF8bE+QDeN1UErDwrpioMG9O81AM1XHF3w/KnzYGNzFBZu8IJFW/yQDxMvJPYnz/kI1rMQwCcvMn13+nKL+McX7Z56r0M7t2TK4+wLwcT0XVBYZDQXfha46KyqaTH5rQmJVaffjczpAGe3GHDGYBaNAY3sgtM0ArSDtS/EHguCL97CPfRZBaB10jM2mYHWAPRvGpQpWgJ0jTagb8qAHr1eSoxBTeamrxSQw0N8aPjNqXQC6W8UgKYgTQCdzAO6U5miRVCLNYdUdbQkITgnCYBO0QV0M1914ASN6w3SQY8FaJ0EPTag+QStPCjUAvQLnT1wpr0XNu9wJ+l5sQDnRRKc/WEB+ow9H3mJcSwstUwambPT/+bs1Tb28+dt/NkTq0w4A24S+4IwMf075O9jyyWW9XAx2ZU/jy9scU0q730xuWZoJLXxCqQ1XAafwFxwdIwEZ+cIBaBx3YFrDie7APB28IA3Xhzge+i3BilAd2kAukMFaDxi1yhNcegmaBHQ1WMCmuzveJ6H9MhzxcINxEIyNz2MJz3whMepdD5J0ym6O5kHNPbJZCWghRR9S0rQIqDFBK2E89/FLrpZ7KHTpARNA1oat2uSAY0vsdAVhxrQ6g76D+MCuh1u9p2CqvwqWL7eGZag9Lx4qz/xoi3iE4F6qwDpnUGw2qkA1nuUwVPOebDYJPrW/G3ePU+sMN46d+qiH8554mn2ZWFi+lcqKqOMC0vM/GF8QfP25Iq+wdS6odupjZchtfEZwIBOb7kK4Vkd4OgcDU7OCNJONKRDSc3hbH8M7M1c4fzJaoD3r/CTHHoTdAdJ0NIhIQY0ueYtArpelaCFw8KX9VQcN8tJDz16XU7RowTQuPIohhEE6REEaWI8Q40vulwU+uozQkfdn4ZgnYpAnYISdLKy4hA66FsCnOWaI4mqOeguOll1WJgqHBLiikOoORozdcbt8Kgdn6DzqCvfhWMk6IoJALoDXjx1HsICE2DRWhdYttUPlmJAbzsiOIB44fajMH9HICwxT4H1npUI0JWwzr0C1riVwir7TFh0IOSTJza65Uybv3POZI6bNP1/p7EvDhPTP1M5BaXcM0kGXFpJ89zkit681Npzn6Q1ocTc/CykNj0DKdgY0k3o54ZL4Hk4AxydIsGJWIR0qJCig8DWzAtyE2LJPPRYgMYjdjKgWyVAk012dAf9ayE9j5WgdQBdJtUcWoAeRYAeuYKdz/sSdh6MXMiFkfM5MHIuB4ZPZ8HwqUy4M4Dg3YfSdk8aStZpcKszFYEbuT0FvmpPJaN3X7by43dyilb2z5/RgCbjdhnwcXMmfNScxbsFz07nwIctufBBSx6831oA77UUwLsoQcs9dCECdBG80UgDWoB0U4US0NJtQh7QNzs64WrfGTA18YHlm7zhqV2B8NTeYFi9PxxWH4iE1YZRyNHwlFEMrDJJgLWuJQjQ1bDOowZBGj8xqMthjWsxLLdNh/l7Al5/fJVZwKwn1j84d5MHN/Wen7AvEhPT/6XKslO5zOaLXF5ly0O5dT1HchrPvnai6TIPZuQUEc5Nzwp+BtJbr0FIWgs4OEYjSEcJoI6QUjSuORxsjsBh14Pw3m+HYPTds2SSY6KAFm8RjtAJ+tf0FIca0FX6Af28LqCHJUAjY0BfzueNAX0xD0YRoInPUx5C0B7ioY2fw+eyYfgs8hnk09lw53QO8TeDubwHcuE2dn8ufC26Lw9uSc6Hr/oK4av+IvhqoBi+HChBLpX8BfLf+0vh8/4y+LS3HD7qLoO/tpeornyXkFnoPxJrAFpK0I38HHR3H5ysboWtOz1gq1EYbDOJgs2msbDJLA42mPJej7zGNB7W2GbBBs8qBGYEZ88aAur1HlUCqKsQqMtgjUs+LDePGZ633eeZ2avMzOY8vvbeGfN3cMvY14qJ6f9P1r9AqbmimUvPK/tJbk2nUWHL2SuFHVeGC7ueh4y2awjQVwmgUwUoJ6NnctNVSGnGvgZJtRfBwzeddNEY0iRJO4oTHcHgZH8MHMxc4VJPHcD7F/lRO3EOWrjqPSL0z/oB3UhVHPXKEbtX9Fcco+Mk6GGq4lAAGnmUADpPgrL0xIA+h3xWgPRZpYfP5lLOQ+DOhzvYpwskf4N9qhBuYw9iF8HXg8XIJXALAfkrCs5fCHDmXQ6f9VfAJ33l8G5rMUnQylG7UpKi/9BUoTPFwV9WaSRXvfH8c1JkBmzZewR2mETAVgToTQjQGwU4P20SywPaPBHWu5XB0161CMy1AqBFCz9jULtXwlq3UnjSIQsWGYV/OWezZ8uMpYarF/38kbvmPLacfcmYmP4RpWQXcdExsZMyy5qX5zf01xZ3XPqipOc5KOm9DkU9N+AEBnSLLqCTEKAxpJOaeEgfT25EKTqKh7RgJ2HkDqdoOwtvyIiJhq/feUaY5KABfZLaxaHsoOkErag4CJxpQKsgLQG6XNVBlyorDqHmUCfo0UsqQCvSswDoc7qAJlA+QzsPwRn5dD4CcoHk24MFCMaFvAcEI0DfGsAuQYBGKbqfBnQpgfPnCM6f9VWQJP1ua5HGLLQM6NeaKlXXvQVAt3fAM10D4GAbCNsOHIftCNBbEKA3IkCL6flp5LUoPa+1y4ENXjUE0E971fFPT+wa6Ylrj7XuNbDGrRq5Ala7lMBy2wyYuzfor7PX2MXPmrNp+joAbtbPHmRfOCamCfXMmRnciXPvcdnlzVNy6/oiitqG3iztvgalvTcInEVAZ7Q9hwAtQFqoNkQwi05GgI6vvgBuB9N5SDtFCYBGKdohlE/R+FahnRv84foAAB63e6NXc8xuRKODHiXpWVVxvKquOPQkaNWonc4hoQagR8cC9HkB0EMioHPHAbSYnvOF1CwD+rYa0ANFAqCLeUCr6o3P+5SAfqdZ66BQBDQ/D/17YTe0AtDd/VCbXwk79/nCDuMwBOhIBOhoCdAYzusQnFdbpMB69woE6FoK0DSk+VQtAnqtG4Z0FXIlrHEth5UOubDILH509jbfV2YsM3KZNX35fY/N38HNY18/JiZtBfv7cgX1vVxGcd39+XU9TkWt514o6b42UtZ3A0r7biK/gODMQ7q45zoP6FYe0qnNPIyTVIAmkG55Do6hFG3vGM330SKgHUOFm4XHwN7UFZqKsmHkvSsIzn38Nju6g6YB/ZpyikOng9ZK0CKctQB9Y+wELdYcCkBjj5mgc7UT9FkloIdFQFMJmkD6VMGYgBZT9N+pegMDGvuTnjJ4S5jmEAGtdWFFWXHwh4TXe09BoG8EbDcIIOl5K+mfY+T0bIaSs1kCrHXMg43etQjQdRKc13vSFgFdSyXoah7SrhWwyqkEVjgWw1LbbJizP/z2jPUufY8t3L15yv1T754yZSn7MjIx0UovquaSs4t+mFN9cmth8+n+0s4rt8v7rkMZgjI2BnRJ7wuCbyBA35AAnYoBjawDaPwz+R1K0TUoRR/KAHuHKJKkpcNCoeZwsPaDIE9f+OB3Q2QeeuTPYyRoDUCPWXG8ogL0zQoKzjSg+TloGtCjIqQlQBeMDehzqppDAWj8pCGdJydoDUDfVlQcGNBFcoLuLyH1xt/7sHGC5o076A9PlsBbDfljjtu9Tg4K+X0c4iHhKyc7oKu6GYyMvFF6DoVtQnreJKXneFiPAL3GOg02eFbCBu86KjmrAc1bF9DVsNq1EgG6HLkMVjqWwjL7IlhgkQ6zdwZ8NGO1bfbMhbvnbuK4SYuns2NEpv9yJWfkcT52+yflVXfMLWg6lVfScenjst7noLz/BWIJ0CQ535AgXdTzAgXo5yCFBrQEah7QicLvjqc2Cyk6SpGinRz4kTsHU0cYaESg/OslGMEHhX8aB9CvNete9daqOHQAjdNz2bcGNIEzsf4OepSuOM7qOSSkao47EqQLdHro2zodtAzor0RA96sA3VcO77UWwttqQDfSNYcMaDFB4212L/YOQFRQIuzY5wc7TMKF6Y0YGdAIzuvME+Fp1yLY5FOLEnQ9laDrNWEtAnqtO4KzqwjoKgLoldiOZbDcAUHaAaVpuzyYZxIPM7f4vj5juZn/7FlPPfD4ciNu0T33si8q03+XMlMTuYL2S1x+VesvC5sGjpR2XHi9rAeBue+GBGXZNwigiftkQJ9AgE5txXDmLQKaPJuvSpBOJJBGrr0EHn6ZYG8fCQ4OGND0yF0wOFh6jYb6+MLHr5+H0b/0K/ZBK9aNqq56a3bQ+iqOFysEQGtVHOMA+gp2IQ9pDOiLWh10jjxmpwXoMxqAPq19UHhb85CwmKRnPkGXkYoDA5okaTxq113Kv0i2oWBMQIujdjyg6+DXHe0wWNcKZia+sNMomHTPW02jyXjdRjxeZ8an5/X22QjONbDRpw4Buk4F6HoFrEVAKw8Kea9yqkSAroAVBNA8pJc7lMBylKYXWmbB43sj7jy2zmVoyvzde6Y/vOBHUx97igP2tWX6b1BpfSdXUt18T2nzwP6SjgsXy3quDVcgCJPELJoGdK8M6BLBYoJOVSdoqdYQ4IyeicIT/xxyoh2l6BgEaD5FOzvKS5Sc7Y+Ck6ndaF9dMUrRF8m4nRLQ7SpAywmaAPrXwjVvHUBXqQBNQVoH0CU6gB4VK44r+QKg8ycG6HGnOPL1VxyDWh20kKAJnMWKQ4BzXwlJ0B+0F5P0LN4o/EtDoc7bVeSDQh7Qv0GAfrWvH+KD4mAnSs87TSJIet6C0vNmBOeNCMwkPVumwBafKth0ECVnlJ55QIuHhPWk8tggQlusOcYFdAUCcznxMgTqZfYlsMSuCBbZ5MM8s3SYuTPos6mrHcsenbtzyRMcN+mxX7IlTEz/oSqsqOeyTmRMKmvqWVxxcqiyqvfZzyv6EZgHbiI439SpNRSAJj30C4oEndH+PF9xtCoBTXfRNKATG9Hv6vCOjnyws4+SUjQeuXMSumhHK5/RIHdPeP8352D0zUH+xbGKXRy6gJYS9K/rJghoMUGXjQvoERrQGMxXCsYHtN70nKMzZjesMWYnJ2gE6YECBOVCwTykyaWV/mL+kJAk5xIC6M96S+Gvzfk8oBsK+INC9NRN0OJBoZCgT7bBQG0zmBh68+nZNBK2ofS8VQA0Ts/rzBJgo2sRbPNrRIBuQAm6nqo4amU4awKah7QWoFc6YkgjONtjl8FS+1JYYosBzXuBVR7MNkqE6Zt933x0iVH4o9NXT/7lxiPc9Ht+yr7QTP8ZSomL4RqHXuFKG7ofqmg/E1zTe+WN+tM3oP7si1CB4awA9M1xAH1z7A5akaB5KCeKoG7kU3REbg84uMRTs9ERpI/Gq0md7ALB3th+tKU4E0beuUAOC0fE9xKqAS1e9dYEdM0YFcfEE7Q0aqc1ZjdhQPM3CfVXHGMBOp+HdH+BDqS/FJK0COiPTxbBOw25CM555JDwrYYC5ZXvRvlGoVhx4Dd7v9zbB8GHwmHnfn+SnrebRhE4bxEup+BqY51dFmw/VAdb/ZoIoDeJgBYOCnUA7SVPc9CAXksBmkDakU/RPKDLEaDLYLFtCSy0EV0MC60LYK55JszcGz4ydZ3rc4/M22Px8IPzf/LwtNUca6eZvrfasH8fV1LfyWWV1P6krLnfuLbn0jMNp54fbjx7ExrPvQQNZ1+CykEe0hUUpOWK4wblFxQpurhX7qAlQLdQgG6+qkrRPKATsOuuwKHQUj5FKyCNkrQ9StHWh8DXzgn++Fw3jOKXyf6xU+8Ux8hv+ZuEUr2hAHS1EtAYzmKCvjmxDprAWQA0AfNlaoLjwsQTNLnqTfxtOmhccxQIFYcAaATmW/0ioIuJv0D+vLcE3kPp+R0EZ11AF0spmr6s8nu8sL+7A5ryy8FgnyfsMg4l6Xk7Ts9mQr2B556tcLVRDdsPN1IJuoHUHE9THbQIZy1AixWHCOiVKkDLNUc5BehSWICeC6xxki6AeZa5MNskFaZvP/rllFXWzY/O2bbmofum/+DhyWwsj+l7pqziGi4pI/8HxfVdq6s7hxobT137ovncTWgaQmA+9zIC9MsoQcuA1qw5UHImVgAad9EyoNP0Alqe6CAVRyMF6dorEF04CC6eKQjS0fzonQOCtEMEONqHohQdBHamLqPZ0aFw681LKEX3SnPQfIJupdaNCoCm93DQcB4T0BScNRN0IXVZRQR0wZiAHtUzwaEf0PnjVhxfEzALKZoC9FcCoLE/7SyCd1F6FhM0D+k8eLNBTtBKQFfC79oa4FpHJ7jbHYZdBwJghwlfbWwzi0WAjoXNOD2bJ8Im91LY4d+EAN00JqAJpIU0rQ/QZIpDlaDVkF5sW0rgvIg8ZUBjz7fMhzkW2TD7QCzM3Oj13rSlpqmPztk+k+OAe2LeBvbFZ/puK7ewjAMArrSxeyYCc2rjwLPvtSAwN59HUB56BRqGXkWAxs9XEKBfRoC+qQL0TaqHluFcptFBS4BulQGdrA/QTXx6xoCOR4COqbwEgYmNYOsQDXYOMQjS0eTg0ME+HEE6GBxtjoCjqT2ca0HgxFUH3smBAf2a+Nor8aWx1FVvkqJrlXBWALpSN0FPZN0onaDpW4T6xuw0d3BoAVo7PU8U0F8K/qKvGD5oyUWAzqEAnSsAugCBWQC0sDQJHxDi9Pzrvl5IC4uH3Xt9qGojGrZgOCPj7nmDUx7sQMl5h38zbEfehisOXwRpBOiN3g0EyhjEBNCedbqA9qjVnIVWAJo6LFwmAHoRZR7SxTDfqgil6EKYa1GAIJ0Pc81OwNy9IaMz17v+atoSI/eHpz91/6ML9nP/86OfMRAwfbd0LCCAq++5yBXXdtxf3XHGrbH/mV+1nL0x2oIScxOCceP5VxGgX+UBjUF9TgQ0laApUCtrjnEArdVB04BulgGNHYcAHYUAHV1+HjwD8sDGnoe0HYK0vX0EONiFgqPdcbC3PAiHHV3gjRsDMPrmGSFBtyMwy+8mHKHnoH+tWtQvAbpKhvO3APToswXCAWEhWTc6EUCrr3cr03O24qCQpGdVBy2C+fZgvgDoQrmD7i/UAHQx/K2zEP7akI2cI6RoHtBvC4CmE/Sfhf75913t0FVcCqYH3GGXcTDsQHCWDwb57vlp2xOw/VAt7ETpGQMaextK0ZtFQPs06IzWqQG97lsCWkzQohcJaXqBdQmCcxHMFTzHAhvDOhfmmSbDnF2Btx97ym7w0Xm7d0+bue6eKbO3cL+aybjA9F2Yzqhq4TLyy+6ubhvc2tB7ebDlzPXbrQjMODU3nX8F+VUCaAJmAc4kQaPn+IDWtaKDpuCcTN0cVN8mlOqNhmcFQF8mDs3tAwe3ZAJpWwxp+0gE6XCUpEPA0TYQbE1cUMoLgc//iKuOPgnQ8hx0EwXoWj0VhwagxSkOHUAXawBaGLEj/XMe73ES9LBqzE4J6Ww9gM6nIK0ENA/pQuKvKH/ZWwQfNiM412cRSGNAi1UHn6Dz5VE7oeJ4va0errV3gIetL+wy4DfW4d55m9A9k7WiVimwzacSdh5pQoBuQRYB3YwA3SQBmq45xCS9QWcOWlVxuFbzExzCFIcOoO3UCVoAtFWxCtA8pOegRD3XIgfmGcXD41sOfTZ9lU3VlPl7Vjzyi2l3TZ6yjAGC6d8jBGXO18NlUlXrwLy67vN5Taeufdwy9CICMw9lEczS5yEZzCRBn3tZPiAUKw4a0KqZ6FINQKdoAVp15Zses0toxIB+hsA5EkO64jL4x9aDtX0M2BJH85AmKToIQToA7IwdoCn/BNx58yKM/LGb9NByglYDukaj4qhSddAVyjE7GtDXREAXSoAm/fOVPBnO+gBNHxKe05ei5XG7O4o56DwNQOdLcBYBLcG5r4A8/9aRi+CcwQO6PpvUHDygc+Ct+lwB0HKK/lNzJfy2txMiD0fAzr0HYZdJGErP/MHgNgRnXG9stEiCrZ5lsAvDWQC0WHFsPdxCKg4ezg3UdW+q6hA+67uoogNoR/2AFlP0fAJnLUCLkBZAbZ4NcwyiYdZGr3emLDKMnTxrw/RFj/yAe2wmW2vK9C9UQmYxFxGf/qOKloGDTYNX/9hyTglmbUCLKfpVCdC4g5a7ZzpF67m0IlQcygStOiRs0oI0VXHUyYCOQICOLD0PHkfywdouGiXpGDLdYW+HUrRdCKk6HG0Og5uF/eiVjnIYeesCDP+hi++if9+i3ActAvpVfYCuVAJanOB4XhfQBMw0oC9jMOfycNazyW5iUxz0PLS4LInvorUTdAFVcRQoAP1lbwF80JgB79VnEjhjSPM9dA68XZ8DbwqAxpMcb6AEjfdw/KH3JJQmpsOe3R6w2ySUdM+KesM8Hra4FSMwNyO38KYTtD8GdNM/FdBL7Ep1ag6+4pAhrQQ0ZfN85ByYa5YGc/ccH5210vzq9OnLZk2fsYpBg+lfp6TsUi4iLu3H1SfPNeFDQDWYtdx4/lfQgC0C+uzL1HjdxAEtTnGo56BTtKY46Msq5JDwWRnQFZd4o89huf1g75ZMIC2n6DAB0kGkjz5k5wi/GUIwfvMcDL/eoQC0chdHzbcDtFbFIQEap2dxekOVnvUl6LP6Lqroqzi0AS3eJJQPCHk4i1XHp23Z8F5dugDoLOJ36nk4vyUA+i/CISGZge5ugbb8fDAxcIfdRkEIzuFkcgMfDm5H6RlPb2xxziOd884jrYK/HaBFSOvu4pDH7AighWpDvqyiBPQSuzKUpMukNC1XHPpStOgCeMI8j0x6zDWKhceftGh87MHp986YuZJBg+lfp/i0HK6y/QxX1ty7pH7g6us4PWslaDFF4/RMAD30K6gXDgtx1aGcgdYAtKp7LtUAtLrm0DksVPTQAqCr+ASNAR1RcZEAOyChCawc4oQUjSBtF8knadJHHwM7c08IdneDN57rgOE3TsHwa6380n4VoEdeVc1A6wC6XLnNTqviEJMzcb4qQefqf93VubFuEvJwvnM6m5rgyBs3Qd+SZqDlJP1FVy58UJ9GAP1XFaAJpFGKfrMhTwZ0ZwOcrqgAWxMEZ8MAlJ7DhPQcySdoPFrnmE3gvEsEswTnFqnmwIDeTAOaOiQca5udMkFXyYB2lG8TKhK0AOfFQppWABqBeK6+BC1UHXPMs2DmVr93ps/f8eT0xQbcormLGDSY/rWKyyjifv83wKD2bT5z/U4LORQUgKzwryQ4yx4D0EIHrXXtW9wJXdyjH9BJYwL6KsTXPysA+pIE6Aj0jEZPn5BSsCIpWuyjI0iStrcLBgebo+TQMM7PG959qReG/zyAAN3Kv9l7vAT94hhXvZ8Xao7nlSN2Epw1AD1CARq/OHZ8QGePCWi5g87X6aBvURUHqTn68uGjphPwfl0qMk7QGRKg363PFgDN1xsYzn/prIMr9VXgYuEJew4cgT0qOO8wi4Ztjpmwy7+BwHkXAvMuEdBUkt6B4KwGNF1t4JE6LUDLh4S8aUCv0LyoIoNZhLSi4rAYo+LAkx2W+TBrb9jolKWmUcs5btKMOesYLJj+PSqu7eAKKhp/UdN1ob/53ItSlaFlNaDr1IBWw1rn2vcNueLQc9V7bEDzkJYBzUM6ooJy8RlwOZQFVrZyH22HUjRfdwSTQ0NbE2dIPuoP77/SD8N/6lceFKrH7DCcx9vFcX18QI9c0Z+gdQCtswOarjayCKDv4IpDA848oAWTa96CKUD/rS0TPqhNgQ9EQNdlSClaBPRbJD0XEjhfa6oBb1sv2GNwCME5BHbhasOUrzZ24GrDAcH5cD3sCmgVAN0qpGjZO7D9W3Uqjm8DaNFSxeEoArpcsTBJhLJ0UGin20GPWXGYpMDUpxwvTZmx5pGpT2xhkGD6Nx4WJqVxVSeHuJLG3g11A9fe42ee9QD6vFaClq96q42BrbN2lJriyNC4STiRFB0nADoCHxKKgBaeOFGHZPeCnXsKmewg89EE0hHkEouDlKSdISXQHz54uQ9G/oT8u2ZqH4dqUZI+QKuueY8+pw3oES1AX5wYoNUJ+s7pLCFB52on6EEtQOcJkM6HL7py4MP6VALnD2oxoHHNcYKqObLJiB05HERwvtqI4ewJexGc9yE4k2pDgDOe2tjmmIXg3AC7A1qE5NwqpWgM5u1H2pDl5zYEab2A9tRa2l+rqjl4QK9wrKBcrkzQdqWKyyqLbXUTtBag5+J6wzwbpm85/Omjc3ftfniJJTd/yhQGCaZ/r9ILqznDfXsmlbefiWg8c2MEQ1orSX9bQGMre2g9gEZOnkAHLQKaTtAyoHlgY0DjPjowpQ1snRPIbLRUd9hFIgsHhzZHwNbYCZKO+sG7N/Fa0n4Z0lKKroGRl6th5CUtQNPpuUTjFiGdnoWKA0P5Uq4S0Bf0VRzZ5Pagbv+sBPQ3p3JV9Ya64pAh/VVPDnzcmAYfjQFonKDJ21S66+FyXSV4WHsgOPvBPtMQ2GMaDruoznmbUw7s8m8kcBa9k6o3digA3foPAVq74lADWq44lk8A0PqqjXmWeTBrXzhMWWqSPvPen9392Ax2MMj0HVFedTuXXdb0y+ruS6ebqJE7/TWHAOjBsQFdPkFATzxBX9ML6HAydicn6UMx9WDtyB8a2lCQJnWHbRCCdADYmThBzEEv+NOVFhj58ykY/i164ivfEqCxx0nQEwW0RsUxciGHAnSOcEmFhzPvHFW9IVQcp3OQc/UDekBO0Ph5qzcH/taUCh/VpRDjiuN9DOhaGtB8en6ruxbOlBWCq4WHTnLeiWsN8xjY7pIHewKaYc/RFvRsERJ0s5ScxVqDB7ScnqWKw1u8pPJ/A+gVNKDpDpqqOOaqAD2XqjXmWuTBbONEmLrW+dIjU1dNfmTWRgYFpu+ODh8N5Kq7L3AlTX3r6wauvtNMbhLqQloNaMU2O6p/lioOEdD98rpRrYpjInAWjSuOyMrLUmrGs9AE0BWU8e/LL4J3WAVYOsSSuoOA2i4KbO0ipE7agUDaBY45OcKL/VUw/OezCNKtMIK32mFAC5Amb/Ue66KK+oWxNKC1pjguCnDWAPQIBvQ5OUHrB7QI6Txl90zqjTxiUm/058FnLanwcV0ignMyfFgn9M8SoNP5CY7GXPhLTx00n0gDG0Nn2HfAn8AZHwruMo2AnWbRsMMyHnZ6FAlwbqXgLPfOO6jELAO6Dbahn7cKgN7gIwOaXpY03hSH2EGvcKzQ7KGXUVe91Ql6ruqQcK4AZ7KXwyITZmzxfX/6gj3bpj9pxz3+4GQGBabvWIoureV+jJ4V7Wf8G049f5vs4TjP7+Fo0FNx6G6zowBN3yjUSND0RRVNODeNAeiqK8QSpCuvECgrAI1+F1V+AbyCS8HKXg3pSLCzDQN722Cwx520mQf4WNrAmepsuPX6WRj5fTuCdC2MvFpLIK24TXizQve9hBjSij0chQKg9YzZaQI69x8AdI6Uom8P5gmA5uEsgvrz1jT4pC4ePq5NUAIa1xsI0O+iBP1OSxG83lkH+eFRYLrPCQwM/WG/STDsNQ2D3UJy3m6VBHsOVsL+Y+0Iym3IrcRah4O6gG7VATQNZfqqtwhmXUDXSBdV9FUcWh30IgWg6eTMT2zgfRyz9obembLUKGgWntqYtpjBgOk7CumqVrz/+aeVJ4eqms7cICmazEAPvSpfUqHmoLW32VGA7lMBWljeLyZo+m0qyROAM644dAF9Rao4aEDjJ07XUWXnweN4CVggOFtjUNthSEeDrW04ciiCdAjY2RwDO4uDYG9oDWUJkfDRy/0w8no3gnQDD+iXqnRWjo68oNtF83PQRdJV75ExAC1WHKMY0EP0Ne9/BNDICMzfqCD99zYBznUIzgKgScWB4Py+OAN9shxuNFZClLc/GO11gQNGAQjOx2GPaRjpnElytkuH/f71YBzSAfuOtQmA5r0L+4gS0soU3SoBmq84GnlAe9ePcTg49hz0WIBeQl1QoeegdQ8GCwicZxvFw/Q1Du2PPrrk/qmPs5WjTN/lqY7wUC6zvJXLKGl4rKrr4lW8A7p5SF41Wi+Yv+r9iuYuDu3+WUzQIqBvjF1xNOlCmh+zuyZPcWBAE0hf0a04KmRAE4iXDoHb0UKwtIshSRpD2to2CjmSB7VNMIJ0ENhaHQGrA44Q7uUFLw/WwTd/OAXDv2nmq46XqhSXVUbGWdhPAP0sDeg8JaDFeegJJ+hszYpD7KLvEIvTHHnwRbuYnOMRnBOJP0SAFtPz+8158HZPHfTkZoGHuStZum9gfAz2oeQsHQhaxMJu11wwPNaC4NwJRiHtKEG3ymAmcFYDWriYgp7bRDALcMbLksguDu8GvbWGfKNQ37KkKqraUAHavkyRoJWAlic45gqHgk+YJMO0dS4vT52zbcGURQe4yfcwBjB9x3UkIomr7bnEFdR1PV3be+UN3Ec3IkiLqVmEswhodXKu0LtyVAT0DQLozLZrCNDXEKCvjbnRLlEL0HQHXXlFt+LQctFZcA8sBkuUoq0QoEVjUNvYhCJIh/Cgtg4ES2MPcDGxhuZsBDg8L/1aDwy/WkcgPYIhrbjuXab/pbEioK9oAPoCnaI1liWd0w/oYQTnYQrQd07J/mYgB75oS0FwjkNwjpMA/WFtEn84iJLzh51l8HJLNSQHhIDpPmcwOOAHBiZB/IEggjNJzdZJsPdgGZig1EzgHHwSuR32BcqA1krQ4g1CcjGFhrOwzW7TwUZpgmMigF7rXquqOKoUV7zpXdAY0OpdHPw2u2Jp3SjeCT0fwXm+RQZM2+jz/sOzN+/+5VOu3IIHH2Vffqbvh4ITssni/vzabpfGwWtfkjepDMlgJhdVzr4ClRSQdaY3+tVL+8W3e/MVR2b7c5BOA7pFo+Zo0k7QkRSYFYBWQTpMfJZfgrCyixBWPATux8vAAoHZUoS0bTRY2USCtU04AnUY2FgHg611ENhYHAJLA1sI83KH57vL4dZrKE3/rh2GX64lkB6ZyDsJycJ+cR+HWHPQgM7TXTc6NDFASwlahPNgLtzuy4K/tyTCp7Wx8AkF5w9qkwmcP2zJgzc7q6D9RDK4mTvD/r0eKDUHgoFpMOzDfTO+hILh7JQJB442gEloJxiHinAWAK1TcbRTSbpNOChskWsNCdA8pGlA033z+BWHEtDqKQ7xxbG660ZLBEAXkuS8wCofFlpmwcydgbcfWWhw5H6OmzR5MrvKzfQ9U3J+LReZnHdPRdvp1MbT14ebVFWHCGj1Ho5xAU110OmqBJ00xkFhYpPykFBZcYyRooXfhZVd4l0yBF5hlWDuEA+WtgjUCNCWNthRCNQRYGUdBtbWoQjUIWBjFQQWxp5gb2gFeZGB8NqFRrj9+iAM/6YNhl+sgmEE6RH1JIcK0sNkJ7SQogVIj0gXVfJ0lyWJPjfBikPooL/uyYDPmhIQmGNJcsad8wc1iQTMHzVlwbvtxXC+KAOC3XzBaI8zHDDEqfkYAnMoqTTwGN0O60TY51MKxsFtYBp2EiVn3kYhIqCFDvpoqwDodgHQsncIExuit6sgTTrocQCt/5BQvkmIJzfoCY6l5K3eMqAXSnDmX3s11xLXGgWwwDKbXOWevMy8YNqji+6dOotd5Wb6niq3qp3LLG34eXXXhXZ8aNhEqg4+RWNAa+3hKNe3xY5c874hrRvlO2ge0Mkt44/YqRN0JAXocDpBVyoTtOhQBOdQlKJDSy9CeOkFOBjTCJZOiWBhIwKah7QlStOW1pEI1BEI1BjWIWBtEQDmB5zB3cwaKhJD4fWLbfD17wZh5NetBNQjNxCor5fBCA1pOkWLO6EJpPUkaClFy4CWZqKpg8JhseI4hUB9KodUGl+dTIdP6+Ph4xoMZiE145lnvIy/vRAuFqZB7EF/MN/vCvsNDsEBkyCUmkP41Cx0zbtcssEosIGAGdsktAOl5w4ezsiGCM5qQO/SAPR2HUC3SYDeKlUc9TqApn+mAT3eHLTYPy8V6g16Ub8M6ELyPsIFVnkw2zAOJq+yOfXQoysefmgmOxRk+j6naL/DXHFjH1dY0zGvquviC/wbvV8mPXSdYt3oC4qn/lde8Sl6XEA36Qd0LD3FUUWnZ91pDjWgQxCcReM07Z/SAdbu6WBmE4NAHUNgTWwdhYxBjRN1OA9pq+NgZe4PFgccwdPCFkrjwuBXpxvhi1/3w/BvO+HOSw1w50YFDNMz0WSznZiihamOK/nKCyvqjXaqK98yoLMoQGM4Z8Ptvgz4vCVZGqP7EB8G1qfCx2158HZbEZzJSYRob1/0/1zcwODAYQTm4wTM+1Fq3osPAs2jYad9KhgcrgTT0HYJzATOIe1kakMCtADpfYHqekP2zoA2xdTGdhWgxYsqdAdNJ2gRyPoBXa2ToJVrRrXgXAwLrXFyzoU55FDQ9VeTZ29bMnmRMTfvvv9lX3Km77eiE09wKD0jUPduqul75o0GAumXEKBf0gC01gHhDeW6UbHiaH9ujENCcVn/xAFNg1oL0CEqQGPjRH0sewDs/QrBxCaOB7VtDJgjSJsjSGNbWCFIW4USW1thUAeDpXkAmB1wBQdjW4j3PwQDlTnw1rVOuIVh/Wor3HmhGu48XwbDCNTDQt0xLL6fUHyz90Xh7d7nKWsCOkde1H86l5h0zW2p8Ek9P5nxcSNK0O058OHJQvhNXTY0J0RAoKMnmBl4gIHhETA0DZbAvB+l5j1mkbDbLhkMDpWCaUgLAnMHsUnoSWJjcjCohLP4eV9guwag+cNCGdCqHRzfAtDaNwlrdSsOBzWgy/gRO6He4OFcAotsimCpTT7MM0+H6Zt8/jp17s49k9f7cnOmzGVfbqb/DFXWNnPVr3zNVbSdMq/pe/ZjDOn6s/iSygvK9aKar7nCgL4p3SIUAZ3ZLo7ZXVNcVkmWXhirf4rjWwO6XE7Qwdgloi+QyiOk6Bx4RNSBmVMKmFojQFtHg5kAaHOrSAJp3uHEltiWIWCBQW3oCRb7bcHbyhGyQ4PgfF0+/OVyM3z58km482objLxYByPXy+HO1WK4gyA9jCA9fAWB+hIC9UWUqi/kI6Pn+Xzi4aE83udyie+czZUW83/dlw1/78iAv7Wkw99aMxCUc+H9jgL4XUMODGTGQPKhg+Bq5gLGBt5wwDgQDM14IOMqY49JKLkRuMc2CQwPFiMwN4NZ+Ekww5UGSsymBM6d/MEg3T2L6VkH0O1yB00mONSAbtMANP9OQq0OWl8XrbeDxoCmtthhOJOawxZB2ZZPzotsimGZbQEstjwBj209/MnkBfvsH+G4SVOnLGRfaqb/LBXXtHDFeVl3lbSc8q7qffaz+jMvQOXADSE9a7xBhU7R/foALY7ajQHoJu1DQv2A1qg4yi/pVBwYzseR8ZOvPC6Cf1o3WPnkghFK06YoTeNEbSZAWmkR2GFgYYkStcUxsDD1A3NDN7A2QLC2tINEfz9oyYqH620F8OaFWvj0+Wa4dbMF7txshJEb9TD6XA2MPlsJI1fKYfgyStuXUNq+WIyM0vYF5PMI6EPod+dL4ZuzZfD5YBl81F0Eb7cjINdnw5X8RKiPCoIYT09wM3NCadkVDA39UFo+DgfMwsDALJzUGLhj3o0TMwKzkW8JWEe0gWVkF4JzJ983C6nZRAC0sQTpTgnShtRBoQhoudbgqw18OLhDzxVv5Rx0k2YHPdFDwqfIRZVy1QWVMvmQEMF5sW0xSc5LEJyXWGfBrF2BX01ebHRk5l2TfjB9Gnu/INN/qE4U13OxKTl3FzYNHkGQ/qKy/zpU9N/QezCo2AONAd07BqBbVICm3uydOMYUR7jUPwuApnvncvGJ4FxGwRn5uABoGtLYxwvPgVtYLUnTxtaxYGKNIY0StVW08IxCjhQcQWBtbhmGjBK1xXEE60CwMPMHMyMfcrBobWgP7paOEOLuAZnH/aEuORQGixLgal0mvIJg+3pPGbwxWAVvna6Ct09VwtsD6Oe+Unitswheas6DyxUZ0JcZBzVRx+GE3yE47uwFbubuYGXoDiaGPmBsfARMzI6DsXkoGJqHg4F5BOxFQCY1hnk07HVIBVP/MrCLagfH+F6wi+sBCwRo07BOYqnWEMEsPMXP/AUVquI4pgZ0mwrQbYotdmRJEgXozd8S0FoL+6UJDgflBAd/UIgBXQRL7QphqW0OPL4n6Pa0FWZxDz/wxD2TZ6xhX2Km/2xlljVySVmFPyxqPhVa1vXM1xV9FKT1AlpI0NSYnTgHPRFAJ40HaCpNKw4GRasBXaILaJKoiy+Q/y0E2f9EL9j6F4OhXQKBtCmCs6kV7SgJ1qaWEWBmiUEtwjoUwTqYANsCpWtzswAwM/ED0wOeYLrfGcz324OVgR3YHbAFZ2Nb8DCzAy9Le/CxsgcvCwdwN3MAJxNHsDVyBMsDLmCG/z1DXwRjfzA2PQbGZsEEyMYW4WCEgGyIfAB5vzkGcxTssoyDvS4ZYBZQCfYxHQjMPWCPwGwXy9syige0SViXBGO1jam6QwHowDbFTUIloDWqjSNagG7QnNrQrjjk/lkN6OUagF5qXwzL7VF6tsmGOftDhqevMMt46IHH7330sSfZl5fpv0OFNR1cfkXjTwqbBhJKu67cruh7HspVExuaCVp85RWVoMVDwhR91701Kg6SltUJWvgcpkrQMqCpDprqoTGUsYMEHy++KCXq4KIh8E5oA3PPLFJ7GCMwm1jFICtBbWoZSWwmgFp2GA9si1BknLBDCLgtcdK2DELPIB7g5sfADNtMsHkQ8nEwNQ8GE/TvmliEIYfzQLaQgXzAIhIMLKIImPdaoLRslwiGXnlgGVwPjnGd4JTQC47IDgKcbZFtYnsRoLspQNPWBrURlaJxgt4lJOidVIImkA5o0+6fdSqOiQGafpOKfNW7klrSX0bqjWUEzKXIJQjOhbAMJed5BmEjM56yKp366JL7p7FZZ6b/NhVUtXJ5ZXX3FjcPJpd2XrldjpJ0uQTjGxoz0LxpQKePBehm/YDWqjjEWWgdQJfzgMYddDANaOJLKEELaVqC9EUB1ChN42fReTiSfQpcIxrA3CMLDK3jwIiCtAlxFA9qAmvqacmna1PLcDBDkJUdKjgMTAWbqGxsHiYkZAHKCMaGIpAJlKN4KNskgIFbJlgEVoF9dBs4J/aAUyIGcw84oOSMKw27uF4BzhqApq2CtLEIaPR73YoD3xpsGwfQ4ojd+B20FqTHArS0YtSeB/Ryh1JY6VAMK+zzYO6ByJFZa+3LZs188hez5m9jX1am/07lVTRzuSXVP0VJGkH6mdvlvdelnRt0kpYBfWPsBN2ie3NQ7KDFJ0nQFKDDKrThrAXoEBWgjxNAX9IAtAzpYwXnICD3LBzNOwdHsgbBI7oZLH3ywMguAYwso4mNLXlQ44RNPlvy0DaxxI5EwOUhjVOw0hjCAowJiAUgC7WFCGWclA+glIyhvMech/IBtywwO1IOdlGt4IKA7JzUJyVmkppJrYHALBqB2UYwD+guXUBTkObh3EWMAW0opGjpkPDIWIBWb7FrVV31rtfZxaFvHnpcQCMwEzg7lSA458K8A+EjM9Y4lE5/fOMvZizcw76kTP/dKqrt4IqqGu/NaxiILT55+asyCtKlqvlnEdBFipfGaidoTUA36QJamaCvjAvoEJ0ELQOahvQx4gsQWDBEAE0gjRyYhz7nnAafpJPgEFgOZm4nwNAmDgwFWBOjhC3C2ghB2hgbQdYYgdoIPXEixhAmFn5nKKXkKAnIBgKU91nFwn6HFDDB9QVOypGt4JzQzaflBJyY+ygw94I9OQzkbavytwN0NzGfoLvINAfuoLXS806h8hizg1Zd9R7vTSpa2+yecsGALqNqDgRnR9w758ETBmF3pq9xKHps5rpfTJ+/k3uafT2ZmDguvaSRS82r+HF2bW9oUcelL8p7n0eQvq4D6BIJ0Df0vjRWJ0E3yYDGjh0T0NThYPlEAX1ROiDUAXTRBTiKAH0k9xz456AEnYPhfAaBmjeGtT9K1V7xbWB/rAJMPbPB0CEJDljHwgHLGATaaMpRlCMVPxuY85XFfvTPGaB/z8A2AQyd08HYGwH5aAXYRzSDc/xJlJR7iDGcHeN546TsmNAHDhjOEqD7JEDzsO4jtkW2ie3TAHS3YLHiQMk5jIIzSdA8oPcGUqtGBSgrbxKOfUg4PqDVcJYBjQ8IMaBXIkCvRIDGXuWEq408mLM/9OupT9qkTZ657r4p83exLyUTE6343CouPDnnR1k1PYcRpD8t630OcJrmN9jdkOCsBnRKi56l/WNc9VZXHHqrDWqKY6wErQXoICFBY0D7C4DmfZaAWoR1gADqo3n4d6fAN60HXKNbwPZYFVgcLAATtww44JgK++ySYJ9NAuyzjuef6GcD+2QE4jQwcs8CM99CsAqsBLuwBnCKaQPXxC5wTeohdklEaRklZRHKeCrDIa5bsqMAZwxm0Xaqz9qA7qbcQ57GwoEhDWgezmpA6+7h2KmqN9SHhFupBL1hzIX9+gG92qUCVjqVETA/6YQ75xyYuzfo6+krzBIfnrLsJ4/MYvs1mJg0lZRXxYXFpf0go6rLsah16J2y7qsSpAmce66TXdCaCXoC7yPUBvRY3fPYCfr4hAB9nge0AOnDAqRFH8kVLH3GnTVyHv7nzoBf5iD4pveCd3IXeCZ2gEdCO//ETjoJbgjEbgjCbsm94JbSh4DcCy7YuFdO6CF2QlB2SsAw7iJAxiNzovkELaZnDOR+wTycHYSnrQRovuKQoBzeQ57GxN1S76yoNxQJup1K0ErvFA4FtQHdKgF647iA1reHAwHatQLBuQSeci6C5XZZMH934OczV5iGPPzwvJ88OpPNOTMxjanknFLumK/LpIzy1l35TWd+U9x1DQH6OgL0dR7QPWpAX5swoJM0DwmpLXZjjNmpAX289DJvEdDSQSGCc4nYQV9UAppK0ocRkNX2y0amPh/OPkPsm3mK+CCyT8ZpZPwcBK/0fgTkPgTkPnBOVEFZkZiFtBzfo22p4pABTX4nAbpfStC2YoIO7+bhrAFoI72A7hQA3a58k4pUd7Qp1ozqBbSPLqCVUxxah4RVvF1xrVEIK21PwII9gR/NWmnu/uDPJt89ZRqbc2ZimpDi0nO5sr4XuYzytidzG89cKzr5DILz8zKgu28I+6CVL44VIZw83lu9FR30Zal/phO1vgQtVRsE0OIhId9Fi3CWDwkvQgAB9JBgbUBjKB/KPod8lthXMPmcdQa8EZCxvU6cAk/s9EFi99QBCc54AsNJALNTAl9j4FE5Yn1gFlN0Qr+GZUDbEUD3C4DuVVYcAqRFQBuF0u5SWAFo8aBQD6C3Ce8m1DkkFBf2f4sEvc4dv9G7Cta6lcNa1xJYbpkC83f4vTF7lYX5Q9zddz3GkjMT07esO5KTuJSa01xKUeOszJq+psKOy8MY0sUI0kXd12VAtz6nM2L37QBN74O+onNIqL7qLQI6WAXoIGxpxG4MQAs+nKO0X845AdLnJEAfzMLmAe2VgeE8KMHZI20Q3AigewVA90iQluHcq7AWpLUA7agBaLni6FEdEsoJWglnXUjzgO6Ql/MLNwjpQ8KxAd08LqBJkpYOCTGcq4jXe1QgQBfDSisE583ez85YYrQW/509Mncr+7IxMf2jSi9t5ZLyan5+oro3oaDt4t9Luq9BcfdzkNl2VeeVV+MBmt5mpw1o3fQcVqFO0DycRdOAPqaCswzocyoPISgPISjzPpwj/jwxQHvQgE7kAS1VG0KaVsOZQDteTtOOFKDtx0jQ4iGhmJ6lMbtweoJDDeguHUDLFUeHzqIkLUDrzkELFcfBiR0SrvesQVCugac9KtGzHNa5FcFTlvF3Fmx0r5u6aP+MJzYf5P7nZ5PZF4yJ6f9X0ZkV3PG4jB+mV3S65jade7u481nIbnuG38UhrBtNmeBbVXTnoC9rX1RRAPqyxiHhJb0J+th4CZpKzX5U3SFWHIcoQPtk0oDmjQHtLgDaWag4nBPF7rmXzDU7aQDagYK0eFPQnnTQA+CYOECeGNZiBy1NccTRgMYddA81xSHWGz0KIBsLgJYnODpVFYfymje9sF/xJhXVmN3GCb00lgf0055VBM5PuxbAU2ZRf1u0xSN2+uyN981cuId7gH2tmJj+7xSVVsC5e3lOSixsejq38fS1rKbzcKL5GQToq9JbVSY6xaEvQWtNdIiADlF10JqALtEG9GGNisNfgrNsnR4aA5ok6NPEmoBO7BMsVB2JAqA1IO2ggrT0swBoHtJygpbnoXUTtLreUAK6W+ijlXDGn8cCtPhOwu1jAFrrrd74Dd5KQGM4V8IGzzJY65gJKw0Cf79gnZ35Qwu23z1jlSn7MjEx/TOUl5XJJVf1c2klzbNSy7tq0mrPfJ3e9AykNl+FFD3VRuI4UxzqDpoGdagmoMWKQwlofGgopmgloC/IgM5Rd9BDCvshQJNJDjy5IaXoMyg9nyYWDwjpioPAOamfAnWfDGjqhqAa1ApAJ/bzgE6gAB0vA9qWmoGWO+huPf0zDehuAczi0v4uzYpDvEm4K6CNAnTr2ID2rqfSsuynEZw3eFbAevdiWGOTMrxs9+G+x1eZLYmtf4/7+ZQV7EvExPTPVmx2NRd9ovRnMfnN3gnl/X9ObbiEIP0sgvRV/f0ztYtDN0FfpjbaaSVorQ76EnXVW1lziHAOpBK0OkWTegMDeQxAix20F6k4xASNAc2naL6DFgHdrwS0UHXoA7TsXjlBC4Cm56Cl9CwBunccQHcrAK28qDIeoNvHAXSTIkHTgCZg9qpCz3JY75oPqy1iPl28zSdu5rIDDyzY6Mzdf/eP2ReHielfpWNx2Zyrl8ek8Iyq5fElXSeTa859kyqkaa1bhfq22UVQB4TjAVqEsj5AHxdqDn0J+rAE6CGhf55Igj4rAVoasztBAZrMQWsAWquHphch0YBGcHZSddB26gPCcQCtHrFTX/UWQa0GNNkDTdUcmoD2pwHNHxBu8OKhzLsa/VwJT3uUwjr7tNEVhsdfmr/R2fCBqavunr54L/uyMDH9O2S3+kkuKLWCOxafd19MfktAYuXg2yn1FyEFgTqZTs7kmvdVYm1AXxk3QYfoAPryuIAO1OmgxZpjSKfeEAHNd9BqQPMdtHRQmK4F6L6JATpeXohkrwI0TtBieuYBzf9zEwO0nKKNRUCHjQdo/i0qMqDFjXZ6ttlhQPs2wEYfDGicmKul1LzOOReeNI/5fOmOg7lPrLWZYWqVxt0/ZyP7kjAx/bsVHJfBHTkaMCkqp35NTFFXT0LlmW9SGq5AsuKNKgjQjVf1v/KqSndpv3IOWqviuDwxQOdQcM4Zu4Omx+zEg0IJ0BoJGgOZAFqA9Pj9swBnvAgJj9gJFYdeQMdpARpfTtEFtJii/3FAt2u82RtDmp+B5t+oggFdB5u8q2GjVwVKzcWw1jZlZMXegOfmbHQ1fmjJ/h9Ne8qSfSmYmL5Ligp250Iy6rnQtJL7I3KafeNK+/6QVHsBUhpRmm58FpKwhQSt3mJHp+gwnKAr9b+TUGcOWqOH1ltxSIDWTtDY3xrQCMwTAbR8MNgrJWNNQCfoGbH7pwFadVlFY2HSdgTo7QjQ21GC3uKL4OxTjQBdDhtcc/H43AfLtnslzFpq8OiqTT7cfY8tY18GJqbvLKjT8rmIsKOTYnLq5scWtufHlw98mlx3EUiiRrCOr39G76pRxQRHOT3F8W0ArZug/ekOOkdPeqYALUL6EAVoL2rMjq44nEU4TwDQ0u1BVYJ2SBA7aGEGWuig6TWjMqD7ZECHjwPo0PEBTSxd9+Y/78BAVgF6h38T7PRvQIBGydmjCNbaJN5ese9o/7ynHTf9YtpTP5iykHXNTEzfG4Wnl3JhyTk/DMuo2RFd2DmQWH3udkr9JUisuwRRlRelmkMer9OFtATrsm+XoOkUrTPFoRfQ8sUVeR76nCJBeyoS9Cmh4lAC2llPveGg6J575Y12VIImgKYOCXlAyxWHuM3OAs9Bh6v3cPRIqVmycFFF+6p3m7AwSVyaJO7maBEA3SKAuRn9rgl2+dfD9kPVsN45Z+Qpk7CXF292cZu+aO/989fbc3fdcx/7g2di+r5p++a1XFplDxeRXnJfTEGbe1xJzytx5YMjMeVnIbryktw5EyhfGeOiigBofFBYdlkX0KWqyyoKQF+QAH1Yp9o4K8HaT3GzkErSwhSHt74Era+DljbUydDlLXfQ4iUUR+omoYPQQ9vRG+zi1OtGe8BUZ5PdxAAtvfJKtADoncLuDfEzBvUuAuZG2OFXC1u9i2GdXdJbi/cHxj2+znbaywDcfY8sYn/kTEzfd0UnpXFfoWdkVs20yNym4LCctt+HFQ6MRpZfhIgKBGq8chTDuFK5flQ9xRGC4TwOoMk+DmoeWgJ0zpBG93xuzBSNn7jq0Ab0qXEPCeUdz33C9W3xALBXMtn5rAFoEdL6AS1XHCZacNYH6GNqQMtwJlXHkWbBjbDrcA1s9ymG9Q5pH60wDSuYt8NryU9/OfeuyYvYG0+YmP7jFHeigGurPsH5x+bNDkipjg/Oans9vHBgJLLsPEQKoI6onBigj6sqjiCV6QTtT43ZHVYtSBoX0FoVhwBo9zEALb3GKl5exC/eEpTenBJHAVqE87iAFndx6M5BawFavSxJBPTuANw7893zTvJsQb9rhj1HGlBq5hPzJqfUT1ebBtct3OG1/n+X7L976mo2ncHE9B8v//AEztfff1JgYtGsgOSq4ONZrb8LL+wfjSwb4hN1pQBqIU2HCcuSgkVAU5DWgvN4gNY6IKThrFg9qgFo8Sahu7gsSfOAUPmeQWLFprpeBaAdqGveipuE9Bw09coreheHyRgVh/zC2E4J0HuOthLvxiZgboLdR+phJ0rM23xKYINT6kerTI7XLN7ltWn64p33zFtvw/5omZj+23Q0Ip4LP2rL+cXmzwpKq44Mzmp9Nayw/5soBOroiot8qq7UvaxyXFVxBI0B6aOFEwH0OV1T0xz6AM1fVOmXLqpoTXCINYfuKlG5g5YBPSDsgta+6i0maItINaC7pTd6K+GMjKBsJO3j6ECAxnBugb3EKDEHNMBOv0rY7pU/+rRDyjvLzcIL5+7wXjt54dYfzVrHEjMT03+9fIOiOA8fn0mHY/ImH02pcgrLaRuKKOz9KrLkDESWX4Dw8osQVibs4yBJ+pLOVW99kNYBdO63TNDZumN2BNBpMqBxgpbh3C8laEfpNVZ9wnwz3THLY3Q0oOkErX1ISCfobhWg+Td6mwjvJeTTMwY0D2cjZIOgZtgX2AR7A+phFwLzVvec4adtYn+zxvhY7OJtrov+Z5nh3Y+sY4mZiYlJpaTkaO5gSht3PKnw/qC0KqOgjObG0Lyuv4YXDYyGl5yFsNLzEFp6AVn18lgVlGloTyxBy7s51JDWB2h+3eigAOgBCcxO0mY6ISlTExwihOlu2S5eCeixJjjoDtokjF7Y3y1AuVOANG9j4pPocwcYh7QjQLfB/qN1sPNQKWxxy/xsnVXk4GrDALdFW52mznhi6aS5T7JZZiYmpnHk6naA848r4jyOxf0wKLV8cdCJ+rDA9MYXgrJP3grJ7wcM63ACa3k2+rjCl6X1ozSgD+tJ0MqaY0gxC60NaHkftJygkZOEG4GJqk5ZBWkR0KTiEADNHw5SgNY4INRN0F1StSECWoZyJwGzaWgrmIQ0g1FQLew9VPjNZqfk3662isxcccB/0xPrLX66wjGV+/n/PMT+6JiYmL697H0Cuc27d3EHIzIf9I0tMjyWWlManNX6ekhe952wolMI1ucgtIRP1iHIJFWXXJReIhtYOARHpA12+q94i2A+rAFo7wkA2jlRgHSicmROWVv0UwBWAVrnfx9rDpp65ZUiNXcgtyO3ITA3gzGCslFAychen8x3trvEt663CrFbus1x6qMzl901e8VO9sfFxMT0f6fw1EIu/kTOD47EFTx2JLHcwT+5tul4ZusfQvO6b4cWDEBo0RkIKR5CPg/BxBfgGAVorRuEE+mgvVXb7LQ6aGexe8YVR8J4gO7TBbRqvE4L0jbCS2OtojrBLBz7JJiFoZQchoHcAibBDWASVAVG/sXDBj6Zb+1yjmvfZn3cfYOp//wlW61+tNHqGPeDu+5if0hMTEz/PBn86G7OOTyXs/Q6/sODUbnT/RPLjQ4nVWUfTWt44WhG2+dBub0QXDAIIQjYQQVn4EgOci7/9M/lbw/SfbSfBqTHArSUorUArQNnJaDpHRsioMVqQxPQNKRReraL7QLrqHawiGhDcG4C0+M1YBhQBvsP5X6xzz3lpd2O8cU7bCPtN5v4zVm2yfxHa0z8ubk/+xn7o2FiYvr3yN33KOfm7jbJKyTtAc+IvKePJFcGHUmp6zqS1vzHgBPtt/xOnAT/zG7wz+qDI9mDvHNOC1e9h6gXyJ4V4Ey9PDbrLHlpLHlxrHRRBb/dewCl6H6yD1r5JhVxgqOff5JELW6ok1eJYujaSzcJxQPFPt2dHcKbvzGY7WI6wDayCcyO45Rc9NVe74w/7nBJ6NliGxGyxuzY1nX7PR9cuXT1Xes27Gd/FExMTN89WXoc5NySeznnoNQfeUSVPOYVU7rHOaIk1DWytMknrupF38S6Dw8lN3/jl9YBhzN6ELQHwB8B2z/7FBxG9s9G4CY+BX5ZpxCgT4HPiX7wyegnT+/0fvASndYHrkn8y2JdhKf44lhxDlpe2i+vG+WNf+7mTd4G3g3OCV3gHH8SnOLawTG2HeyjWsA2ogEsgquGzQNLPjE6lPvqTve05g12McHrTAK2L9ztPX3mRrt7tvi3c794fDH7j8/ExPQ90z33cSmNF7nNFt4/sD4Y84C1X/ISG/8Ths5B2QHe0SVlnjEVlz1jq/54MKHuU7+U5m8Op7WBf3o7+J/oAP+MLvA70Q2+yIfIswcOpvP2wU7rBo/kTnBP7gb3pC5wS+rkncjbVbALBq8AX94d4BLXhtwCzjFN4BjVAM4R1eAYVj5sE1z6ufnR/DdM/HKeNTl4onaPR0roZscY8w02EStX7fd96IGFu+6evTuA/XdlYmL6z9VWW39uk7nLXUY+sT8z9oqZ5ng4eZVPWJaRR2i2n2toXop7eEG1Z1TJKc/osuveUaW/84oo/ot3dNmHXjGVn3nGVt/yiK35BnnELbp61C26BtyiqpArkSuIXZFdIssReMtHnMLLv3EKKfnSOSj/U6djOX91CMz9o01AzkuWficumPqmtZr6pmabe8UfM/WIttrqELVujcXxmSsNfe+btnzvXYv2HWb/sZiYmJiwfrzIkDP0jec2OwRPsvJP+LHL8dSfux6Je8TBI3Smk2/kIpeAxNX2gRnb7AIz9lsHnLAwPZRib3Yo1cvEJ8nPxDvR39gr4bCxd6KfyaHUg6aHUl2RrSx8k/dbeMVttnQOXmnjcHieucORqdss/R9YssPl3qkrDX7ATX6c+/GSzez/+ExMTExMTExMTExMTExMTExMTExMTExMTExMTExMTExMTExMTExMTExMTExMTExMTExMTExMTExMTExMTExMTExMTExMTExMTExMTExMTExMTExMTExMTExMTExMTExMTExMTExMTExMTExMTExMTExMTExMTExMTExMTExMTExMTExMTExMTExMTExMTExMTExMTExMTExMTExMTExMTExMTExMTExMTExMTExMTExMTExMTExMTExMTExMTExMTExMTExMTExMTExMTExMTExMTExMTExMTExMTExMTExMTExMTExMTExMTExMTExMTEzfZ/0/1BHCGbNoahYAAAAldEVYdGRhdGU6Y3JlYXRlADIwMjMtMTAtMTRUMDU6NDE6NDcrMDA6MDAAzezrAAAAJXRFWHRkYXRlOm1vZGlmeQAyMDIzLTEwLTE0VDA1OjQxOjQ3KzAwOjAwcZBUVwAAAABJRU5ErkJggg==','2000-03-24','200008402775','Kegalle','0768348418','0768348418','dileesha65@gmail.com',NULL,'System Administrator','2025-02-18 13:43:34','2025-08-16 09:51:21',1,1,1,1),(15,'E25002','Nipuni Kaushalya Rathnamalala','Nipuni',_binary 'default.png','2000-07-19','200070100456','Colombo','0768348419','0768348419','nipu@gmail.com',NULL,'System Coordinator','2025-02-21 18:53:43','2025-08-16 09:53:24',2,1,1,1),(17,'E25003','Nimal Kanishka Perera','Kanishka','','2000-06-07','200008552555','Colombo','0776699741','0112233455','kanishka.travellion@gmail.com',NULL,'Tour Operator','2025-07-18 09:21:59','2025-08-07 12:11:14',1,2,1,1),(18,'E25004','Tharushi Dilani Fernando','Dilini',NULL,'2000-04-13','200008604545','Gampaha','0784512456','0334565987','dilini.travellion@gmail.com',NULL,'Reservation Agent','2025-07-18 09:23:38','2025-07-18 09:23:38',2,2,1,1),(19,'E25005','Ravindu Silva','Ravindu',NULL,'2000-09-04','200008365659','Colombo','0778596456','0114585956','ravindu.travellion@gmail.com',NULL,'Accountant','2025-07-18 09:26:33','2025-07-18 09:26:33',1,2,1,1);
/*!40000 ALTER TABLE `employee` ENABLE KEYS */;
UNLOCK TABLES;

--
-- Table structure for table `employeestatus`
--

DROP TABLE IF EXISTS `employeestatus`;
/*!40101 SET @saved_cs_client     = @@character_set_client */;
/*!50503 SET character_set_client = utf8mb4 */;
CREATE TABLE `employeestatus` (
  `id` int NOT NULL AUTO_INCREMENT,
  `name` varchar(45) DEFAULT NULL,
  PRIMARY KEY (`id`)
) ENGINE=InnoDB AUTO_INCREMENT=3 DEFAULT CHARSET=utf8mb3;
/*!40101 SET character_set_client = @saved_cs_client */;

--
-- Dumping data for table `employeestatus`
--

LOCK TABLES `employeestatus` WRITE;
/*!40000 ALTER TABLE `employeestatus` DISABLE KEYS */;
INSERT INTO `employeestatus` VALUES (1,'Assigned'),(2,'Unassigned');
/*!40000 ALTER TABLE `employeestatus` ENABLE KEYS */;
UNLOCK TABLES;

--
-- Table structure for table `employeetype`
--

DROP TABLE IF EXISTS `employeetype`;
/*!40101 SET @saved_cs_client     = @@character_set_client */;
/*!50503 SET character_set_client = utf8mb4 */;
CREATE TABLE `employeetype` (
  `id` int NOT NULL AUTO_INCREMENT,
  `name` varchar(45) DEFAULT NULL,
  PRIMARY KEY (`id`)
) ENGINE=InnoDB AUTO_INCREMENT=2 DEFAULT CHARSET=utf8mb3;
/*!40101 SET character_set_client = @saved_cs_client */;

--
-- Dumping data for table `employeetype`
--

LOCK TABLES `employeetype` WRITE;
/*!40000 ALTER TABLE `employeetype` DISABLE KEYS */;
INSERT INTO `employeetype` VALUES (1,'Permanent');
/*!40000 ALTER TABLE `employeetype` ENABLE KEYS */;
UNLOCK TABLES;

--
-- Table structure for table `gender`
--

DROP TABLE IF EXISTS `gender`;
/*!40101 SET @saved_cs_client     = @@character_set_client */;
/*!50503 SET character_set_client = utf8mb4 */;
CREATE TABLE `gender` (
  `id` int NOT NULL AUTO_INCREMENT,
  `name` varchar(45) DEFAULT NULL,
  PRIMARY KEY (`id`)
) ENGINE=InnoDB AUTO_INCREMENT=4 DEFAULT CHARSET=utf8mb3;
/*!40101 SET character_set_client = @saved_cs_client */;

--
-- Dumping data for table `gender`
--

LOCK TABLES `gender` WRITE;
/*!40000 ALTER TABLE `gender` DISABLE KEYS */;
INSERT INTO `gender` VALUES (1,'Male'),(2,'Female'),(3,'Other');
/*!40000 ALTER TABLE `gender` ENABLE KEYS */;
UNLOCK TABLES;

--
-- Table structure for table `generic`
--

DROP TABLE IF EXISTS `generic`;
/*!40101 SET @saved_cs_client     = @@character_set_client */;
/*!50503 SET character_set_client = utf8mb4 */;
CREATE TABLE `generic` (
  `id` int NOT NULL AUTO_INCREMENT,
  `user_id` int NOT NULL,
  `name` varchar(255) DEFAULT NULL,
  `reference` varchar(45) NOT NULL,
  `markup` decimal(10,2) DEFAULT NULL,
  `validfrom` date DEFAULT NULL,
  `validto` date DEFAULT NULL,
  `salesfrom` date DEFAULT NULL,
  `salesto` date DEFAULT NULL,
  `createdon` timestamp NULL DEFAULT NULL,
  `updatedon` timestamp NULL DEFAULT NULL,
  `description` tinytext,
  `genericstatus_id` int NOT NULL,
  `generictype_id` int NOT NULL,
  `currency_id` int NOT NULL,
  `supplier_id` int NOT NULL,
  PRIMARY KEY (`id`),
  KEY `fk_generic_genericstatus1_idx` (`genericstatus_id`),
  KEY `fk_generic_user1_idx` (`user_id`),
  KEY `fk_generic_generictype1_idx` (`generictype_id`),
  KEY `fk_generic_currency1_idx` (`currency_id`),
  KEY `fk_generic_supplier1_idx` (`supplier_id`),
  CONSTRAINT `fk_generic_currency1` FOREIGN KEY (`currency_id`) REFERENCES `currency` (`id`),
  CONSTRAINT `fk_generic_genericstatus1` FOREIGN KEY (`genericstatus_id`) REFERENCES `genericstatus` (`id`),
  CONSTRAINT `fk_generic_generictype1` FOREIGN KEY (`generictype_id`) REFERENCES `generictype` (`id`),
  CONSTRAINT `fk_generic_supplier1` FOREIGN KEY (`supplier_id`) REFERENCES `supplier` (`id`),
  CONSTRAINT `fk_generic_user1` FOREIGN KEY (`user_id`) REFERENCES `user` (`id`)
) ENGINE=InnoDB AUTO_INCREMENT=14 DEFAULT CHARSET=utf8mb3;
/*!40101 SET character_set_client = @saved_cs_client */;

--
-- Dumping data for table `generic`
--

LOCK TABLES `generic` WRITE;
/*!40000 ALTER TABLE `generic` DISABLE KEYS */;
INSERT INTO `generic` VALUES (4,6,'Temple of the Sacred Tooth Relic (Sri Dalada Maligawa) Ticket','GNC_25_0001',20.00,'2025-04-07','2025-12-10','2025-04-07','2025-12-10','2025-05-03 03:57:29','2025-07-11 14:22:20','Sample Test Again',1,2,1,1),(5,6,'Sigiriya Rock Fortress Ticket','GNC_25_0002',20.00,'2025-04-23','2025-12-28','2025-04-23','2025-12-28','2025-05-03 03:58:26','2025-05-03 03:58:26','Sample',1,1,1,1),(6,6,'Gangaramaya Temple Ticket','GNC_25_0003',20.00,'2025-04-15','2025-12-18','2025-04-15','2025-12-18','2025-05-03 04:01:52','2025-05-03 04:01:52','Sample',1,2,1,1),(7,6,'Colombo National Museum Ticket','GNC_25_0004',20.00,'2025-04-12','2025-12-16','2025-04-12','2025-12-16','2025-05-03 04:02:22','2025-05-03 04:02:22','Sample',1,2,1,1),(8,6,'Udawalawe National Park Ticket','GNC_25_0005',20.00,'2025-04-20','2025-12-25','2025-04-20','2025-12-25','2025-05-03 04:02:45','2025-05-03 04:02:45','Sample',1,1,1,1),(9,6,'Galle Fort Ticket','GNC_25_0006',20.00,'2025-04-14','2025-12-21','2025-04-14','2025-12-21','2025-05-03 04:16:01','2025-05-03 04:16:01','Sample',1,3,1,1),(10,6,'Galle Lighthouse Ticket','GNC_25_0007',20.00,'2025-04-06','2025-12-09','2025-04-06','2025-12-09','2025-05-03 04:16:30','2025-05-03 04:16:30','Sample',1,3,1,1),(11,6,'Gregory Lake Ticket','GNC_25_0008',20.00,'2025-04-13','2025-12-17','2025-04-13','2025-12-17','2025-05-03 04:17:02','2025-05-03 04:17:02','Sample',1,3,1,1),(12,6,'Yala National Park Wildlife Safari Ticket','GNC_25_0009',20.00,'2025-04-19','2025-12-22','2025-04-19','2025-12-22','2025-05-03 04:18:50','2025-05-03 04:18:50','Sample',1,1,1,1),(13,6,'Whale Watching Mirissa with Eagle Eye Ticket','GNC_25_0010',20.00,'2025-04-26','2025-12-29','2025-04-26','2025-12-29','2025-05-03 04:23:11','2025-05-03 04:23:11','Sample',1,1,1,1);
/*!40000 ALTER TABLE `generic` ENABLE KEYS */;
UNLOCK TABLES;

--
-- Table structure for table `genericcancellationcharges`
--

DROP TABLE IF EXISTS `genericcancellationcharges`;
/*!40101 SET @saved_cs_client     = @@character_set_client */;
/*!50503 SET character_set_client = utf8mb4 */;
CREATE TABLE `genericcancellationcharges` (
  `id` int NOT NULL AUTO_INCREMENT,
  `amount` decimal(10,2) DEFAULT NULL,
  `generic_id` int NOT NULL,
  `ratetype_id` int NOT NULL,
  `cancellationscheme_id` int NOT NULL,
  PRIMARY KEY (`id`),
  KEY `fk_genericdiscountcharges_generic1_idx` (`generic_id`),
  KEY `fk_genericcancellationcharges_ratetype1_idx` (`ratetype_id`),
  KEY `fk_genericcancellationcharges_cancellationscheme1_idx` (`cancellationscheme_id`),
  CONSTRAINT `fk_genericcancellationcharges_cancellationscheme1` FOREIGN KEY (`cancellationscheme_id`) REFERENCES `cancellationscheme` (`id`),
  CONSTRAINT `fk_genericcancellationcharges_ratetype1` FOREIGN KEY (`ratetype_id`) REFERENCES `ratetype` (`id`),
  CONSTRAINT `fk_genericdiscountcharges_generic1` FOREIGN KEY (`generic_id`) REFERENCES `generic` (`id`)
) ENGINE=InnoDB AUTO_INCREMENT=26 DEFAULT CHARSET=utf8mb3;
/*!40101 SET character_set_client = @saved_cs_client */;

--
-- Dumping data for table `genericcancellationcharges`
--

LOCK TABLES `genericcancellationcharges` WRITE;
/*!40000 ALTER TABLE `genericcancellationcharges` DISABLE KEYS */;
INSERT INTO `genericcancellationcharges` VALUES (6,1153.00,4,3,2),(7,2681.00,4,3,3),(8,2303.00,5,3,5),(9,2685.00,5,3,3),(10,750.00,6,3,2),(11,500.00,6,3,1),(12,800.00,7,3,1),(13,1200.00,7,3,5),(14,1500.00,8,3,3),(15,700.00,8,3,2),(16,1668.00,9,3,2),(17,2898.00,9,3,2),(18,2215.00,10,3,2),(19,1129.00,10,3,3),(20,819.00,11,3,1),(21,1331.00,11,3,5),(22,1383.00,12,3,1),(23,237.00,12,3,5),(24,2764.00,13,3,1),(25,448.00,13,3,5);
/*!40000 ALTER TABLE `genericcancellationcharges` ENABLE KEYS */;
UNLOCK TABLES;

--
-- Table structure for table `genericdiscount`
--

DROP TABLE IF EXISTS `genericdiscount`;
/*!40101 SET @saved_cs_client     = @@character_set_client */;
/*!50503 SET character_set_client = utf8mb4 */;
CREATE TABLE `genericdiscount` (
  `id` int NOT NULL AUTO_INCREMENT,
  `amount` decimal(10,2) DEFAULT NULL,
  `genericdiscounttype_id` int NOT NULL,
  `generic_id` int NOT NULL,
  `ratetype_id` int NOT NULL,
  PRIMARY KEY (`id`),
  KEY `fk_genericdiscount_genericdiscounttype1_idx` (`genericdiscounttype_id`),
  KEY `fk_genericdiscount_generic1_idx` (`generic_id`),
  KEY `fk_genericdiscount_ratetype1_idx` (`ratetype_id`),
  CONSTRAINT `fk_genericdiscount_generic1` FOREIGN KEY (`generic_id`) REFERENCES `generic` (`id`),
  CONSTRAINT `fk_genericdiscount_genericdiscounttype1` FOREIGN KEY (`genericdiscounttype_id`) REFERENCES `genericdiscounttype` (`id`),
  CONSTRAINT `fk_genericdiscount_ratetype1` FOREIGN KEY (`ratetype_id`) REFERENCES `ratetype` (`id`)
) ENGINE=InnoDB AUTO_INCREMENT=13 DEFAULT CHARSET=utf8mb3;
/*!40101 SET character_set_client = @saved_cs_client */;

--
-- Dumping data for table `genericdiscount`
--

LOCK TABLES `genericdiscount` WRITE;
/*!40000 ALTER TABLE `genericdiscount` DISABLE KEYS */;
INSERT INTO `genericdiscount` VALUES (3,893.00,1,4,3),(4,306.00,2,5,3),(5,400.00,1,6,3),(6,200.00,2,7,3),(7,250.00,1,8,3),(8,186.00,1,9,3),(9,838.00,2,10,3),(10,380.00,2,11,3),(11,948.00,1,12,3),(12,633.00,2,13,3);
/*!40000 ALTER TABLE `genericdiscount` ENABLE KEYS */;
UNLOCK TABLES;

--
-- Table structure for table `genericdiscounttype`
--

DROP TABLE IF EXISTS `genericdiscounttype`;
/*!40101 SET @saved_cs_client     = @@character_set_client */;
/*!50503 SET character_set_client = utf8mb4 */;
CREATE TABLE `genericdiscounttype` (
  `id` int NOT NULL AUTO_INCREMENT,
  `name` varchar(45) DEFAULT NULL,
  PRIMARY KEY (`id`)
) ENGINE=InnoDB AUTO_INCREMENT=3 DEFAULT CHARSET=utf8mb3;
/*!40101 SET character_set_client = @saved_cs_client */;

--
-- Dumping data for table `genericdiscounttype`
--

LOCK TABLES `genericdiscounttype` WRITE;
/*!40000 ALTER TABLE `genericdiscounttype` DISABLE KEYS */;
INSERT INTO `genericdiscounttype` VALUES (1,'Child'),(2,'Senior Citizen');
/*!40000 ALTER TABLE `genericdiscounttype` ENABLE KEYS */;
UNLOCK TABLES;

--
-- Table structure for table `genericrates`
--

DROP TABLE IF EXISTS `genericrates`;
/*!40101 SET @saved_cs_client     = @@character_set_client */;
/*!50503 SET character_set_client = utf8mb4 */;
CREATE TABLE `genericrates` (
  `id` int NOT NULL AUTO_INCREMENT,
  `amount` decimal(10,2) DEFAULT NULL,
  `paxtype_id` int NOT NULL,
  `residenttype_id` int NOT NULL,
  `generic_id` int NOT NULL,
  PRIMARY KEY (`id`),
  KEY `fk_genericrates_paxtype1_idx` (`paxtype_id`),
  KEY `fk_genericrates_residenttype1_idx` (`residenttype_id`),
  KEY `fk_genericrates_generic1_idx` (`generic_id`),
  CONSTRAINT `fk_genericrates_generic1` FOREIGN KEY (`generic_id`) REFERENCES `generic` (`id`),
  CONSTRAINT `fk_genericrates_paxtype1` FOREIGN KEY (`paxtype_id`) REFERENCES `paxtype` (`id`),
  CONSTRAINT `fk_genericrates_residenttype1` FOREIGN KEY (`residenttype_id`) REFERENCES `residenttype` (`id`)
) ENGINE=InnoDB AUTO_INCREMENT=35 DEFAULT CHARSET=utf8mb3;
/*!40101 SET character_set_client = @saved_cs_client */;

--
-- Dumping data for table `genericrates`
--

LOCK TABLES `genericrates` WRITE;
/*!40000 ALTER TABLE `genericrates` DISABLE KEYS */;
INSERT INTO `genericrates` VALUES (14,184.00,1,1,4),(15,1426.00,2,1,4),(16,5262.00,1,1,5),(17,4821.00,2,3,5),(18,2500.00,1,3,6),(19,1500.00,3,1,6),(20,1000.00,1,1,7),(21,3500.00,2,3,7),(22,1000.00,3,1,8),(23,3000.00,1,3,8),(24,258.00,1,1,9),(25,3912.00,5,1,9),(26,4462.00,2,1,10),(27,4289.00,2,3,10),(28,2224.00,3,3,11),(29,2203.00,5,1,11),(30,4945.00,2,1,12),(31,1889.00,5,1,12),(32,705.00,2,3,13),(33,517.00,5,1,13),(34,2000.00,2,3,4);
/*!40000 ALTER TABLE `genericrates` ENABLE KEYS */;
UNLOCK TABLES;

--
-- Table structure for table `genericstatus`
--

DROP TABLE IF EXISTS `genericstatus`;
/*!40101 SET @saved_cs_client     = @@character_set_client */;
/*!50503 SET character_set_client = utf8mb4 */;
CREATE TABLE `genericstatus` (
  `id` int NOT NULL AUTO_INCREMENT,
  `name` varchar(45) DEFAULT NULL,
  PRIMARY KEY (`id`)
) ENGINE=InnoDB AUTO_INCREMENT=3 DEFAULT CHARSET=utf8mb3;
/*!40101 SET character_set_client = @saved_cs_client */;

--
-- Dumping data for table `genericstatus`
--

LOCK TABLES `genericstatus` WRITE;
/*!40000 ALTER TABLE `genericstatus` DISABLE KEYS */;
INSERT INTO `genericstatus` VALUES (1,'Active'),(2,'Inactive');
/*!40000 ALTER TABLE `genericstatus` ENABLE KEYS */;
UNLOCK TABLES;

--
-- Table structure for table `generictype`
--

DROP TABLE IF EXISTS `generictype`;
/*!40101 SET @saved_cs_client     = @@character_set_client */;
/*!50503 SET character_set_client = utf8mb4 */;
CREATE TABLE `generictype` (
  `id` int NOT NULL AUTO_INCREMENT,
  `name` varchar(45) DEFAULT NULL,
  PRIMARY KEY (`id`)
) ENGINE=InnoDB AUTO_INCREMENT=8 DEFAULT CHARSET=utf8mb3;
/*!40101 SET character_set_client = @saved_cs_client */;

--
-- Dumping data for table `generictype`
--

LOCK TABLES `generictype` WRITE;
/*!40000 ALTER TABLE `generictype` DISABLE KEYS */;
INSERT INTO `generictype` VALUES (1,'Adventure'),(2,'Cultural'),(3,'Entertainment'),(4,'Food & Dining'),(5,'Tour Guide'),(6,'Walking Tours'),(7,'Water Sports');
/*!40000 ALTER TABLE `generictype` ENABLE KEYS */;
UNLOCK TABLES;

--
-- Table structure for table `location`
--

DROP TABLE IF EXISTS `location`;
/*!40101 SET @saved_cs_client     = @@character_set_client */;
/*!50503 SET character_set_client = utf8mb4 */;
CREATE TABLE `location` (
  `id` int NOT NULL AUTO_INCREMENT,
  `user_id` int NOT NULL,
  `code` varchar(26) NOT NULL,
  `name` varchar(45) DEFAULT NULL,
  `photo` varbinary(255) DEFAULT NULL,
  `description` text,
  `createdon` timestamp NULL DEFAULT NULL,
  `updatedon` timestamp NULL DEFAULT NULL,
  `city_id` int NOT NULL,
  PRIMARY KEY (`id`),
  UNIQUE KEY `code_UNIQUE` (`code`),
  KEY `fk_location_city1_idx` (`city_id`),
  KEY `fk_location_user1_idx` (`user_id`),
  CONSTRAINT `fk_location_city1` FOREIGN KEY (`city_id`) REFERENCES `city` (`id`),
  CONSTRAINT `fk_location_user1` FOREIGN KEY (`user_id`) REFERENCES `user` (`id`)
) ENGINE=InnoDB AUTO_INCREMENT=1396 DEFAULT CHARSET=utf8mb3;
/*!40101 SET character_set_client = @saved_cs_client */;

--
-- Dumping data for table `location`
--

LOCK TABLES `location` WRITE;
/*!40000 ALTER TABLE `location` DISABLE KEYS */;
INSERT INTO `location` VALUES (3,6,'LOC_CTY_LK-2_KN-21_001_001','Temple of the Sacred Tooth Relic',NULL,'Sri Dalada Maligawa, commonly known in English as the Temple of the Sacred Tooth Relic, is a Buddhist temple in Kandy, Sri Lanka. It is located in the Royal Palace Complex of the former Kingdom of Kandy, which houses the relic of the tooth of the Buddha.','2025-03-21 18:24:22','2025-05-03 08:38:44',21),(4,6,'LOC_CTY_LK-2_ML-22_002_001','Sigirya',NULL,'Sigiriya or Sinhagiri is an ancient rock fortress located in the northern Matale District near the town of Dambulla in the Central Province, Sri Lanka. It is a site of historical and archaeological significance that is dominated by a massive column of granite approximately 180 m high.','2025-03-23 06:28:30','2025-05-03 09:54:21',27),(5,6,'LOC_CTY_LK-1_CL-11_001_001','National Museum of Colombo',NULL,'National Museum of Colombo','2025-05-03 08:33:35','2025-05-03 08:33:35',1),(6,6,'LOC_CTY_LK-1_CL-11_001_002','Gangaramaya Temple',NULL,'Gangaramaya Temple','2025-05-03 08:33:48','2025-05-03 08:33:48',1),(7,6,'LOC_CTY_LK-1_CL-11_001_003','Fort Area',NULL,'Fort Area','2025-05-03 08:34:01','2025-05-03 08:34:01',1),(8,6,'LOC_CTY_LK-1_CL-11_001_004','Viharamahadevi Park',NULL,'Viharamahadevi Park','2025-05-03 08:34:12','2025-05-03 08:34:12',1),(9,6,'LOC_CTY_LK-1_CL-11_001_005','Kapikaawatha Shivan Temple',NULL,'Kapikaawatha Shivan Temple','2025-05-03 08:34:25','2025-05-03 08:34:25',1),(10,6,'LOC_CTY_LK-1_CL-11_001_006','Independence Memorial Hall',NULL,'Independence Memorial Hall','2025-05-03 08:34:35','2025-05-03 08:34:35',1),(11,6,'LOC_CTY_LK-1_CL-11_001_007','Dutch Period Museum',NULL,'Dutch Period Museum','2025-05-03 08:34:44','2025-05-03 08:34:44',1),(12,6,'LOC_CTY_LK-1_CL-11_001_008','Pettah',NULL,'Pettah (for strolling)','2025-05-03 08:34:58','2025-05-03 08:34:58',1),(13,6,'LOC_CTY_LK-1_CL-11_001_009','Paradise Road',NULL,'for shopping','2025-05-03 08:35:12','2025-05-03 08:35:12',1),(14,6,'LOC_CTY_LK-1_CL-11_001_010','Beira Lake',NULL,'for boating','2025-05-03 08:35:25','2025-05-03 08:35:25',1),(15,6,'LOC_CTY_LK-2_KN-21_001_002','Udawattakele Forest Reserve',NULL,'Udawattakele Forest Reserve','2025-05-03 08:35:38','2025-05-03 08:35:38',21),(16,6,'LOC_CTY_LK-2_KN-21_001_003','National Museum of Kandy',NULL,'National Museum of Kandy','2025-05-03 08:35:54','2025-05-03 08:35:54',21),(17,6,'LOC_CTY_LK-2_KN-21_001_004','International Buddhist Museum',NULL,'International Buddhist Museum','2025-05-03 08:36:04','2025-05-03 08:36:04',21),(18,6,'LOC_CTY_LK-2_KN-21_001_005','Kandy Lake',NULL,'Kandy Lake','2025-05-03 08:36:29','2025-05-03 08:36:29',21),(19,6,'LOC_CTY_LK-2_KN-21_001_006','Ceylon Tea Museum',NULL,'Ceylon Tea Museum','2025-05-03 08:36:40','2025-05-03 08:36:40',21),(20,6,'LOC_CTY_LK-2_KN-21_001_007','Hanthana Mountain Range',NULL,'nearby hiking area','2025-05-03 08:36:57','2025-05-03 08:36:57',21),(21,6,'LOC_CTY_LK-1_KL-13_003_001','Moragalla Beach',NULL,'Moragalla Beach','2025-05-03 08:37:16','2025-05-03 08:37:16',18),(22,6,'LOC_CTY_LK-1_KL-13_003_002','Cinnamon Island',NULL,'Cinnamon Island','2025-05-03 08:37:25','2025-05-03 08:37:25',18),(23,6,'LOC_CTY_LK-1_KL-13_003_003','Dedduwa Lake',NULL,'Dedduwa Lake','2025-05-03 08:37:34','2025-05-03 08:37:34',18),(24,6,'LOC_CTY_LK-1_KL-13_003_004','Kosgoda Sea Turtle Conservation Project',NULL,'Kosgoda Sea Turtle Conservation Project','2025-05-03 08:37:44','2025-05-03 08:37:44',18),(25,6,'LOC_CTY_LK-1_KL-13_003_005','Lunuganga Estate',NULL,'Lunuganga Estate','2025-05-03 08:37:55','2025-05-03 08:37:55',18),(26,6,'LOC_CTY_LK-1_KL-13_003_006','Boat Safari through Mangroves',NULL,'Boat Safari through Mangroves','2025-05-03 08:38:06','2025-05-03 08:38:06',18),(28,6,'LOC_CTY_LK-1_CL-11_002_001','Parliament of Sri Lanka',NULL,'The impressive legislative complex built on an artificial island, known for its distinctive architecture.','2025-05-03 09:46:00','2025-05-03 09:46:00',2),(29,6,'LOC_CTY_LK-1_CL-11_002_002','Diyawanna Oya',NULL,'Scenic lake surrounding the parliament complex, popular for walking, jogging and boating.','2025-05-03 09:51:13','2025-05-03 09:51:13',2),(30,6,'LOC_CTY_LK-1_CL-11_002_003','Diyatha Uyana',NULL,'Recreational park alongside Diyawanna Oya featuring food stalls, aquarium and floating market.','2025-05-03 09:51:21','2025-05-03 09:51:21',2),(31,6,'LOC_CTY_LK-1_CL-11_003_001','Weras Ganga Park',NULL,'Urban wetland park with walking paths, bird watching areas and recreational facilities.','2025-05-03 09:51:27','2025-05-03 09:51:27',3),(32,6,'LOC_CTY_LK-1_CL-11_003_002','Ranmasu Uyana',NULL,'Beautiful water garden with lotus ponds and traditional landscaping.','2025-05-03 09:51:32','2025-05-03 09:51:32',3),(33,6,'LOC_CTY_LK-1_CL-11_003_003','Athurugiriya Ancient Temple',NULL,'Historical Buddhist temple with ancient artifacts and religious significance.','2025-05-03 09:51:36','2025-05-03 09:51:36',3),(34,6,'LOC_CTY_LK-1_CL-11_004_001','National Zoological Gardens',NULL,'One of the oldest zoos in Asia housing over 350 species of animals in natural-like habitats.','2025-05-03 09:51:41','2025-05-03 09:51:41',4),(35,6,'LOC_CTY_LK-1_CL-11_004_002','Mount Lavinia Beach Resort',NULL,'Colonial-era hotel with breathtaking ocean views and historical significance.','2025-05-03 09:51:45','2025-05-03 09:51:45',4),(36,6,'LOC_CTY_LK-1_CL-11_004_003','Attidiya Bird Sanctuary',NULL,'Wetland reserve hosting numerous migratory and endemic bird species.','2025-05-03 09:51:51','2025-05-03 09:51:51',4),(37,6,'LOC_CTY_LK-1_CL-11_005_001','Kottawa Forest Reserve',NULL,'Protected rainforest area with unique biodiversity and walking trails.','2025-05-03 09:51:56','2025-05-03 09:51:56',5),(38,6,'LOC_CTY_LK-1_CL-11_005_002','Bellanwila Rajamaha Viharaya',NULL,'Ancient Buddhist temple known for its sacred Bo tree and annual procession.','2025-05-03 09:52:02','2025-05-03 09:52:02',5),(39,6,'LOC_CTY_LK-1_CL-11_005_003','BMICH Exhibition Center',NULL,'Major convention center hosting international exhibitions and cultural events.','2025-05-03 09:52:17','2025-05-03 09:52:17',5),(40,6,'LOC_CTY_LK-1_CL-11_006_001','Ratmalana Airport',NULL,'Sri Lanka\'s first international airport now serving as a domestic aviation hub.','2025-05-03 09:52:22','2025-05-03 09:52:22',6),(41,6,'LOC_CTY_LK-1_CL-11_006_002','Angulana Beach',NULL,'Quiet local beach popular for fishing and relaxation away from tourist crowds.','2025-05-03 09:52:30','2025-05-03 09:52:30',6),(42,6,'LOC_CTY_LK-1_CL-11_006_003','Siddhalepa Ayurveda Hospital',NULL,'Renowned traditional medicine center offering authentic Ayurvedic treatments.','2025-05-03 09:52:35','2025-05-03 09:52:35',6),(43,6,'LOC_CTY_LK-1_CL-11_007_001','Majestic City',NULL,'Popular shopping complex with numerous retail stores, restaurants and entertainment.','2025-05-03 09:52:40','2025-05-03 09:52:40',7),(44,6,'LOC_CTY_LK-1_CL-11_007_002','Bambalapitiya Beach',NULL,'Urban beach stretch with promenade and spectacular sunset views.','2025-05-03 09:52:57','2025-05-03 09:52:57',7),(45,6,'LOC_CTY_LK-1_CL-11_007_003','Vajiraramaya Temple',NULL,'Buddhist temple with beautiful architecture and religious significance.','2025-05-03 09:53:01','2025-05-03 09:53:01',7),(46,6,'LOC_CTY_LK-1_CL-11_008_001','Thalawaththa Wetlands',NULL,'Natural marsh area with rich biodiversity and birdwatching opportunities.','2025-05-03 09:53:07','2025-05-03 09:53:07',8),(47,6,'LOC_CTY_LK-1_CL-11_008_002','Guruge Park',NULL,'Community recreational area with playgrounds and walking paths.','2025-05-03 09:53:11','2025-05-03 09:53:11',8),(48,6,'LOC_CTY_LK-1_CL-11_008_003','St. Peter\'s College',NULL,'Historic educational institution with notable architecture.','2025-05-03 09:53:16','2025-05-03 09:53:16',8),(49,6,'LOC_CTY_LK-1_CL-11_009_001','Narahenpita Sports Complex',NULL,'Modern sports facility hosting various national and international sporting events.','2025-05-03 09:53:21','2025-05-03 09:53:21',9),(50,6,'LOC_CTY_LK-1_CL-11_009_002','Tripoli Market',NULL,'Vibrant local market offering fresh produce, spices and household items.','2025-05-03 09:53:26','2025-05-03 09:53:26',9),(51,6,'LOC_CTY_LK-1_CL-11_009_003','Sima Malaka Meditation Centre',NULL,'Peaceful Buddhist meditation center built on an island in Beira Lake.','2025-05-03 09:53:33','2025-05-03 09:53:33',9),(52,6,'LOC_CTY_LK-1_CL-11_010_001','Marawila Beach',NULL,'Long stretch of pristine beach known for water sports and relaxation.','2025-05-03 09:53:37','2025-05-03 09:53:37',10),(53,6,'LOC_CTY_LK-1_CL-11_010_002','Brown\'s Beach Resort',NULL,'Popular beach resort with swimming pools and coastal activities.','2025-05-03 09:53:41','2025-05-03 09:53:41',10),(54,6,'LOC_CTY_LK-1_CL-11_010_003','St. Anne\'s Church',NULL,'Historic Catholic church with beautiful architecture and religious significance.','2025-05-03 09:53:46','2025-05-03 09:53:46',10),(55,6,'LOC_CTY_LK-1_GA-12_001_001','Negombo Beach Park',NULL,'Coastal park with recreational facilities and stunning views of the ocean.','2025-05-03 09:53:50','2025-05-03 09:53:50',11),(56,6,'LOC_CTY_LK-1_GA-12_001_002','Dutch Fort Ruins',NULL,'Historical remains of the 17th century Dutch fortification.','2025-05-03 09:53:54','2025-05-03 09:53:54',11),(57,6,'LOC_CTY_LK-1_GA-12_001_003','Negombo Lagoon',NULL,'Large coastal lagoon famous for fishing and boat tours through mangroves.','2025-05-03 10:21:19','2025-05-03 10:21:19',11),(58,6,'LOC_CTY_LK-1_GA-12_002_001','Henarathgoda Botanical Garden',NULL,'Historic botanical garden where rubber cultivation in Asia began, featuring diverse plant collections.','2025-05-03 10:21:19','2025-05-03 10:21:19',12),(59,6,'LOC_CTY_LK-1_GA-12_002_002','Pilikuttuwa Ancient Cave Temple',NULL,'Rock temple complex dating back to the 1st century BC with cave paintings and Buddhist artifacts.','2025-05-03 10:21:19','2025-05-03 10:21:19',12),(60,6,'LOC_CTY_LK-1_GA-12_002_003','Gampaha Clock Tower',NULL,'Iconic landmark in the town center built during the British colonial period.','2025-05-03 10:21:19','2025-05-03 10:21:19',12),(61,6,'LOC_CTY_LK-1_GA-12_003_001','National Zoological Gardens',NULL,'One of the oldest zoos in Asia housing over 350 species of animals in natural-like habitats.','2025-05-03 10:21:19','2025-05-03 10:21:19',14),(62,6,'LOC_CTY_LK-1_GA-12_003_002','Mount Lavinia Beach Resort',NULL,'Colonial-era hotel with breathtaking ocean views and historical significance.','2025-05-03 10:21:19','2025-05-03 10:21:19',14),(63,6,'LOC_CTY_LK-1_GA-12_003_003','Attidiya Bird Sanctuary',NULL,'Wetland reserve hosting numerous migratory and endemic bird species.','2025-05-03 10:21:19','2025-05-03 10:21:19',14),(64,6,'LOC_CTY_LK-1_GA-12_004_001','Weras Ganga Park',NULL,'Urban wetland park with walking paths, bird watching areas and recreational facilities.','2025-05-03 10:21:19','2025-05-03 10:21:19',15),(65,6,'LOC_CTY_LK-1_GA-12_004_002','Ranmasu Uyana',NULL,'Beautiful water garden with lotus ponds and traditional landscaping.','2025-05-03 10:21:19','2025-05-03 10:21:19',15),(66,6,'LOC_CTY_LK-1_GA-12_004_003','Athurugiriya Ancient Temple',NULL,'Historical Buddhist temple with ancient artifacts and religious significance.','2025-05-03 10:21:19','2025-05-03 10:21:19',15),(67,6,'LOC_CTY_LK-1_KL-13_001_001','Kalutara Bodhiya',NULL,'Sacred Buddhist shrine with one of the most venerated Bo trees in Sri Lanka.','2025-05-03 10:21:19','2025-05-03 10:21:19',16),(68,6,'LOC_CTY_LK-1_KL-13_001_002','Richmond Castle',NULL,'Edwardian mansion built in the early 1900s, showcasing unique architecture and garden landscape.','2025-05-03 10:21:19','2025-05-03 10:21:19',16),(69,6,'LOC_CTY_LK-1_KL-13_001_003','Calido Beach',NULL,'Beautiful beach area with golden sands and opportunities for water sports.','2025-05-03 10:21:19','2025-05-03 10:21:19',16),(70,6,'LOC_CTY_LK-1_KL-13_002_001','Panadura Beach',NULL,'Long stretch of beach popular with locals for evening walks and swimming.','2025-05-03 10:21:19','2025-05-03 10:21:19',17),(71,6,'LOC_CTY_LK-1_KL-13_002_002','Panadura Maha Viharaya',NULL,'Ancient Buddhist temple with historical significance to Buddhism in Sri Lanka.','2025-05-03 10:21:19','2025-05-03 10:21:19',17),(72,6,'LOC_CTY_LK-1_KL-13_002_003','Panadura Bridge',NULL,'Historic bridge over Bolgoda Lake offering scenic views of the waterway.','2025-05-03 10:21:19','2025-05-03 10:21:19',17),(73,6,'LOC_CTY_LK-1_KL-13_004_001','Thalawaththa Wetlands',NULL,'Natural marsh area with rich biodiversity and birdwatching opportunities.','2025-05-03 10:21:19','2025-05-03 10:21:19',19),(74,6,'LOC_CTY_LK-1_KL-13_004_002','Guruge Park',NULL,'Community recreational area with playgrounds and walking paths.','2025-05-03 10:21:19','2025-05-03 10:21:19',19),(75,6,'LOC_CTY_LK-1_KL-13_004_003','St. Peter\'s College',NULL,'Historic educational institution with notable architecture.','2025-05-03 10:21:19','2025-05-03 10:21:19',19),(76,6,'LOC_CTY_LK-1_KL-13_005_001','Negombo Beach Park',NULL,'Coastal park with recreational facilities and stunning views of the ocean.','2025-05-03 10:21:19','2025-05-03 10:21:19',20),(77,6,'LOC_CTY_LK-1_KL-13_005_002','Dutch Fort Ruins',NULL,'Historical remains of the 17th century Dutch fortification.','2025-05-03 10:21:19','2025-05-03 10:21:19',20),(78,6,'LOC_CTY_LK-1_KL-13_005_003','Negombo Lagoon',NULL,'Large coastal lagoon famous for fishing and boat tours through mangroves.','2025-05-03 10:21:19','2025-05-03 10:21:19',20),(79,6,'LOC_CTY_LK-2_KN-21_001_008','Royal Botanical Gardens, Peradeniya',NULL,'Expansive gardens with over 4,000 species of plants, including rare tropical species and an orchid house.','2025-05-03 10:21:19','2025-05-03 10:21:19',21),(80,6,'LOC_CTY_LK-2_KN-21_001_009','Bahiravokanda Vihara Buddha Statue',NULL,'Giant white Buddha statue overlooking Kandy city, offering panoramic views of the surroundings.','2025-05-03 10:21:19','2025-05-03 10:21:19',21),(81,6,'LOC_CTY_LK-2_KN-21_001_010','Embekka Temple',NULL,'Famous for its exceptional wood carvings and intricate architectural designs from the 14th century.','2025-05-03 10:21:19','2025-05-03 10:21:19',21),(82,6,'LOC_CTY_LK-2_KN-21_002_001','University of Peradeniya',NULL,'Sri Lanka\'s oldest and most prestigious university known for its beautiful campus and architecture.','2025-05-03 10:21:19','2025-05-03 10:21:19',22),(83,6,'LOC_CTY_LK-2_KN-21_002_002','Peradeniya Royal Park',NULL,'Historic park formerly used by Kandyan royalty, featuring ancient trees and walking paths.','2025-05-03 10:21:19','2025-05-03 10:21:19',22),(84,6,'LOC_CTY_LK-2_KN-21_002_003','Gatambe Viharaya',NULL,'Ancient Buddhist temple with historical significance and beautiful statues.','2025-05-03 10:21:19','2025-05-03 10:21:19',22),(85,6,'LOC_CTY_LK-2_KN-21_003_001','Kundasale Lake',NULL,'Scenic reservoir surrounded by hills and greenery, perfect for photography and relaxation.','2025-05-03 10:21:19','2025-05-03 10:21:19',23),(86,6,'LOC_CTY_LK-2_KN-21_003_002','Aluvihara Rock Temple',NULL,'Ancient rock temple where the Buddhist scriptures were first written down.','2025-05-03 10:21:19','2025-05-03 10:21:19',23),(87,6,'LOC_CTY_LK-2_KN-21_003_003','Victoria Dam',NULL,'Major hydroelectric dam with impressive engineering and beautiful surroundings.','2025-05-03 10:21:19','2025-05-03 10:21:19',23),(88,6,'LOC_CTY_LK-2_KN-21_004_001','Mahaweli River View Point',NULL,'Scenic lookout over Sri Lanka\'s longest river with breathtaking views.','2025-05-03 10:21:19','2025-05-03 10:21:19',24),(89,6,'LOC_CTY_LK-2_KN-21_004_002','Victoria Golf Club',NULL,'World-class 18-hole golf course set amidst mountains and the Mahaweli river.','2025-05-03 10:21:19','2025-05-03 10:21:19',24),(90,6,'LOC_CTY_LK-2_KN-21_004_003','Mahaweli Eco Park',NULL,'Conservation area showcasing the biodiversity of the Mahaweli river basin.','2025-05-03 10:21:19','2025-05-03 10:21:19',24),(91,6,'LOC_CTY_LK-2_KN-21_005_001','Asgiriya Stadium',NULL,'Historic cricket stadium that has hosted international cricket matches since 1915.','2025-05-03 10:21:19','2025-05-03 10:21:19',25),(92,6,'LOC_CTY_LK-2_KN-21_005_002','Asgiriya Maha Viharaya',NULL,'Ancient Buddhist monastery of the Asgiriya Chapter with historical artifacts.','2025-05-03 10:21:19','2025-05-03 10:21:19',25),(93,6,'LOC_CTY_LK-2_KN-21_005_003','Dunumadalawa Forest Reserve',NULL,'Protected forest area with hiking trails and panoramic views of Kandy.','2025-05-03 10:21:19','2025-05-03 10:21:19',25),(94,6,'LOC_CTY_LK-2_ML-22_001_001','Aluvihara Rock Temple',NULL,'Ancient Buddhist monastery carved into rock faces with historical importance.','2025-05-03 10:21:19','2025-05-03 10:21:19',26),(95,6,'LOC_CTY_LK-2_ML-22_001_002','Matale Spice Garden',NULL,'Educational garden showcasing Sri Lanka\'s famous spices and their medicinal properties.','2025-05-03 10:21:19','2025-05-03 10:21:19',26),(96,6,'LOC_CTY_LK-2_ML-22_001_003','Sri Muthumariamman Temple',NULL,'Colorful Hindu temple with intricate Tamil architecture and religious significance.','2025-05-03 10:21:19','2025-05-03 10:21:19',26),(97,6,'LOC_CTY_LK-2_ML-22_002_002','Dambulla Cave Temple',NULL,'UNESCO World Heritage site with five caves containing Buddhist mural paintings and statues.','2025-05-03 10:21:19','2025-05-03 10:21:19',27),(98,6,'LOC_CTY_LK-2_ML-22_002_003','Ibbankatuwa Megalithic Tombs',NULL,'Ancient burial site dating back to the Iron Age with archaeological significance.','2025-05-03 10:21:19','2025-05-03 10:21:19',27),(99,6,'LOC_CTY_LK-2_ML-22_002_004','Dambulla Dedicated Economic Centre',NULL,'Sri Lanka\'s largest wholesale market for vegetables and fruits with vibrant trading activity.','2025-05-03 10:21:19','2025-05-03 10:21:19',27),(100,6,'LOC_CTY_LK-2_ML-22_003_001','Ancient City of Polonnaruwa',NULL,'UNESCO World Heritage site with well-preserved ruins of the ancient garden-city.','2025-05-03 10:21:19','2025-05-03 10:21:19',28),(101,6,'LOC_CTY_LK-2_ML-22_003_002','Gal Vihara',NULL,'Rock temple with four impressive Buddha statues carved from a single granite rock.','2025-05-03 10:21:19','2025-05-03 10:21:19',28),(102,6,'LOC_CTY_LK-2_ML-22_003_003','Parakrama Samudra',NULL,'Massive ancient irrigation tank built by King Parakramabahu the Great.','2025-05-03 10:21:19','2025-05-03 10:21:19',28),(103,6,'LOC_CTY_LK-2_ML-22_004_001','Madatota Hot Springs',NULL,'Natural hot springs believed to have healing properties for various ailments.','2025-05-03 10:21:19','2025-05-03 10:21:19',29),(104,6,'LOC_CTY_LK-2_ML-22_004_002','Madatota Ancient Bridge',NULL,'Historical crossing point with remains of ancient engineering techniques.','2025-05-03 10:21:19','2025-05-03 10:21:19',29),(105,6,'LOC_CTY_LK-2_ML-22_004_003','Madatota Ambalama',NULL,'Traditional resting place for travelers on ancient trade routes.','2025-05-03 10:21:19','2025-05-03 10:21:19',29),(106,6,'LOC_CTY_LK-2_ML-22_005_001','Mahaweli River View Point',NULL,'Scenic lookout over Sri Lanka\'s longest river with breathtaking views.','2025-05-03 10:21:19','2025-05-03 10:21:19',30),(107,6,'LOC_CTY_LK-2_ML-22_005_002','Victoria Golf Club',NULL,'World-class 18-hole golf course set amidst mountains and the Mahaweli river.','2025-05-03 10:21:19','2025-05-03 10:21:19',30),(108,6,'LOC_CTY_LK-2_ML-22_005_003','Mahaweli Eco Park',NULL,'Conservation area showcasing the biodiversity of the Mahaweli river basin.','2025-05-03 10:21:19','2025-05-03 10:21:19',30),(109,6,'LOC_CTY_LK-2_NE-23_001_001','Gregory Lake',NULL,'Scenic man-made lake created during the British colonial era, offering boating and water sports.','2025-05-03 10:21:19','2025-05-03 10:21:19',31),(110,6,'LOC_CTY_LK-2_NE-23_001_002','Victoria Park',NULL,'Well-maintained garden park with rare bird species and seasonal flower displays.','2025-05-03 10:21:19','2025-05-03 10:21:19',31),(111,6,'LOC_CTY_LK-2_NE-23_001_003','Pedro Tea Estate',NULL,'Historic tea plantation offering factory tours and insight into tea production processes.','2025-05-03 10:21:19','2025-05-03 10:21:19',31),(112,6,'LOC_CTY_LK-2_NE-23_002_001','Lipton\'s Seat',NULL,'Scenic viewpoint where Sir Thomas Lipton used to survey his tea empire, offering breathtaking panoramas.','2025-05-03 10:21:19','2025-05-03 10:21:19',32),(113,6,'LOC_CTY_LK-2_NE-23_002_002','Adisham Bungalow',NULL,'Tudor-style mansion built by British tea planter Sir Thomas Villiers, now a monastery and heritage site.','2025-05-03 10:21:19','2025-05-03 10:21:19',32),(114,6,'LOC_CTY_LK-2_NE-23_002_003','Dambatenne Tea Factory',NULL,'Historic tea factory established by Sir Thomas Lipton in 1890, still producing fine Ceylon tea.','2025-05-03 10:21:19','2025-05-03 10:21:19',32),(115,6,'LOC_CTY_LK-2_NE-23_003_001','Nanuoya Railway Station',NULL,'Historic colonial railway station on the famous scenic train route to Ella.','2025-05-03 10:21:19','2025-05-03 10:21:19',33),(116,6,'LOC_CTY_LK-2_NE-23_003_002','Nanuoya Falls',NULL,'Beautiful cascading waterfall surrounded by tea plantations and misty mountains.','2025-05-03 10:21:19','2025-05-03 10:21:19',33),(117,6,'LOC_CTY_LK-2_NE-23_003_003','St. Xavier\'s Church',NULL,'Colonial-era Catholic church with beautiful architecture and stained glass windows.','2025-05-03 10:21:19','2025-05-03 10:21:19',33),(118,6,'LOC_CTY_LK-2_NE-23_004_001','Udawala Reservoir',NULL,'Scenic irrigation reservoir surrounded by mountains and wildlife.','2025-05-03 10:21:19','2025-05-03 10:21:19',34),(119,6,'LOC_CTY_LK-2_NE-23_004_002','Udawala Tea Factory',NULL,'Traditional tea processing facility offering tours and tastings of authentic Ceylon tea.','2025-05-03 10:21:19','2025-05-03 10:21:19',34),(120,6,'LOC_CTY_LK-2_NE-23_004_003','Udawala Nature Reserve',NULL,'Protected forest area with diverse flora and fauna including endemic species.','2025-05-03 10:21:19','2025-05-03 10:21:19',34),(121,6,'LOC_CTY_LK-2_NE-23_005_001','Bandarawela Park',NULL,'Central urban park with beautiful flower gardens and recreational facilities.','2025-05-03 10:21:19','2025-05-03 10:21:19',35),(122,6,'LOC_CTY_LK-2_NE-23_005_002','Dowa Ancient Rock Temple',NULL,'12th century temple featuring a large unfinished Buddha statue carved into the rock face.','2025-05-03 10:21:19','2025-05-03 10:21:19',35),(123,6,'LOC_CTY_LK-2_NE-23_005_003','Bandarawela Railway Station',NULL,'Colonial-era railway station known for its architecture and position on the scenic hill country railway line.','2025-05-03 10:21:19','2025-05-03 10:21:19',35),(124,6,'LOC_CTY_LK-3_GA-31_001_001','Galle Fort',NULL,'UNESCO World Heritage site built by Portuguese and fortified by Dutch, featuring colonial architecture.','2025-05-03 10:21:19','2025-05-03 10:21:19',36),(125,6,'LOC_CTY_LK-3_GA-31_001_002','Japanese Peace Pagoda',NULL,'White domed Buddhist stupa offering panoramic views of Galle and the Indian Ocean.','2025-05-03 10:21:19','2025-05-03 10:21:19',36),(126,6,'LOC_CTY_LK-3_GA-31_001_003','Jungle Beach',NULL,'Secluded beach cove surrounded by jungle, perfect for swimming and snorkeling.','2025-05-03 10:21:19','2025-05-03 10:21:19',36),(127,6,'LOC_CTY_LK-3_GA-31_002_001','Hikkaduwa Beach',NULL,'Popular beach known for surfing, coral reefs and marine turtles.','2025-05-03 10:21:19','2025-05-03 10:21:19',37),(128,6,'LOC_CTY_LK-3_GA-31_002_002','Hikkaduwa Coral Sanctuary',NULL,'Marine protected area with vibrant coral reefs accessible via glass-bottom boats.','2025-05-03 10:21:19','2025-05-03 10:21:19',37),(129,6,'LOC_CTY_LK-3_GA-31_002_003','Tsunami Honganji Vihara',NULL,'Memorial temple built after the 2004 tsunami to honor victims and survivors.','2025-05-03 10:21:19','2025-05-03 10:21:19',37),(130,6,'LOC_CTY_LK-3_GA-31_003_001','Weligama Bay',NULL,'Crescent-shaped bay famous for its iconic stilt fishermen and beginner-friendly surf spots.','2025-05-03 10:21:19','2025-05-03 10:21:19',38),(131,6,'LOC_CTY_LK-3_GA-31_003_002','Kushtarajagala',NULL,'Ancient rock carving depicting a royal figure dating back to the 6th-7th century.','2025-05-03 10:21:19','2025-05-03 10:21:19',38),(132,6,'LOC_CTY_LK-3_GA-31_003_003','Taprobane Island',NULL,'Tiny island just offshore with a unique octagonal house built by Count de Mauny-Talvand.','2025-05-03 10:21:19','2025-05-03 10:21:19',38),(133,6,'LOC_CTY_LK-3_GA-31_004_001','Unawatuna Beach',NULL,'Horseshoe-shaped beach with calm waters perfect for swimming and snorkeling.','2025-05-03 10:21:19','2025-05-03 10:21:19',39),(134,6,'LOC_CTY_LK-3_GA-31_004_002','Rumassala Hill',NULL,'Forested headland with panoramic views, associated with the Ramayana legend.','2025-05-03 10:21:19','2025-05-03 10:21:19',39),(135,6,'LOC_CTY_LK-3_GA-31_004_003','Yatagala Raja Maha Viharaya',NULL,'Ancient Buddhist temple dating back 2,300 years featuring rock carvings and Buddha statues.','2025-05-03 10:21:19','2025-05-03 10:21:19',39),(136,6,'LOC_CTY_LK-3_GA-31_005_001','Mirissa Beach',NULL,'Crescent-shaped beach known for spectacular sunsets and relaxed atmosphere.','2025-05-03 10:21:19','2025-05-03 10:21:19',40),(137,6,'LOC_CTY_LK-3_GA-31_005_002','Parrot Rock',NULL,'Iconic rock formation in the ocean that can be climbed for panoramic views.','2025-05-03 10:21:19','2025-05-03 10:21:19',40),(138,6,'LOC_CTY_LK-3_GA-31_005_003','Whale Watching Point',NULL,'Popular departure point for whale and dolphin watching tours in the Indian Ocean.','2025-05-03 10:21:19','2025-05-03 10:21:19',40),(139,6,'LOC_CTY_LK-3_GA-31_006_001','Tangalle Beach',NULL,'Long stretch of pristine beach with coconut palms and clear waters.','2025-05-03 10:21:19','2025-05-03 10:21:19',41),(140,6,'LOC_CTY_LK-3_GA-31_006_002','Mulkirigala Rock Temple',NULL,'Ancient Buddhist monastery carved into a rock face with cave temples at different levels.','2025-05-03 10:21:19','2025-05-03 10:21:19',41),(141,6,'LOC_CTY_LK-3_GA-31_006_003','Hummanaya Blow Hole',NULL,'Natural marine fountain, one of the largest blow holes in the world.','2025-05-03 10:21:19','2025-05-03 10:21:19',41),(142,6,'LOC_CTY_LK-3_MT-32_001_001','Matara Fort',NULL,'Dutch colonial fort built in the 18th century, now containing government buildings.','2025-05-03 10:21:19','2025-05-03 10:21:19',42),(143,6,'LOC_CTY_LK-3_MT-32_001_002','Paravi Duwa Temple',NULL,'Buddhist temple built on a tiny island connected to the mainland by a bridge.','2025-05-03 10:21:19','2025-05-03 10:21:19',42),(144,6,'LOC_CTY_LK-3_MT-32_001_003','Polhena Beach',NULL,'Protected coral reef beach ideal for snorkeling and swimming in calm waters.','2025-05-03 10:21:19','2025-05-03 10:21:19',42),(145,6,'LOC_CTY_LK-3_MT-32_002_001','Tissa Wewa',NULL,'Ancient man-made reservoir built in the 3rd century BC, still in use today.','2025-05-03 10:21:19','2025-05-03 10:21:19',43),(146,6,'LOC_CTY_LK-3_MT-32_002_002','Yatala Vehera',NULL,'Ancient Buddhist stupa dating back to the 3rd century BC.','2025-05-03 10:21:19','2025-05-03 10:21:19',43),(147,6,'LOC_CTY_LK-3_MT-32_002_003','Tissa Dagoba',NULL,'Sacred Buddhist stupa built during King Devanampiyatissa\'s reign.','2025-05-03 10:21:19','2025-05-03 10:21:19',43),(148,6,'LOC_CTY_LK-3_MT-32_003_001','Kataragama Temple Complex',NULL,'Multi-religious shrine dedicated to deity Kataragama, venerated by Buddhists, Hindus and indigenous people.','2025-05-03 10:21:19','2025-05-03 10:21:19',44),(149,6,'LOC_CTY_LK-3_MT-32_003_002','Kiri Vehera',NULL,'Ancient Buddhist stupa dating back to the 6th century BC.','2025-05-03 10:21:19','2025-05-03 10:21:19',44),(150,6,'LOC_CTY_LK-3_MT-32_003_003','Sella Kataragama',NULL,'Sacred site with natural pool believed to have healing properties.','2025-05-03 10:21:19','2025-05-03 10:21:19',44),(151,6,'LOC_CTY_LK-3_MT-32_004_001','Hiriketiya Beach',NULL,'Horseshoe-shaped beach popular for surfing and swimming.','2025-05-03 10:21:19','2025-05-03 10:21:19',45),(152,6,'LOC_CTY_LK-3_MT-32_004_002','Wewurukannala Vihara',NULL,'Buddhist temple featuring Sri Lanka\'s largest seated Buddha statue.','2025-05-03 10:21:19','2025-05-03 10:21:19',45),(153,6,'LOC_CTY_LK-3_MT-32_004_003','Dondra Head Lighthouse',NULL,'Colonial-era lighthouse marking the southernmost point of Sri Lanka.','2025-05-03 10:21:19','2025-05-03 10:21:19',45),(154,6,'LOC_CTY_LK-3_HM-33_001_001','Hambantota Port',NULL,'Modern deep-water port facility important for international shipping routes.','2025-05-03 10:21:19','2025-05-03 10:21:19',46),(155,6,'LOC_CTY_LK-3_HM-33_001_002','Bundala National Park',NULL,'Ramsar wetland with diverse birdlife, including migratory flamingos.','2025-05-03 10:21:19','2025-05-03 10:21:19',46),(156,6,'LOC_CTY_LK-3_HM-33_001_003','Mahapelessa Hot Springs',NULL,'Natural hot springs with therapeutic mineral-rich waters.','2025-05-03 10:21:19','2025-05-03 10:21:19',46),(157,6,'LOC_CTY_LK-3_HM-33_002_001','Tissa Wewa',NULL,'Ancient man-made reservoir built in the 3rd century BC, still in use today.','2025-05-03 10:21:19','2025-05-03 10:21:19',48),(158,6,'LOC_CTY_LK-3_HM-33_002_002','Yatala Vehera',NULL,'Ancient Buddhist stupa dating back to the 3rd century BC.','2025-05-03 10:21:19','2025-05-03 10:21:19',48),(159,6,'LOC_CTY_LK-3_HM-33_002_003','Tissa Dagoba',NULL,'Sacred Buddhist stupa built during King Devanampiyatissa\'s reign.','2025-05-03 10:21:19','2025-05-03 10:21:19',48),(160,6,'LOC_CTY_LK-3_HM-33_003_001','Kataragama Temple Complex',NULL,'Multi-religious shrine dedicated to deity Kataragama, venerated by Buddhists, Hindus and indigenous people.','2025-05-03 10:21:19','2025-05-03 10:21:19',49),(161,6,'LOC_CTY_LK-3_HM-33_003_002','Kiri Vehera',NULL,'Ancient Buddhist stupa dating back to the 6th century BC.','2025-05-03 10:21:19','2025-05-03 10:21:19',49),(162,6,'LOC_CTY_LK-3_HM-33_003_003','Sella Kataragama',NULL,'Sacred site with natural pool believed to have healing properties.','2025-05-03 10:21:19','2025-05-03 10:21:19',49),(163,6,'LOC_CTY_LK-3_HM-33_004_001','Hiriketiya Beach',NULL,'Horseshoe-shaped beach popular for surfing and swimming.','2025-05-03 10:21:19','2025-05-03 10:21:19',50),(164,6,'LOC_CTY_LK-3_HM-33_004_002','Wewurukannala Vihara',NULL,'Buddhist temple featuring Sri Lanka\'s largest seated Buddha statue.','2025-05-03 10:21:19','2025-05-03 10:21:19',50),(165,6,'LOC_CTY_LK-3_HM-33_004_003','Dondra Head Lighthouse',NULL,'Colonial-era lighthouse marking the southernmost point of Sri Lanka.','2025-05-03 10:21:19','2025-05-03 10:21:19',50),(166,6,'LOC_CTY_LK-3_HM-33_005_001','Palatuwa Beach',NULL,'Quiet, undeveloped beach area perfect for peaceful walks and relaxation.','2025-05-03 10:21:19','2025-05-03 10:21:19',51),(167,6,'LOC_CTY_LK-3_HM-33_005_002','Palatuwa Ancient Temple',NULL,'Historic Buddhist temple with traditional architecture and religious artifacts.','2025-05-03 10:21:19','2025-05-03 10:21:19',51),(168,6,'LOC_CTY_LK-3_HM-33_005_003','Palatuwa Bird Sanctuary',NULL,'Wetland area home to numerous bird species and other wildlife.','2025-05-03 10:21:19','2025-05-03 10:21:19',51),(169,6,'LOC_CTY_LK-6_KU-61_001_001','Ethagala Rock',NULL,'Prominent elephant-shaped rock formation overlooking the city with a Buddhist temple at its summit.','2025-05-03 10:21:19','2025-05-03 10:21:19',52),(170,6,'LOC_CTY_LK-6_KU-61_001_002','Kurunegala Lake',NULL,'Scenic man-made lake in the heart of the city with walking paths and recreational areas.','2025-05-03 10:21:19','2025-05-03 10:21:19',52),(171,6,'LOC_CTY_LK-6_KU-61_001_003','Ibbagala Royal Cave Temple',NULL,'Ancient Buddhist cave temple with historical artifacts and religious significance.','2025-05-03 10:21:19','2025-05-03 10:21:19',52),(172,6,'LOC_CTY_LK-6_KU-61_002_001','Mahaweli River View Point',NULL,'Scenic lookout over Sri Lanka\'s longest river with breathtaking views.','2025-05-03 10:21:19','2025-05-03 10:21:19',53),(173,6,'LOC_CTY_LK-6_KU-61_002_002','Victoria Golf Club',NULL,'World-class 18-hole golf course set amidst mountains and the Mahaweli river.','2025-05-03 10:21:19','2025-05-03 10:21:19',53),(174,6,'LOC_CTY_LK-6_KU-61_002_003','Mahaweli Eco Park',NULL,'Conservation area showcasing the biodiversity of the Mahaweli river basin.','2025-05-03 10:21:19','2025-05-03 10:21:19',53),(175,6,'LOC_CTY_LK-6_KU-61_003_001','Ancient City of Polonnaruwa',NULL,'UNESCO World Heritage site with well-preserved ruins of the ancient garden-city.','2025-05-03 10:21:19','2025-05-03 10:21:19',54),(176,6,'LOC_CTY_LK-6_KU-61_003_002','Gal Vihara',NULL,'Rock temple with four impressive Buddha statues carved from a single granite rock.','2025-05-03 10:21:19','2025-05-03 10:21:19',54),(177,6,'LOC_CTY_LK-6_KU-61_003_003','Parakrama Samudra',NULL,'Massive ancient irrigation tank built by King Parakramabahu the Great.','2025-05-03 10:21:19','2025-05-03 10:21:19',54),(178,6,'LOC_CTY_LK-6_KU-61_004_001','Dambulla Cave Temple',NULL,'UNESCO World Heritage site with five caves containing Buddhist mural paintings and statues.','2025-05-03 10:21:19','2025-05-03 10:21:19',55),(179,6,'LOC_CTY_LK-6_KU-61_004_002','Ibbankatuwa Megalithic Tombs',NULL,'Ancient burial site dating back to the Iron Age with archaeological significance.','2025-05-03 10:21:19','2025-05-03 10:21:19',55),(180,6,'LOC_CTY_LK-6_KU-61_004_003','Dambulla Dedicated Economic Centre',NULL,'Sri Lanka\'s largest wholesale market for vegetables and fruits with vibrant trading activity.','2025-05-03 10:21:19','2025-05-03 10:21:19',55),(181,6,'LOC_CTY_LK-6_PU-62_001_001','Kalpitiya Beach',NULL,'Pristine beach area known for kitesurfing, dolphin watching and marine diversity.','2025-05-03 10:21:19','2025-05-03 10:21:19',56),(182,6,'LOC_CTY_LK-6_PU-62_001_002','Dutch Fort Puttalam',NULL,'Colonial-era fortification with historical significance to Sri Lanka\'s colonial past.','2025-05-03 10:21:19','2025-05-03 10:21:19',56),(183,6,'LOC_CTY_LK-6_PU-62_001_003','Thalawila Church',NULL,'Historic St. Anne\'s Church, a famous Catholic pilgrimage site dating back to the 17th century.','2025-05-03 10:21:19','2025-05-03 10:21:19',56),(184,6,'LOC_CTY_LK-6_PU-62_002_001','Munneswaram Temple',NULL,'Ancient Hindu temple complex dating back over 1000 years with vibrant festivals.','2025-05-03 10:21:19','2025-05-03 10:21:19',57),(185,6,'LOC_CTY_LK-6_PU-62_002_002','Chilaw Lagoon',NULL,'Expansive coastal lagoon ideal for boat tours and birdwatching.','2025-05-03 10:21:19','2025-05-03 10:21:19',57),(186,6,'LOC_CTY_LK-6_PU-62_002_003','St. Mary\'s Cathedral',NULL,'Impressive Catholic cathedral with beautiful architecture and religious significance.','2025-05-03 10:21:19','2025-05-03 10:21:19',57),(187,6,'LOC_CTY_LK-6_PU-62_003_001','Sri Maha Bodhi',NULL,'Sacred fig tree believed to be grown from a cutting of the original Bodhi tree under which Buddha attained enlightenment.','2025-05-03 10:21:19','2025-05-03 10:21:19',58),(188,6,'LOC_CTY_LK-6_PU-62_003_002','Ruwanwelisaya Stupa',NULL,'Ancient dagoba built by King Dutugemunu, standing at 103 meters in height.','2025-05-03 10:21:19','2025-05-03 10:21:19',58),(189,6,'LOC_CTY_LK-6_PU-62_003_003','Abhayagiri Vihra',NULL,'Massive monastic complex once housing thousands of monks, with impressive ruins spanning a vast area.','2025-05-03 10:21:19','2025-05-03 10:21:19',58),(190,6,'LOC_CTY_LK-7_AN-71_001_001','Sri Maha Bodhi',NULL,'Sacred fig tree believed to be grown from a cutting of the original Bodhi tree under which Buddha attained enlightenment.','2025-05-03 10:21:19','2025-05-03 10:21:19',59),(191,6,'LOC_CTY_LK-7_AN-71_001_002','Ruwanwelisaya Stupa',NULL,'Ancient dagoba built by King Dutugemunu, standing at 103 meters in height.','2025-05-03 10:21:19','2025-05-03 10:21:19',59),(192,6,'LOC_CTY_LK-7_AN-71_001_003','Abhayagiri Vihra',NULL,'Massive monastic complex once housing thousands of monks, with impressive ruins spanning a vast area.','2025-05-03 10:21:19','2025-05-03 10:21:19',59),(193,6,'LOC_CTY_LK-7_AN-71_002_001','Ancient City of Polonnaruwa',NULL,'UNESCO World Heritage site with well-preserved ruins of the ancient garden-city.','2025-05-03 10:21:19','2025-05-03 10:21:19',60),(194,6,'LOC_CTY_LK-7_AN-71_002_002','Gal Vihara',NULL,'Rock temple with four impressive Buddha statues carved from a single granite rock.','2025-05-03 10:21:19','2025-05-03 10:21:19',60),(195,6,'LOC_CTY_LK-7_AN-71_002_003','Parakrama Samudra',NULL,'Massive ancient irrigation tank built by King Parakramabahu the Great.','2025-05-03 10:21:19','2025-05-03 10:21:19',60),(196,6,'LOC_CTY_LK-7_AN-71_003_001','Mihintale Mountain',NULL,'Sacred mountain considered the birthplace of Buddhism in Sri Lanka with numerous religious monuments.','2025-05-03 10:21:19','2025-05-03 10:21:19',61),(197,6,'LOC_CTY_LK-7_AN-71_003_002','Kantaka Cetiya',NULL,'Ancient stupa dating back to the 1st century BC with unique architectural features.','2025-05-03 10:21:19','2025-05-03 10:21:19',61),(198,6,'LOC_CTY_LK-7_AN-71_003_003','Mihintale Hospital Ruins',NULL,'Archaeological site of one of the oldest hospitals in the world dating back to the 9th century.','2025-05-03 10:21:19','2025-05-03 10:21:19',61),(199,6,'LOC_CTY_LK-7_AN-71_004_001','Dambulla Cave Temple',NULL,'UNESCO World Heritage site with five caves containing Buddhist mural paintings and statues.','2025-05-03 10:21:19','2025-05-03 10:21:19',62),(200,6,'LOC_CTY_LK-7_AN-71_004_002','Ibbankatuwa Megalithic Tombs',NULL,'Ancient burial site dating back to the Iron Age with archaeological significance.','2025-05-03 10:21:19','2025-05-03 10:21:19',62),(201,6,'LOC_CTY_LK-7_AN-71_004_003','Dambulla Dedicated Economic Centre',NULL,'Sri Lanka\'s largest wholesale market for vegetables and fruits with vibrant trading activity.','2025-05-03 10:21:19','2025-05-03 10:21:19',62),(202,6,'LOC_CTY_LK-7_PO-72_001_001','Ancient City of Polonnaruwa',NULL,'UNESCO World Heritage site with well-preserved ruins of the ancient garden-city.','2025-05-03 10:21:19','2025-05-03 10:21:19',63),(203,6,'LOC_CTY_LK-7_PO-72_001_002','Gal Vihara',NULL,'Rock temple with four impressive Buddha statues carved from a single granite rock.','2025-05-03 10:21:19','2025-05-03 10:21:19',63),(204,6,'LOC_CTY_LK-7_PO-72_001_003','Parakrama Samudra',NULL,'Massive ancient irrigation tank built by King Parakramabahu the Great.','2025-05-03 10:21:19','2025-05-03 10:21:19',63),(205,6,'LOC_CTY_LK-7_PO-72_002_001','Mihintale Mountain',NULL,'Sacred mountain considered the birthplace of Buddhism in Sri Lanka with numerous religious monuments.','2025-05-03 10:21:19','2025-05-03 10:21:19',64),(206,6,'LOC_CTY_LK-7_PO-72_002_002','Kantaka Cetiya',NULL,'Ancient stupa dating back to the 1st century BC with unique architectural features.','2025-05-03 10:21:19','2025-05-03 10:21:19',64),(207,6,'LOC_CTY_LK-7_PO-72_002_003','Mihintale Hospital Ruins',NULL,'Archaeological site of one of the oldest hospitals in the world dating back to the 9th century.','2025-05-03 10:21:19','2025-05-03 10:21:19',64),(208,6,'LOC_CTY_LK-7_PO-72_003_001','Dambulla Cave Temple',NULL,'UNESCO World Heritage site with five caves containing Buddhist mural paintings and statues.','2025-05-03 10:21:19','2025-05-03 10:21:19',65),(209,6,'LOC_CTY_LK-7_PO-72_003_002','Ibbankatuwa Megalithic Tombs',NULL,'Ancient burial site dating back to the Iron Age with archaeological significance.','2025-05-03 10:21:19','2025-05-03 10:21:19',65),(210,6,'LOC_CTY_LK-7_PO-72_003_003','Dambulla Dedicated Economic Centre',NULL,'Sri Lanka\'s largest wholesale market for vegetables and fruits with vibrant trading activity.','2025-05-03 10:21:19','2025-05-03 10:21:19',65),(211,6,'LOC_CTY_LK-4_JF-41_001_001','Nallur Kandaswamy Temple',NULL,'Prominent Hindu temple with ornate architecture and religious importance to Tamil culture.','2025-05-03 10:21:19','2025-05-03 10:21:19',66),(212,6,'LOC_CTY_LK-4_JF-41_001_002','Jaffna Fort',NULL,'Portuguese-Dutch colonial fort with massive walls and historical significance.','2025-05-03 10:21:19','2025-05-03 10:21:19',66),(213,6,'LOC_CTY_LK-4_JF-41_001_003','Jaffna Public Library',NULL,'Iconic building with historical significance, containing rare Tamil manuscripts and literature.','2025-05-03 10:21:19','2025-05-03 10:21:19',66),(214,6,'LOC_CTY_LK-4_JF-41_002_001','Vavuniya Tank',NULL,'Ancient irrigation reservoir offering scenic views and bird watching opportunities.','2025-05-03 10:21:19','2025-05-03 10:21:19',67),(215,6,'LOC_CTY_LK-4_JF-41_002_002','Vavuniya Archaeological Museum',NULL,'Museum showcasing artifacts from the ancient civilizations of the region.','2025-05-03 10:21:19','2025-05-03 10:21:19',67),(216,6,'LOC_CTY_LK-4_JF-41_002_003','Madukanda Vihara',NULL,'Ancient Buddhist temple with historical significance and religious artifacts.','2025-05-03 10:21:19','2025-05-03 10:21:19',67),(217,6,'LOC_CTY_LK-4_JF-41_003_001','Water Tower Monument',NULL,'War memorial depicting the fallen water tower, symbolizing the civil war history.','2025-05-03 10:21:19','2025-05-03 10:21:19',68),(218,6,'LOC_CTY_LK-4_JF-41_003_002','Kilinochchi Market',NULL,'Vibrant local market showcasing the agricultural produce of the northern region.','2025-05-03 10:21:19','2025-05-03 10:21:19',68),(219,6,'LOC_CTY_LK-4_JF-41_003_003','Iranamadu Tank',NULL,'Large irrigation reservoir with bird watching opportunities and scenic views.','2025-05-03 10:21:19','2025-05-03 10:21:19',68),(220,6,'LOC_CTY_LK-4_JF-41_004_001','Mannar Fort',NULL,'Portuguese-built fort later occupied by the Dutch, with well-preserved walls and structures.','2025-05-03 10:21:19','2025-05-03 10:21:19',69),(221,6,'LOC_CTY_LK-4_JF-41_004_002','Talaimannar Pier',NULL,'Historic pier that once connected Sri Lanka to India via the Indo-Ceylon railway.','2025-05-03 10:21:19','2025-05-03 10:21:19',69),(222,6,'LOC_CTY_LK-4_JF-41_004_003','Thiruketheeswaram Temple',NULL,'Ancient Hindu temple dedicated to Lord Shiva, believed to be over 2500 years old.','2025-05-03 10:21:19','2025-05-03 10:21:19',69),(223,6,'LOC_CTY_LK-4_VA-43_001_001','Vavuniya Tank',NULL,'Ancient irrigation reservoir offering scenic views and bird watching opportunities.','2025-05-03 10:21:19','2025-05-03 10:21:19',70),(224,6,'LOC_CTY_LK-4_VA-43_001_002','Vavuniya Archaeological Museum',NULL,'Museum showcasing artifacts from the ancient civilizations of the region.','2025-05-03 10:21:19','2025-05-03 10:21:19',70),(225,6,'LOC_CTY_LK-4_VA-43_001_003','Madukanda Vihara',NULL,'Ancient Buddhist temple with historical significance and religious artifacts.','2025-05-03 10:21:19','2025-05-03 10:21:19',70),(226,6,'LOC_CTY_LK-4_VA-43_002_001','Water Tower Monument',NULL,'War memorial depicting the fallen water tower, symbolizing the civil war history.','2025-05-03 10:21:19','2025-05-03 10:21:19',71),(227,6,'LOC_CTY_LK-4_VA-43_002_002','Kilinochchi Market',NULL,'Vibrant local market showcasing the agricultural produce of the northern region.','2025-05-03 10:21:19','2025-05-03 10:21:19',71),(228,6,'LOC_CTY_LK-4_VA-43_002_003','Iranamadu Tank',NULL,'Large irrigation reservoir with bird watching opportunities and scenic views.','2025-05-03 10:21:19','2025-05-03 10:21:19',71),(229,6,'LOC_CTY_LK-4_VA-43_003_001','Mannar Fort',NULL,'Portuguese-built fort later occupied by the Dutch, with well-preserved walls and structures.','2025-05-03 10:21:19','2025-05-03 10:21:19',72),(230,6,'LOC_CTY_LK-4_VA-43_003_002','Talaimannar Pier',NULL,'Historic pier that once connected Sri Lanka to India via the Indo-Ceylon railway.','2025-05-03 10:21:19','2025-05-03 10:21:19',72),(231,6,'LOC_CTY_LK-4_VA-43_003_003','Thiruketheeswaram Temple',NULL,'Ancient Hindu temple dedicated to Lord Shiva, believed to be over 2500 years old.','2025-05-03 10:21:19','2025-05-03 10:21:19',72),(232,6,'LOC_CTY_LK-4_KI-45_001_001','Water Tower Monument',NULL,'War memorial depicting the fallen water tower, symbolizing the civil war history.','2025-05-03 10:21:19','2025-05-03 10:21:19',73),(233,6,'LOC_CTY_LK-4_KI-45_001_002','Kilinochchi Market',NULL,'Vibrant local market showcasing the agricultural produce of the northern region.','2025-05-03 10:21:19','2025-05-03 10:21:19',73),(234,6,'LOC_CTY_LK-4_KI-45_001_003','Iranamadu Tank',NULL,'Large irrigation reservoir with bird watching opportunities and scenic views.','2025-05-03 10:21:19','2025-05-03 10:21:19',73),(235,6,'LOC_CTY_LK-4_KI-45_002_001','Mannar Fort',NULL,'Portuguese-built fort later occupied by the Dutch, with well-preserved walls and structures.','2025-05-03 10:21:19','2025-05-03 10:21:19',74),(236,6,'LOC_CTY_LK-4_KI-45_002_002','Talaimannar Pier',NULL,'Historic pier that once connected Sri Lanka to India via the Indo-Ceylon railway.','2025-05-03 10:21:19','2025-05-03 10:21:19',74),(237,6,'LOC_CTY_LK-4_KI-45_002_003','Thiruketheeswaram Temple',NULL,'Ancient Hindu temple dedicated to Lord Shiva, believed to be over 2500 years old.','2025-05-03 10:21:19','2025-05-03 10:21:19',74),(238,6,'LOC_CTY_LK-4_MN-24_001_001','Mannar Fort',NULL,'Portuguese-built fort later occupied by the Dutch, with well-preserved walls and structures.','2025-05-03 10:21:19','2025-05-03 10:21:19',75),(239,6,'LOC_CTY_LK-4_MN-24_001_002','Talaimannar Pier',NULL,'Historic pier that once connected Sri Lanka to India via the Indo-Ceylon railway.','2025-05-03 10:21:19','2025-05-03 10:21:19',75),(240,6,'LOC_CTY_LK-4_MN-24_001_003','Thiruketheeswaram Temple',NULL,'Ancient Hindu temple dedicated to Lord Shiva, believed to be over 2500 years old.','2025-05-03 10:21:19','2025-05-03 10:21:19',75),(241,6,'LOC_CTY_LK-5_BA-51_001_001','Batticaloa Lagoon',NULL,'Scenic lagoon famous for the \'singing fish\' phenomenon and water activities.','2025-05-03 10:21:19','2025-05-03 10:21:19',76),(242,6,'LOC_CTY_LK-5_BA-51_001_002','Batticaloa Fort',NULL,'Portuguese-Dutch colonial fort built in the 16th century with historical significance.','2025-05-03 10:21:19','2025-05-03 10:21:19',76),(243,6,'LOC_CTY_LK-5_BA-51_001_003','Kallady Bridge',NULL,'Historic bridge spanning the Batticaloa Lagoon with panoramic views.','2025-05-03 10:21:19','2025-05-03 10:21:19',76),(244,6,'LOC_CTY_LK-5_BA-51_002_001','Koneswaram Temple',NULL,'Ancient Hindu cliff temple dedicated to Lord Shiva with spectacular ocean views from Swami Rock.','2025-05-03 10:21:19','2025-05-03 10:21:19',77),(245,6,'LOC_CTY_LK-5_BA-51_002_002','Trincomalee Harbor',NULL,'One of the world\'s finest natural harbors with deep-water port facilities.','2025-05-03 10:21:19','2025-05-03 10:21:19',77),(246,6,'LOC_CTY_LK-5_BA-51_002_003','Fort Frederick',NULL,'Historic fort built by Portuguese and later occupied by Dutch and British forces.','2025-05-03 10:21:19','2025-05-03 10:21:19',77),(247,6,'LOC_CTY_LK-5_BA-51_003_001','Gal Oya National Park',NULL,'Wildlife sanctuary around Sri Lanka\'s largest reservoir, home to elephants and diverse wildlife.','2025-05-03 10:21:19','2025-05-03 10:21:19',78),(248,6,'LOC_CTY_LK-5_BA-51_003_002','Ampara Tank',NULL,'Ancient man-made reservoir that continues to serve agricultural irrigation.','2025-05-03 10:21:19','2025-05-03 10:21:19',78),(249,6,'LOC_CTY_LK-5_BA-51_003_003','Buddhangala Forest Hermitage',NULL,'Ancient Buddhist monastery dating back to the 2nd century BC with rock-cut caves.','2025-05-03 10:21:19','2025-05-03 10:21:19',78),(250,6,'LOC_CTY_LK-5_BA-51_004_001','Pasikuda Beach',NULL,'Shallow coral-filled bay with crystal clear waters perfect for swimming and snorkeling.','2025-05-03 10:21:19','2025-05-03 10:21:19',79),(251,6,'LOC_CTY_LK-5_BA-51_004_002','Kalkudah Beach',NULL,'Long stretch of golden sand adjacent to Pasikuda, known for its unspoiled beauty.','2025-05-03 10:21:19','2025-05-03 10:21:19',79),(252,6,'LOC_CTY_LK-5_BA-51_004_003','Coconut Cultural Park',NULL,'Educational center showcasing the traditional uses and importance of coconut in Sri Lankan culture.','2025-05-03 10:21:19','2025-05-03 10:21:19',79),(253,6,'LOC_CTY_LK-5_TR-53_001_001','Koneswaram Temple',NULL,'Ancient Hindu cliff temple dedicated to Lord Shiva with spectacular ocean views from Swami Rock.','2025-05-03 10:21:19','2025-05-03 10:21:19',80),(254,6,'LOC_CTY_LK-5_TR-53_001_002','Trincomalee Harbor',NULL,'One of the world\'s finest natural harbors with deep-water port facilities.','2025-05-03 10:21:19','2025-05-03 10:21:19',80),(255,6,'LOC_CTY_LK-5_TR-53_001_003','Fort Frederick',NULL,'Historic fort built by Portuguese and later occupied by Dutch and British forces.','2025-05-03 10:21:19','2025-05-03 10:21:19',80),(256,6,'LOC_CTY_LK-5_TR-53_002_001','Batticaloa Lagoon',NULL,'Scenic lagoon famous for the \'singing fish\' phenomenon and water activities.','2025-05-03 10:21:19','2025-05-03 10:21:19',81),(257,6,'LOC_CTY_LK-5_TR-53_002_002','Batticaloa Fort',NULL,'Portuguese-Dutch colonial fort built in the 16th century with historical significance.','2025-05-03 10:21:19','2025-05-03 10:21:19',81),(258,6,'LOC_CTY_LK-5_TR-53_002_003','Kallady Bridge',NULL,'Historic bridge spanning the Batticaloa Lagoon with panoramic views.','2025-05-03 10:21:19','2025-05-03 10:21:19',81),(259,6,'LOC_CTY_LK-5_TR-53_003_001','Gal Oya National Park',NULL,'Wildlife sanctuary around Sri Lanka\'s largest reservoir, home to elephants and diverse wildlife.','2025-05-03 10:21:19','2025-05-03 10:21:19',82),(260,6,'LOC_CTY_LK-5_TR-53_003_002','Ampara Tank',NULL,'Ancient man-made reservoir that continues to serve agricultural irrigation.','2025-05-03 10:21:19','2025-05-03 10:21:19',82),(261,6,'LOC_CTY_LK-5_TR-53_003_003','Buddhangala Forest Hermitage',NULL,'Ancient Buddhist monastery dating back to the 2nd century BC with rock-cut caves.','2025-05-03 10:21:19','2025-05-03 10:21:19',82),(262,6,'LOC_CTY_LK-5_TR-53_004_001','Pasikuda Beach',NULL,'Shallow coral-filled bay with crystal clear waters perfect for swimming and snorkeling.','2025-05-03 10:21:19','2025-05-03 10:21:19',83),(263,6,'LOC_CTY_LK-5_TR-53_004_002','Kalkudah Beach',NULL,'Long stretch of golden sand adjacent to Pasikuda, known for its unspoiled beauty.','2025-05-03 10:21:19','2025-05-03 10:21:19',83),(264,6,'LOC_CTY_LK-5_TR-53_004_003','Coconut Cultural Park',NULL,'Educational center showcasing the traditional uses and importance of coconut in Sri Lankan culture.','2025-05-03 10:21:19','2025-05-03 10:21:19',83),(265,6,'LOC_CTY_LK-5_AM-52_001_001','Gal Oya National Park',NULL,'Wildlife sanctuary around Sri Lanka\'s largest reservoir, home to elephants and diverse wildlife.','2025-05-03 10:21:19','2025-05-03 10:21:19',84),(266,6,'LOC_CTY_LK-5_AM-52_001_002','Ampara Tank',NULL,'Ancient man-made reservoir that continues to serve agricultural irrigation.','2025-05-03 10:21:19','2025-05-03 10:21:19',84),(267,6,'LOC_CTY_LK-5_AM-52_001_003','Buddhangala Forest Hermitage',NULL,'Ancient Buddhist monastery dating back to the 2nd century BC with rock-cut caves.','2025-05-03 10:21:19','2025-05-03 10:21:19',84),(268,6,'LOC_CTY_LK-5_AM-52_002_001','Batticaloa Lagoon',NULL,'Scenic lagoon famous for the \'singing fish\' phenomenon and water activities.','2025-05-03 10:21:19','2025-05-03 10:21:19',85),(269,6,'LOC_CTY_LK-5_AM-52_002_002','Batticaloa Fort',NULL,'Portuguese-Dutch colonial fort built in the 16th century with historical significance.','2025-05-03 10:21:19','2025-05-03 10:21:19',85),(270,6,'LOC_CTY_LK-5_AM-52_002_003','Kallady Bridge',NULL,'Historic bridge spanning the Batticaloa Lagoon with panoramic views.','2025-05-03 10:21:19','2025-05-03 10:21:19',85),(271,6,'LOC_CTY_LK-5_AM-52_003_001','Koneswaram Temple',NULL,'Ancient Hindu cliff temple dedicated to Lord Shiva with spectacular ocean views from Swami Rock.','2025-05-03 10:21:19','2025-05-03 10:21:19',86),(272,6,'LOC_CTY_LK-5_AM-52_003_002','Trincomalee Harbor',NULL,'One of the world\'s finest natural harbors with deep-water port facilities.','2025-05-03 10:21:19','2025-05-03 10:21:19',86),(273,6,'LOC_CTY_LK-5_AM-52_003_003','Fort Frederick',NULL,'Historic fort built by Portuguese and later occupied by Dutch and British forces.','2025-05-03 10:21:19','2025-05-03 10:21:19',86),(274,6,'LOC_CTY_LK-5_AM-52_004_001','Pasikuda Beach',NULL,'Shallow coral-filled bay with crystal clear waters perfect for swimming and snorkeling.','2025-05-03 10:21:19','2025-05-03 10:21:19',87),(275,6,'LOC_CTY_LK-5_AM-52_004_002','Kalkudah Beach',NULL,'Long stretch of golden sand adjacent to Pasikuda, known for its unspoiled beauty.','2025-05-03 10:21:19','2025-05-03 10:21:19',87),(276,6,'LOC_CTY_LK-5_AM-52_004_003','Coconut Cultural Park',NULL,'Educational center showcasing the traditional uses and importance of coconut in Sri Lankan culture.','2025-05-03 10:21:19','2025-05-03 10:21:19',87),(277,6,'LOC_CTY_LK-8_BA-81_001_001','Dunhinda Falls',NULL,'Spectacular 63-meter waterfall nicknamed \'Bridal Falls\' due to its white spray.','2025-05-03 10:21:19','2025-05-03 10:21:19',88),(278,6,'LOC_CTY_LK-8_BA-81_001_002','Muthiyangana Raja Maha Vihara',NULL,'Ancient Buddhist temple believed to have been visited by Buddha himself.','2025-05-03 10:21:19','2025-05-03 10:21:19',88),(279,6,'LOC_CTY_LK-8_BA-81_001_003','Badulla Railway Station',NULL,'Historic terminus of the colonial-era mountain railway line with unique architecture.','2025-05-03 10:21:19','2025-05-03 10:21:19',88),(280,6,'LOC_CTY_LK-8_BA-81_002_001','Bandarawela Park',NULL,'Central urban park with beautiful flower gardens and recreational facilities.','2025-05-03 10:21:19','2025-05-03 10:21:19',89),(281,6,'LOC_CTY_LK-8_BA-81_002_002','Dowa Ancient Rock Temple',NULL,'12th century temple featuring a large unfinished Buddha statue carved into the rock face.','2025-05-03 10:21:19','2025-05-03 10:21:19',89),(282,6,'LOC_CTY_LK-8_BA-81_002_003','Bandarawela Railway Station',NULL,'Colonial-era railway station known for its architecture and position on the scenic hill country railway line.','2025-05-03 10:21:19','2025-05-03 10:21:19',89),(283,6,'LOC_CTY_LK-8_BA-81_003_001','Lipton\'s Seat',NULL,'Scenic viewpoint where Sir Thomas Lipton used to survey his tea empire, offering breathtaking panoramas.','2025-05-03 10:21:19','2025-05-03 10:21:19',90),(284,6,'LOC_CTY_LK-8_BA-81_003_002','Adisham Bungalow',NULL,'Tudor-style mansion built by British tea planter Sir Thomas Villiers, now a monastery and heritage site.','2025-05-03 10:21:19','2025-05-03 10:21:19',90),(285,6,'LOC_CTY_LK-8_BA-81_003_003','Dambatenne Tea Factory',NULL,'Historic tea factory established by Sir Thomas Lipton in 1890, still producing fine Ceylon tea.','2025-05-03 10:21:19','2025-05-03 10:21:19',90),(286,6,'LOC_CTY_LK-8_BA-81_004_001','Gregory Lake',NULL,'Scenic man-made lake created during the British colonial era, offering boating and water sports.','2025-05-03 10:21:19','2025-05-03 10:21:19',91),(287,6,'LOC_CTY_LK-8_BA-81_004_002','Victoria Park',NULL,'Well-maintained garden park with rare bird species and seasonal flower displays.','2025-05-03 10:21:19','2025-05-03 10:21:19',91),(288,6,'LOC_CTY_LK-8_BA-81_004_003','Pedro Tea Estate',NULL,'Historic tea plantation offering factory tours and insight into tea production processes.','2025-05-03 10:21:19','2025-05-03 10:21:19',91),(289,6,'LOC_CTY_LK-8_MO-82_001_001','Yala National Park Eastern Entrance',NULL,'Less crowded access point to Sri Lanka\'s most famous wildlife reserve known for leopards.','2025-05-03 10:21:19','2025-05-03 10:21:19',92),(290,6,'LOC_CTY_LK-8_MO-82_001_002','Buddhangala Temple',NULL,'Ancient Buddhist monastery with rock caves and panoramic mountain views.','2025-05-03 10:21:19','2025-05-03 10:21:19',92),(291,6,'LOC_CTY_LK-8_MO-82_001_003','Maligawila Buddha Statue',NULL,'Largest free-standing ancient Buddha statue in Sri Lanka, carved from a single limestone rock.','2025-05-03 10:21:19','2025-05-03 10:21:19',92),(292,6,'LOC_CTY_LK-8_MO-82_002_001','Bandarawela Park',NULL,'Central urban park with beautiful flower gardens and recreational facilities.','2025-05-03 10:21:19','2025-05-03 10:21:19',93),(293,6,'LOC_CTY_LK-8_MO-82_002_002','Dowa Ancient Rock Temple',NULL,'12th century temple featuring a large unfinished Buddha statue carved into the rock face.','2025-05-03 10:21:19','2025-05-03 10:21:19',93),(294,6,'LOC_CTY_LK-8_MO-82_002_003','Bandarawela Railway Station',NULL,'Colonial-era railway station known for its architecture and position on the scenic hill country railway line.','2025-05-03 10:21:19','2025-05-03 10:21:19',93),(295,6,'LOC_CTY_LK-8_MO-82_003_001','Lipton\'s Seat',NULL,'Scenic viewpoint where Sir Thomas Lipton used to survey his tea empire, offering breathtaking panoramas.','2025-05-03 10:21:19','2025-05-03 10:21:19',94),(296,6,'LOC_CTY_LK-8_MO-82_003_002','Adisham Bungalow',NULL,'Tudor-style mansion built by British tea planter Sir Thomas Villiers, now a monastery and heritage site.','2025-05-03 10:21:19','2025-05-03 10:21:19',94),(297,6,'LOC_CTY_LK-8_MO-82_003_003','Dambatenne Tea Factory',NULL,'Historic tea factory established by Sir Thomas Lipton in 1890, still producing fine Ceylon tea.','2025-05-03 10:21:19','2025-05-03 10:21:19',94),(298,6,'LOC_CTY_LK-9_RA-91_001_001','Sinharaja Forest Reserve',NULL,'UNESCO World Heritage Site and biodiversity hotspot, home to many endemic species.','2025-05-03 10:21:19','2025-05-03 10:21:19',95),(299,6,'LOC_CTY_LK-9_RA-91_001_002','Ratnapura National Museum',NULL,'Museum showcasing the gem mining heritage of the region with examples of precious stones.','2025-05-03 10:21:19','2025-05-03 10:21:19',95),(300,6,'LOC_CTY_LK-9_RA-91_001_003','Sri Pada (Adam\'s Peak)',NULL,'Sacred mountain with a footprint-shaped marking revered by multiple religions.','2025-05-03 10:21:19','2025-05-03 10:21:19',95),(301,6,'LOC_CTY_LK-9_RA-91_002_001','Pinnawala Elephant Orphanage',NULL,'Conservation center for orphaned elephants, allowing visitors to observe feedings and bathing.','2025-05-03 10:21:19','2025-05-03 10:21:19',96),(302,6,'LOC_CTY_LK-9_RA-91_002_002','Ambuluwawa Tower',NULL,'Multi-religious tower with panoramic views of the central highlands.','2025-05-03 10:21:19','2025-05-03 10:21:19',96),(303,6,'LOC_CTY_LK-9_RA-91_002_003','Galapitamada Prehistoric Cave',NULL,'Archaeological site with evidence of prehistoric human habitation.','2025-05-03 10:21:19','2025-05-03 10:21:19',96),(304,6,'LOC_CTY_LK-9_RA-91_003_001','Kelani River',NULL,'Popular white water rafting location and filming site for \'The Bridge on the River Kwai\'.','2025-05-03 10:21:19','2025-05-03 10:21:19',97),(305,6,'LOC_CTY_LK-9_RA-91_003_002','Kitulgala Forest Reserve',NULL,'Rainforest area with diverse bird species and nature trails.','2025-05-03 10:21:19','2025-05-03 10:21:19',97),(306,6,'LOC_CTY_LK-9_RA-91_003_003','Belilena Cave',NULL,'Prehistoric cave where 12,000-year-old human skeletal remains were discovered.','2025-05-03 10:21:19','2025-05-03 10:21:19',97),(307,6,'LOC_CTY_LK-9_RA-91_004_001','Embekka Wooden Temple',NULL,'Famous for intricate wood carvings considered among the finest in Sri Lanka.','2025-05-03 10:21:19','2025-05-03 10:21:19',98),(308,6,'LOC_CTY_LK-9_RA-91_004_002','Hanguranketha Palace Ruins',NULL,'Remains of a royal palace from the Kandyan kingdom era.','2025-05-03 10:21:19','2025-05-03 10:21:19',98),(309,6,'LOC_CTY_LK-9_RA-91_004_003','Gadaladeniya Temple',NULL,'Ancient Buddhist temple with South Indian architectural influence.','2025-05-03 10:21:19','2025-05-03 10:21:19',98),(310,6,'LOC_CTY_LK-9_KE-92_001_001','Pinnawala Elephant Orphanage',NULL,'Conservation center for orphaned elephants, allowing visitors to observe feedings and bathing.','2025-05-03 10:21:19','2025-05-03 10:21:19',99),(311,6,'LOC_CTY_LK-9_KE-92_001_002','Ambuluwawa Tower',NULL,'Multi-religious tower with panoramic views of the central highlands.','2025-05-03 10:21:19','2025-05-03 10:21:19',99),(312,6,'LOC_CTY_LK-9_KE-92_001_003','Galapitamada Prehistoric Cave',NULL,'Archaeological site with evidence of prehistoric human habitation.','2025-05-03 10:21:19','2025-05-03 10:21:19',99),(313,6,'LOC_CTY_LK-9_KE-92_002_001','Kelani River',NULL,'Popular white water rafting location and filming site for \'The Bridge on the River Kwai\'.','2025-05-03 10:21:19','2025-05-03 10:21:19',100),(314,6,'LOC_CTY_LK-9_KE-92_002_002','Kitulgala Forest Reserve',NULL,'Rainforest area with diverse bird species and nature trails.','2025-05-03 10:21:19','2025-05-03 10:21:19',100),(315,6,'LOC_CTY_LK-9_KE-92_002_003','Belilena Cave',NULL,'Prehistoric cave where 12,000-year-old human skeletal remains were discovered.','2025-05-03 10:21:19','2025-05-03 10:21:19',100),(316,6,'LOC_CTY_LK-9_KE-92_003_001','Embekka Wooden Temple',NULL,'Famous for intricate wood carvings considered among the finest in Sri Lanka.','2025-05-03 10:21:19','2025-05-03 10:21:19',101),(317,6,'LOC_CTY_LK-9_KE-92_003_002','Hanguranketha Palace Ruins',NULL,'Remains of a royal palace from the Kandyan kingdom era.','2025-05-03 10:21:19','2025-05-03 10:21:19',101),(318,6,'LOC_CTY_LK-9_KE-92_003_003','Gadaladeniya Temple',NULL,'Ancient Buddhist temple with South Indian architectural influence.','2025-05-03 10:21:19','2025-05-03 10:21:19',101);
/*!40000 ALTER TABLE `location` ENABLE KEYS */;
UNLOCK TABLES;

--
-- Table structure for table `locationtype`
--

DROP TABLE IF EXISTS `locationtype`;
/*!40101 SET @saved_cs_client     = @@character_set_client */;
/*!50503 SET character_set_client = utf8mb4 */;
CREATE TABLE `locationtype` (
  `id` int NOT NULL AUTO_INCREMENT,
  `name` varchar(45) DEFAULT NULL,
  PRIMARY KEY (`id`)
) ENGINE=InnoDB AUTO_INCREMENT=5 DEFAULT CHARSET=utf8mb3;
/*!40101 SET character_set_client = @saved_cs_client */;

--
-- Dumping data for table `locationtype`
--

LOCK TABLES `locationtype` WRITE;
/*!40000 ALTER TABLE `locationtype` DISABLE KEYS */;
INSERT INTO `locationtype` VALUES (1,'City'),(2,'Location'),(3,'Airport'),(4,'Port');
/*!40000 ALTER TABLE `locationtype` ENABLE KEYS */;
UNLOCK TABLES;

--
-- Table structure for table `module`
--

DROP TABLE IF EXISTS `module`;
/*!40101 SET @saved_cs_client     = @@character_set_client */;
/*!50503 SET character_set_client = utf8mb4 */;
CREATE TABLE `module` (
  `id` int NOT NULL AUTO_INCREMENT,
  `name` varchar(45) DEFAULT NULL,
  PRIMARY KEY (`id`)
) ENGINE=InnoDB AUTO_INCREMENT=17 DEFAULT CHARSET=utf8mb3;
/*!40101 SET character_set_client = @saved_cs_client */;

--
-- Dumping data for table `module`
--

LOCK TABLES `module` WRITE;
/*!40000 ALTER TABLE `module` DISABLE KEYS */;
INSERT INTO `module` VALUES (1,'Employee'),(2,'User'),(3,'Operation'),(4,'Privilege'),(5,'Supplier'),(6,'Setup Details'),(7,'Accommodation'),(8,'City'),(9,'Location'),(10,'Transfer'),(11,'Generic'),(12,'Client'),(13,'Package'),(14,'Booking'),(15,'Client Payment'),(16,'Supplier Payment');
/*!40000 ALTER TABLE `module` ENABLE KEYS */;
UNLOCK TABLES;

--
-- Table structure for table `operation`
--

DROP TABLE IF EXISTS `operation`;
/*!40101 SET @saved_cs_client     = @@character_set_client */;
/*!50503 SET character_set_client = utf8mb4 */;
CREATE TABLE `operation` (
  `id` int NOT NULL AUTO_INCREMENT,
  `display_name` varchar(45) DEFAULT NULL,
  `operation` varchar(45) DEFAULT NULL,
  `module_id` int DEFAULT NULL,
  PRIMARY KEY (`id`),
  KEY `fk_operation_module1_idx` (`module_id`),
  CONSTRAINT `fk_operation_module1` FOREIGN KEY (`module_id`) REFERENCES `module` (`id`)
) ENGINE=InnoDB AUTO_INCREMENT=70 DEFAULT CHARSET=utf8mb3;
/*!40101 SET character_set_client = @saved_cs_client */;

--
-- Dumping data for table `operation`
--

LOCK TABLES `operation` WRITE;
/*!40000 ALTER TABLE `operation` DISABLE KEYS */;
INSERT INTO `operation` VALUES (1,'View records','select',1),(2,'Create new records','insert',1),(3,'Update records','update',1),(4,'Delete records','delete',1),(5,'View records','select',2),(6,'Create new records','insert',2),(7,'Update records','update',2),(8,'Delete records','delete',2),(9,'Lock accounts','lock',2),(10,'View records','select',3),(11,'Create new records','insert',3),(12,'Update records','update',3),(13,'Delete records','delete',3),(14,'View records','select',4),(15,'Create new records','insert',4),(16,'Update records','update',4),(17,'Delete records','delete',4),(18,'View records','select',5),(19,'Create new records','insert',5),(20,'Update records','update',5),(21,'Delete records','delete',5),(22,'View records','select',6),(23,'Create new records','insert',6),(24,'Update records','update',6),(25,'Delete records','delete',6),(26,'View records','select',7),(27,'Create new records','insert',7),(28,'Update records','update',7),(29,'Delete records','delete',7),(30,'View records','select',8),(31,'Create new records','insert',8),(32,'Update records','update',8),(33,'Delete records','delete',8),(34,'View records','select',9),(35,'Create new records','insert',9),(36,'Update records','update',9),(37,'Delete records','delete',9),(38,'View records','select',10),(39,'Create new records','insert',10),(40,'Update records','update',10),(41,'Delete records','delete',10),(42,'View records','select',11),(43,'Create new records','insert',11),(44,'Update records','update',11),(45,'Delete records','delete',11),(46,'View records','select',12),(47,'Create new records','insert',12),(48,'Update records','update',12),(49,'Delete records','delete',12),(50,'View records','select',13),(51,'Create new records','insert',13),(52,'Update records','update',13),(53,'Delete records','delete',13),(54,'View records','select',14),(55,'Create new records','insert',14),(56,'Update records','update',14),(57,'Delete records','delete',14),(58,'View records','select',15),(59,'Create new records','insert',15),(60,'Update records','update',15),(61,'Delete records','delete',15),(62,'View records','select',16),(63,'Create new records','insert',16),(64,'Update records','update',16),(65,'Delete records','delete',16);
/*!40000 ALTER TABLE `operation` ENABLE KEYS */;
UNLOCK TABLES;

--
-- Table structure for table `passenger`
--

DROP TABLE IF EXISTS `passenger`;
/*!40101 SET @saved_cs_client     = @@character_set_client */;
/*!50503 SET character_set_client = utf8mb4 */;
CREATE TABLE `passenger` (
  `id` int NOT NULL AUTO_INCREMENT,
  `code` varchar(23) DEFAULT NULL,
  `name` varchar(100) DEFAULT NULL,
  `age` int DEFAULT NULL,
  `customer_id` int NOT NULL,
  `relationship_id` int NOT NULL,
  `residenttype_id` int NOT NULL,
  `paxtype_id` int NOT NULL,
  PRIMARY KEY (`id`),
  UNIQUE KEY `code_UNIQUE` (`code`),
  KEY `fk_passenger_customer1_idx` (`customer_id`),
  KEY `fk_passenger_relationship1_idx` (`relationship_id`),
  KEY `fk_passenger_residenttype1_idx` (`residenttype_id`),
  KEY `fk_passenger_paxtype1_idx` (`paxtype_id`),
  CONSTRAINT `fk_passenger_customer1` FOREIGN KEY (`customer_id`) REFERENCES `customer` (`id`),
  CONSTRAINT `fk_passenger_paxtype1` FOREIGN KEY (`paxtype_id`) REFERENCES `paxtype` (`id`),
  CONSTRAINT `fk_passenger_relationship1` FOREIGN KEY (`relationship_id`) REFERENCES `relationship` (`id`),
  CONSTRAINT `fk_passenger_residenttype1` FOREIGN KEY (`residenttype_id`) REFERENCES `residenttype` (`id`)
) ENGINE=InnoDB AUTO_INCREMENT=73 DEFAULT CHARSET=utf8mb3;
/*!40101 SET character_set_client = @saved_cs_client */;

--
-- Dumping data for table `passenger`
--

LOCK TABLES `passenger` WRITE;
/*!40000 ALTER TABLE `passenger` DISABLE KEYS */;
INSERT INTO `passenger` VALUES (11,'CUS_25_0001_PAX_25_0001','Nipu',27,3,1,1,1),(12,'CUS_25_0001_PAX_25_0002','Ruki',25,3,2,1,1),(13,'CUS_25_0002_PAX_25_0001','Suneetha',35,4,1,1,1),(14,'CUS_25_0002_PAX_25_0003','Nimali',23,4,3,1,1),(15,'CUS_25_0002_PAX_25_0002','Prasad',28,4,3,1,1),(16,'CUS_25_0003_PAX_25_0003','Kamal',26,6,2,1,1),(17,'CUS_25_0003_PAX_25_0002','Sunil',28,6,2,1,1),(18,'CUS_25_0003_PAX_25_0005','Rani',23,6,3,1,2),(19,'CUS_25_0003_PAX_25_0001','Nimal',30,6,2,1,1),(20,'CUS_25_0003_PAX_25_0004','Lakshmi',25,6,3,1,2),(21,'CUS_25_0004_PAX_25_0002','Anusha',29,7,2,1,1),(22,'CUS_25_0004_PAX_25_0001','Chathura',32,7,1,1,1),(23,'CUS_25_0004_PAX_25_0005','Dilshan',22,7,3,1,2),(24,'CUS_25_0004_PAX_25_0003','Tharindu',27,7,2,1,1),(25,'CUS_25_0004_PAX_25_0004','Nadeesha',24,7,3,1,2),(26,'CUS_25_0004_PAX_25_0006','Kavindu',20,7,3,1,2),(27,'CUS_25_0005_PAX_25_0005','Nilan',17,8,3,1,2),(28,'CUS_25_0005_PAX_25_0006','Kusal',15,8,3,1,3),(29,'CUS_25_0005_PAX_25_0002','Suresh',33,8,2,1,1),(30,'CUS_25_0005_PAX_25_0003','Ruwan',31,8,2,1,1),(31,'CUS_25_0005_PAX_25_0001','Malini',35,8,1,1,1),(32,'CUS_25_0005_PAX_25_0004','Amali',19,8,3,1,2),(33,'CUS_25_0006_PAX_25_0002','Dinesh',30,9,2,1,1),(34,'CUS_25_0006_PAX_25_0003','Prasanna',28,9,2,1,1),(35,'CUS_25_0006_PAX_25_0001','Roshan',34,9,1,1,1),(36,'CUS_25_0006_PAX_25_0004','Sanduni',21,9,3,1,2),(37,'CUS_25_0006_PAX_25_0005','Hasitha',19,9,3,1,2),(38,'CUS_25_0007_PAX_25_0006','Asanka',14,10,3,1,3),(39,'CUS_25_0007_PAX_25_0001','Shantha',40,10,1,1,1),(40,'CUS_25_0007_PAX_25_0002','Ravi',38,10,2,1,1),(41,'CUS_25_0007_PAX_25_0005','Thilini',16,10,3,1,3),(42,'CUS_25_0007_PAX_25_0003','Saman',36,10,2,1,1),(43,'CUS_25_0007_PAX_25_0004','Dinuka',18,10,3,1,2),(44,'CUS_25_0008_PAX_25_0004','Yasith',20,11,3,1,2),(45,'CUS_25_0008_PAX_25_0002','Nuwan',31,11,2,1,1),(46,'CUS_25_0008_PAX_25_0001','Arun',33,11,1,1,1),(47,'CUS_25_0008_PAX_25_0005','Sachini',18,11,3,1,2),(48,'CUS_25_0008_PAX_25_0003','Chamath',29,11,2,1,1),(49,'CUS_25_0009_PAX_25_0005','Nethmi',15,12,3,1,3),(50,'CUS_25_0009_PAX_25_0006','Pasan',13,12,3,1,3),(51,'CUS_25_0009_PAX_25_0001','Kumari',38,12,1,1,1),(52,'CUS_25_0009_PAX_25_0002','Ranjith',36,12,2,1,1),(53,'CUS_25_0009_PAX_25_0004','Chathura',17,12,3,1,2),(54,'CUS_25_0009_PAX_25_0003','Lalith',34,12,2,1,1),(55,'CUS_25_0010_PAX_25_0002','Dilani',30,13,2,1,1),(56,'CUS_25_0010_PAX_25_0003','Harsha',28,13,2,1,1),(57,'CUS_25_0010_PAX_25_0005','Sithumi',14,13,3,1,3),(58,'CUS_25_0010_PAX_25_0004','Tharaka',16,13,3,1,2),(59,'CUS_25_0010_PAX_25_0001','Kasun',32,13,1,1,1),(60,'CUS_25_0011_PAX_25_0006','Amal',15,14,3,1,3),(61,'CUS_25_0011_PAX_25_0002','Upul',33,14,2,1,1),(62,'CUS_25_0011_PAX_25_0001','Nirmala',35,14,1,1,1),(63,'CUS_25_0011_PAX_25_0005','Ruwan',17,14,3,1,2),(64,'CUS_25_0011_PAX_25_0003','Sujith',31,14,2,1,1),(65,'CUS_25_0011_PAX_25_0004','Ishara',19,14,3,1,2),(66,'CUS_25_0012_PAX_25_0004','Kavishka',18,15,3,1,2),(67,'CUS_25_0012_PAX_25_0001','Dilan',34,15,1,1,1),(68,'CUS_25_0012_PAX_25_0003','Samanthi',30,15,2,1,1),(69,'CUS_25_0012_PAX_25_0005','Thilina',16,15,3,1,2),(70,'CUS_25_0012_PAX_25_0002','Chandima',32,15,2,1,1),(71,'CUS_25_0012_PAX_25_0006','Nimasha',14,15,3,1,3),(72,'CUS_25_0012_PAX_25_0007','Pasindu',12,15,3,1,3);
/*!40000 ALTER TABLE `passenger` ENABLE KEYS */;
UNLOCK TABLES;

--
-- Table structure for table `paxtype`
--

DROP TABLE IF EXISTS `paxtype`;
/*!40101 SET @saved_cs_client     = @@character_set_client */;
/*!50503 SET character_set_client = utf8mb4 */;
CREATE TABLE `paxtype` (
  `id` int NOT NULL AUTO_INCREMENT,
  `name` varchar(45) DEFAULT NULL,
  PRIMARY KEY (`id`)
) ENGINE=InnoDB AUTO_INCREMENT=6 DEFAULT CHARSET=utf8mb3;
/*!40101 SET character_set_client = @saved_cs_client */;

--
-- Dumping data for table `paxtype`
--

LOCK TABLES `paxtype` WRITE;
/*!40000 ALTER TABLE `paxtype` DISABLE KEYS */;
INSERT INTO `paxtype` VALUES (1,'Adult'),(2,'Teen'),(3,'Child'),(5,'Infant');
/*!40000 ALTER TABLE `paxtype` ENABLE KEYS */;
UNLOCK TABLES;

--
-- Table structure for table `paymentstatus`
--

DROP TABLE IF EXISTS `paymentstatus`;
/*!40101 SET @saved_cs_client     = @@character_set_client */;
/*!50503 SET character_set_client = utf8mb4 */;
CREATE TABLE `paymentstatus` (
  `id` int NOT NULL AUTO_INCREMENT,
  `name` varchar(45) DEFAULT NULL,
  PRIMARY KEY (`id`)
) ENGINE=InnoDB AUTO_INCREMENT=5 DEFAULT CHARSET=utf8mb3;
/*!40101 SET character_set_client = @saved_cs_client */;

--
-- Dumping data for table `paymentstatus`
--

LOCK TABLES `paymentstatus` WRITE;
/*!40000 ALTER TABLE `paymentstatus` DISABLE KEYS */;
INSERT INTO `paymentstatus` VALUES (1,'Pending'),(2,'Partial'),(3,'Paid'),(4,'Overdue');
/*!40000 ALTER TABLE `paymentstatus` ENABLE KEYS */;
UNLOCK TABLES;

--
-- Table structure for table `paymenttype`
--

DROP TABLE IF EXISTS `paymenttype`;
/*!40101 SET @saved_cs_client     = @@character_set_client */;
/*!50503 SET character_set_client = utf8mb4 */;
CREATE TABLE `paymenttype` (
  `id` int NOT NULL AUTO_INCREMENT,
  `name` varchar(45) DEFAULT NULL,
  PRIMARY KEY (`id`)
) ENGINE=InnoDB AUTO_INCREMENT=6 DEFAULT CHARSET=utf8mb3;
/*!40101 SET character_set_client = @saved_cs_client */;

--
-- Dumping data for table `paymenttype`
--

LOCK TABLES `paymenttype` WRITE;
/*!40000 ALTER TABLE `paymenttype` DISABLE KEYS */;
INSERT INTO `paymenttype` VALUES (1,'Cash'),(2,'Card'),(3,'Bank Transfer'),(4,'Cheque'),(5,'Mobile Payment');
/*!40000 ALTER TABLE `paymenttype` ENABLE KEYS */;
UNLOCK TABLES;

--
-- Table structure for table `pickuplocation`
--

DROP TABLE IF EXISTS `pickuplocation`;
/*!40101 SET @saved_cs_client     = @@character_set_client */;
/*!50503 SET character_set_client = utf8mb4 */;
CREATE TABLE `pickuplocation` (
  `id` int NOT NULL AUTO_INCREMENT,
  `code` varchar(45) DEFAULT NULL,
  `name` varchar(45) DEFAULT NULL,
  `locationtype_id` int NOT NULL,
  `transfer_id` int NOT NULL,
  PRIMARY KEY (`id`),
  KEY `fk_pickuplocation_locationtype1_idx` (`locationtype_id`),
  KEY `fk_pickuplocation_transfer1_idx` (`transfer_id`),
  CONSTRAINT `fk_pickuplocation_locationtype1` FOREIGN KEY (`locationtype_id`) REFERENCES `locationtype` (`id`),
  CONSTRAINT `fk_pickuplocation_transfer1` FOREIGN KEY (`transfer_id`) REFERENCES `transfer` (`id`)
) ENGINE=InnoDB AUTO_INCREMENT=2001 DEFAULT CHARSET=utf8mb3;
/*!40101 SET character_set_client = @saved_cs_client */;

--
-- Dumping data for table `pickuplocation`
--

LOCK TABLES `pickuplocation` WRITE;
/*!40000 ALTER TABLE `pickuplocation` DISABLE KEYS */;
INSERT INTO `pickuplocation` VALUES (18,'CTY_LK-6_PU-62_002','Chilaw',1,10),(19,'CTY_LK-6_KU-61_001','Kurunegala',1,10),(20,'CTY_LK-1_CL-11_010','Marawila',1,10),(21,NULL,'Mannar Fort',2,11),(22,NULL,'Badulla Railway Station',2,12),(23,'CTY_LK-1_GA-12_001','Negombo',1,13),(24,NULL,'Panadura Beach',2,13),(25,NULL,'Dutch Fort Ruins',2,13),(26,NULL,'Talaimannar Pier',2,14),(27,NULL,'Kandy Lake',2,15),(28,NULL,'Hummanaya Blow Hole',2,16),(29,'CTY_LK-8_BA-81_002','Bandarawela',1,17),(30,'CTY_LK-1_CL-11_002','Sri Jayawardenepura Kotte',1,18),(31,NULL,'Mihintale Hospital Ruins',2,19),(32,'CTY_LK-1_KL-13_001','Kalutara',1,20),(33,NULL,'Mirissa Beach',2,21),(34,'CTY_LK-1_CL-11_006','Ratmalana',1,22),(35,NULL,'Taprobane Island',2,23),(36,'CTY_LK-1_GA-12_001','Negombo',1,24),(37,NULL,'Kalutara Bodhiya',2,24),(38,NULL,'Richmond Castle',2,24),(39,'CTY_LK-9_KE-92_003','Embekka',1,25),(40,NULL,'Tangalle Beach',2,26),(41,'CTY_LK-1_CL-11_004','Dehiwala-Mount Lavinia',1,27),(42,NULL,'Madukanda Vihara',2,28),(43,'CTY_LK-4_VA-43_001','Vavuniya',1,28),(44,'CTY_LK-4_JF-41_004','Mannar',1,28),(45,NULL,'Gadaladeniya Temple',2,29),(46,NULL,'Galapitamada Prehistoric Cave',2,29),(47,'CTY_LK-9_RA-91_001','Ratnapura',1,29),(48,'CTY_LK-3_MT-32_001','Matara',1,30),(49,NULL,'Mulkirigala Rock Temple',2,30),(50,NULL,'Hikkaduwa Coral Sanctuary',2,30),(51,NULL,'Vavuniya Archaeological Museum',2,31),(52,NULL,'Bahiravokanda Vihara Buddha Statue',2,32),(53,NULL,'Jaffna Fort',2,33),(54,NULL,'Madukanda Vihara',2,33),(55,NULL,'Mannar Fort',2,33),(56,NULL,'Dunhinda Falls',2,34),(57,NULL,'Adisham Bungalow',2,34),(58,'CTY_LK-8_BA-81_003','Haputale',1,34),(59,NULL,'National Museum of Colombo',2,35),(60,NULL,'Matale Spice Garden',2,36),(61,NULL,'Pedro Tea Estate',2,36),(62,NULL,'Embekka Temple',2,36),(63,'CTY_LK-2_NE-23_001','Nuwara Eliya',1,37),(64,NULL,'Embekka Temple',2,37),(65,NULL,'Gregory Lake',2,37),(66,NULL,'Bahiravokanda Vihara Buddha Statue',2,38),(67,NULL,'Ceylon Tea Museum',2,38),(68,'CTY_LK-2_ML-22_001','Matale',1,38),(69,'CTY_LK-1_GA-12_001','Negombo',1,39),(70,'CTY_LK-1_KL-13_001','Kalutara',1,39),(71,NULL,'Dutch Fort Ruins',2,39),(72,'CTY_LK-9_KE-92_002','Kitulgala',1,40),(73,NULL,'Panadura Bridge',2,41),(74,NULL,'Lunuganga Estate',2,41),(75,NULL,'Kalutara Bodhiya',2,41),(76,NULL,'Talaimannar Pier',2,42),(77,NULL,'Palatuwa Beach',2,43),(78,NULL,'Kataragama Temple Complex',2,43),(79,NULL,'Palatuwa Ancient Temple',2,43),(80,NULL,'Gangaramaya Temple',2,44),(81,'CTY_LK-8_MO-82_003','Kataragama',1,45),(82,NULL,'Kataragama Temple Complex',2,45),(83,NULL,'Kiri Vehera',2,45),(84,'CTY_LK-3_MT-32_001','Matara',1,46),(85,NULL,'Rumassala Hill',2,46),(86,'CTY_LK-3_GA-31_003','Weligama',1,46),(87,'CTY_LK-4_MN-24_001','Mannar',1,47),(88,NULL,'Adisham Bungalow',2,48),(89,NULL,'Badulla Railway Station',2,49),(90,'CTY_LK-8_BA-81_001','Badulla',1,49),(91,NULL,'Bandarawela Park',2,49),(92,'CTY_LK-5_BA-51_004','Pasikuda',1,50),(93,NULL,'Fort Frederick',2,50),(94,NULL,'Kalkudah Beach',2,50),(95,'CTY_LK-1_KL-13_001','Kalutara',1,51),(96,NULL,'Kalutara Bodhiya',2,51),(97,'CTY_LK-1_KL-13_003','Bentota',1,51),(98,'CTY_LK-4_JF-41_001','Jaffna',1,52),(99,'CTY_LK-4_VA-43_001','Vavuniya',1,52),(100,NULL,'Madukanda Vihara',2,52),(101,'CTY_LK-7_AN-71_003','Mihintale',1,53),(102,NULL,'Mihintale Hospital Ruins',2,53),(103,NULL,'Kantaka Cetiya',2,53),(104,'CTY_LK-4_JF-41_004','Mannar',1,54),(105,NULL,'Madukanda Vihara',2,55),(106,NULL,'Sri Pada (Adam\'s Peak)',2,56),(107,NULL,'Dunhinda Falls',2,57),(108,NULL,'Jaffna Public Library',2,58),(109,NULL,'Udawattakele Forest Reserve',2,59),(110,NULL,'Pinnawala Elephant Orphanage',2,60),(111,NULL,'Hikkaduwa Coral Sanctuary',2,61),(112,'HPT','Hambantota Port',4,61),(113,NULL,'Unawatuna Beach',2,61),(114,NULL,'Bandarawela Railway Station',2,62),(115,'CTY_LK-8_BA-81_001','Badulla',1,63),(116,NULL,'Muthiyangana Raja Maha Vihara',2,63),(117,NULL,'Adisham Bungalow',2,63),(118,NULL,'Parakrama Samudra',2,64),(119,'CTY_LK-7_AN-71_001','Anuradhapura',1,64),(120,NULL,'Ibbankatuwa Megalithic Tombs',2,64),(121,'CTY_LK-4_KI-45_001','Kilinochchi',1,65),(122,'CTY_LK-4_VA-43_001','Vavuniya',1,65),(123,NULL,'Thiruketheeswaram Temple',2,65),(124,NULL,'Hikkaduwa Beach',2,66),(125,NULL,'Ibbankatuwa Megalithic Tombs',2,67),(126,NULL,'Gal Vihara',2,67),(127,'CTY_LK-2_ML-22_002','Dambulla',1,67),(128,NULL,'Hikkaduwa Coral Sanctuary',2,68),(129,'CTY_LK-3_GA-31_003','Weligama',1,68),(130,NULL,'Parrot Rock',2,68),(131,'CTY_LK-6_PU-62_002','Chilaw',1,69),(132,'CTY_LK-8_BA-81_002','Bandarawela',1,70),(133,NULL,'Bandarawela Railway Station',2,70),(134,NULL,'Badulla Railway Station',2,70),(135,NULL,'Dowa Ancient Rock Temple',2,71),(136,NULL,'Kilinochchi Market',2,72),(137,'CTY_LK-4_VA-43_001','Vavuniya',1,72),(138,NULL,'Mannar Fort',2,72),(139,NULL,'Munneswaram Temple',2,73),(140,NULL,'Tissa Dagoba',2,74),(141,NULL,'Palatuwa Beach',2,74),(142,NULL,'Yala National Park Eastern Entrance',2,74),(143,'CTY_LK-2_ML-22_002','Dambulla',1,75),(144,'CTY_LK-7_AN-71_003','Mihintale',1,75),(145,NULL,'Mihintale Hospital Ruins',2,75),(146,NULL,'Bundala National Park',2,76),(147,NULL,'Hummanaya Blow Hole',2,76),(148,'CTY_LK-3_GA-31_005','Mirissa',1,76),(149,'CTY_LK-4_JF-41_004','Mannar',1,77),(150,NULL,'Nallur Kandaswamy Temple',2,77),(151,NULL,'Vavuniya Archaeological Museum',2,77),(152,NULL,'Hikkaduwa Beach',2,78),(153,NULL,'Gregory Lake',2,79),(154,'CTY_LK-2_ML-22_001','Matale',1,79),(155,NULL,'Temple of the Sacred Tooth Relic',2,79),(156,NULL,'Palatuwa Ancient Temple',2,80),(157,'CTY_LK-1_CL-11_004','Dehiwala-Mount Lavinia',1,81),(158,'CTY_LK-1_CL-11_006','Ratmalana',1,82),(159,'CTY_LK-3_GA-31_004','Unawatuna',1,83),(160,NULL,'Matale Spice Garden',2,84),(161,NULL,'Kandy Lake',2,84),(162,NULL,'Pedro Tea Estate',2,84),(163,NULL,'Bandarawela Park',2,85),(164,NULL,'Dunhinda Falls',2,85),(165,NULL,'Muthiyangana Raja Maha Vihara',2,85),(166,NULL,'Jungle Beach',2,86),(167,NULL,'Lunuganga Estate',2,87),(168,NULL,'Lunuganga Estate',2,88),(169,'CTY_LK-2_ML-22_001','Matale',1,89),(170,NULL,'Panadura Beach',2,90),(171,NULL,'Independence Memorial Hall',2,90),(172,'CTY_LK-1_GA-12_001','Negombo',1,90),(173,NULL,'Madukanda Vihara',2,91),(174,NULL,'Richmond Castle',2,92),(175,NULL,'Embekka Wooden Temple',2,93),(176,'CTY_LK-9_KE-92_001','Kegalle',1,93),(177,NULL,'Kelani River',2,93),(178,NULL,'Palatuwa Ancient Temple',2,94),(179,NULL,'Tissa Wewa',2,94),(180,'CTY_LK-3_HM-33_005','Palatuwa',1,94),(181,NULL,'Dunhinda Falls',2,95),(182,'CTY_LK-1_CL-11_004','Dehiwala-Mount Lavinia',1,96),(183,NULL,'Cinnamon Island',2,96),(184,NULL,'National Museum of Colombo',2,96),(185,NULL,'Mirissa Beach',2,97),(186,NULL,'Viharamahadevi Park',2,98),(187,NULL,'Gangaramaya Temple',2,98),(188,'CTY_LK-1_CL-11_006','Ratmalana',1,98),(189,'CTY_LK-9_KE-92_002','Kitulgala',1,99),(190,'CTY_LK-5_TR-53_001','Trincomalee',1,100),(191,'CTY_LK-3_GA-31_002','Hikkaduwa',1,101),(192,NULL,'Mount Lavinia Beach Resort',2,102),(193,NULL,'Parrot Rock',2,103),(194,NULL,'Polhena Beach',2,103),(195,'CTY_LK-3_GA-31_003','Weligama',1,103),(196,NULL,'Diyatha Uyana',2,104),(197,NULL,'Kalpitiya Beach',2,105),(198,NULL,'Independence Memorial Hall',2,106),(199,NULL,'Negombo Beach Park',2,107),(200,'CTY_LK-3_GA-31_004','Unawatuna',1,108),(201,'CTY_LK-3_GA-31_005','Mirissa',1,108),(202,'CTY_LK-3_GA-31_006','Tangalle',1,108),(203,'CTY_LK-3_MT-32_001','Matara',1,109),(204,NULL,'Hambantota Port',2,109),(205,NULL,'Kushtarajagala',2,109),(206,'CTY_LK-9_KE-92_002','Kitulgala',1,110),(207,NULL,'Kilinochchi Market',2,111),(208,'CTY_LK-2_NE-23_001','Nuwara Eliya',1,112),(209,NULL,'Bundala National Park',2,113),(210,NULL,'Kalutara Bodhiya',2,114),(211,NULL,'Mulkirigala Rock Temple',2,115),(212,NULL,'Mirissa Beach',2,115),(213,NULL,'Parrot Rock',2,115),(214,NULL,'Polhena Beach',2,116),(215,NULL,'Hummanaya Blow Hole',2,116),(216,'CTY_LK-3_GA-31_003','Weligama',1,116),(217,'CTY_LK-1_CL-11_004','Dehiwala-Mount Lavinia',1,117),(218,NULL,'Fort Area',2,117),(219,'CTY_LK-1_GA-12_001','Negombo',1,117),(220,'CTY_LK-3_HM-33_005','Palatuwa',1,118),(221,NULL,'Tissa Dagoba',2,118),(222,NULL,'Kataragama Temple Complex',2,118),(223,NULL,'Cinnamon Island',2,119),(224,'CTY_LK-4_MN-24_001','Mannar',1,120),(225,'CTY_LK-5_BA-51_001','Batticaloa',1,121),(226,'CTY_LK-5_TR-53_001','Trincomalee',1,121),(227,NULL,'Gal Oya National Park',2,121),(228,NULL,'Gangaramaya Temple',2,122),(229,NULL,'Fort Area',2,122),(230,NULL,'Panadura Bridge',2,122),(231,NULL,'Ranmasu Uyana',2,123),(232,'CTY_LK-4_KI-45_001','Kilinochchi',1,124),(233,NULL,'Thiruketheeswaram Temple',2,125),(234,'CTY_LK-4_KI-45_001','Kilinochchi',1,125),(235,NULL,'Kilinochchi Market',2,125),(236,NULL,'Jungle Beach',2,126),(237,NULL,'Bundala National Park',2,126),(238,NULL,'Taprobane Island',2,126),(239,NULL,'Kurunegala Lake',2,127),(240,'CTY_LK-6_KU-61_001','Kurunegala',1,127),(241,'CTY_LK-6_PU-62_002','Chilaw',1,127),(242,'CTY_LK-9_KE-92_002','Kitulgala',1,128),(243,'CTY_LK-9_RA-91_001','Ratnapura',1,128),(244,NULL,'Pinnawala Elephant Orphanage',2,128),(245,NULL,'Diyatha Uyana',2,129),(246,NULL,'Beira Lake',2,129),(247,'CTY_LK-1_GA-12_001','Negombo',1,129),(248,NULL,'Fort Area',2,130),(249,NULL,'Dutch Fort Ruins',2,131),(250,NULL,'Negombo Beach Park',2,131),(251,'CTY_LK-1_CL-11_001','Colombo',1,131),(252,NULL,'Koneswaram Temple',2,132),(253,'CTY_LK-5_TR-53_001','Trincomalee',1,132),(254,'CTY_LK-5_AM-52_001','Ampara',1,132),(255,'CTY_LK-1_CL-11_006','Ratmalana',1,133),(256,NULL,'Kilinochchi Market',2,134),(257,'CTY_LK-1_CL-11_002','Sri Jayawardenepura Kotte',1,135),(258,'CTY_LK-2_KN-21_002','Peradeniya',1,136),(259,NULL,'Udawattakele Forest Reserve',2,137),(260,NULL,'Koneswaram Temple',2,138),(261,NULL,'Kallady Bridge',2,138),(262,NULL,'Fort Frederick',2,138),(263,NULL,'Kalutara Bodhiya',2,139),(264,NULL,'Pedro Tea Estate',2,140),(265,NULL,'Japanese Peace Pagoda',2,141),(266,'CTY_LK-3_GA-31_001','Galle',1,142),(267,'CTY_LK-3_HM-33_001','Hambantota',1,142),(268,NULL,'Whale Watching Point',2,142),(269,'CTY_LK-8_MO-82_003','Kataragama',1,143),(270,'CTY_LK-3_GA-31_001','Galle',1,144),(271,'CTY_LK-3_GA-31_005','Mirissa',1,144),(272,NULL,'Hummanaya Blow Hole',2,144),(273,'CTY_LK-3_GA-31_001','Galle',1,145),(274,NULL,'Hikkaduwa Beach',2,145),(275,'CTY_LK-3_GA-31_004','Unawatuna',1,145),(276,NULL,'Taprobane Island',2,146),(277,NULL,'Galle Fort',2,146),(278,NULL,'Hummanaya Blow Hole',2,146),(279,NULL,'Panadura Bridge',2,147),(280,NULL,'Beira Lake',2,147),(281,NULL,'Diyatha Uyana',2,147),(282,NULL,'Iranamadu Tank',2,148),(283,NULL,'Abhayagiri Vihra',2,149),(284,NULL,'Dambatenne Tea Factory',2,150),(285,NULL,'Bandarawela Railway Station',2,151),(286,'CTY_LK-8_BA-81_001','Badulla',1,151),(287,NULL,'Adisham Bungalow',2,151),(288,NULL,'Madukanda Vihara',2,152),(289,NULL,'Kalpitiya Beach',2,153),(290,NULL,'Marawila Beach',2,153),(291,NULL,'St. Mary\'s Cathedral',2,153),(292,NULL,'Sri Maha Bodhi',2,154),(293,NULL,'Mihintale Mountain',2,154),(294,'CTY_LK-2_ML-22_002','Dambulla',1,154),(295,NULL,'Dutch Fort Ruins',2,155),(296,NULL,'Dutch Fort Ruins',2,156),(297,'CTY_LK-2_ML-22_001','Matale',1,157),(298,NULL,'Udawattakele Forest Reserve',2,157),(299,'CTY_LK-2_NE-23_001','Nuwara Eliya',1,157),(300,NULL,'Jungle Beach',2,158),(301,'HPT','Hambantota Port',4,158),(302,'CTY_LK-3_HM-33_001','Hambantota',1,158),(303,NULL,'Gadaladeniya Temple',2,159),(304,NULL,'Mannar Fort',2,160),(305,NULL,'Thiruketheeswaram Temple',2,160),(306,'CTY_LK-4_JF-41_004','Mannar',1,160),(307,NULL,'Rumassala Hill',2,161),(308,NULL,'Whale Watching Point',2,161),(309,'CTY_LK-3_GA-31_001','Galle',1,161),(310,NULL,'Kallady Bridge',2,162),(311,NULL,'Trincomalee Harbor',2,162),(312,'CTY_LK-5_BA-51_004','Pasikuda',1,162),(313,NULL,'Panadura Bridge',2,163),(314,NULL,'Madukanda Vihara',2,164),(315,NULL,'Vavuniya Tank',2,164),(316,NULL,'Talaimannar Pier',2,164),(317,NULL,'Mihintale Hospital Ruins',2,165),(318,NULL,'Hanthana Mountain Range',2,166),(319,'CTY_LK-2_NE-23_001','Nuwara Eliya',1,166),(320,NULL,'Pedro Tea Estate',2,166),(321,NULL,'Palatuwa Ancient Temple',2,167),(322,NULL,'Tissa Wewa',2,167),(323,NULL,'Yatala Vehera',2,167),(324,NULL,'Panadura Beach',2,168),(325,NULL,'Moragalla Beach',2,169),(326,NULL,'Panadura Bridge',2,169),(327,'CTY_LK-1_CL-11_004','Dehiwala-Mount Lavinia',1,169),(328,'CTY_LK-8_BA-81_002','Bandarawela',1,170),(329,NULL,'Bandarawela Park',2,170),(330,NULL,'Dunhinda Falls',2,170),(331,NULL,'Trincomalee Harbor',2,171),(332,NULL,'Mirissa Beach',2,172),(333,NULL,'Bahiravokanda Vihara Buddha Statue',2,173),(334,'CTY_LK-2_KN-21_002','Peradeniya',1,173),(335,NULL,'Lipton\'s Seat',2,173),(336,NULL,'Udawattakele Forest Reserve',2,174),(337,'CTY_LK-2_NE-23_001','Nuwara Eliya',1,174),(338,NULL,'Matale Spice Garden',2,174),(339,'CTY_LK-1_CL-11_002','Sri Jayawardenepura Kotte',1,175),(340,'CTY_LK-2_KN-21_002','Peradeniya',1,176),(341,NULL,'Bandarawela Park',2,177),(342,NULL,'Bandarawela Railway Station',2,177),(343,NULL,'Badulla Railway Station',2,177),(344,NULL,'Adisham Bungalow',2,178),(345,'CTY_LK-8_BA-81_001','Badulla',1,178),(346,NULL,'Dambatenne Tea Factory',2,178),(347,NULL,'Gangaramaya Temple',2,179),(348,NULL,'Panadura Bridge',2,179),(349,NULL,'Moragalla Beach',2,179),(350,NULL,'Viharamahadevi Park',2,180),(351,NULL,'Vavuniya Archaeological Museum',2,181),(352,NULL,'Gregory Lake',2,182),(353,NULL,'Dowa Ancient Rock Temple',2,183),(354,'CTY_LK-8_BA-81_003','Haputale',1,184),(355,NULL,'Dowa Ancient Rock Temple',2,184),(356,NULL,'Bandarawela Railway Station',2,184),(357,'CTY_LK-2_KN-21_002','Peradeniya',1,185),(358,NULL,'Batticaloa Lagoon',2,186),(359,NULL,'Buddhangala Forest Hermitage',2,186),(360,NULL,'Gal Oya National Park',2,186),(361,NULL,'Dunhinda Falls',2,187),(362,NULL,'Muthiyangana Raja Maha Vihara',2,187),(363,'CTY_LK-8_BA-81_003','Haputale',1,187),(364,'CTY_LK-2_KN-21_002','Peradeniya',1,188),(365,'CTY_LK-2_KN-21_001','Kandy',1,188),(366,NULL,'Hanthana Mountain Range',2,188),(367,'CTY_LK-7_AN-71_001','Anuradhapura',1,189),(368,NULL,'Fort Area',2,190),(369,NULL,'Independence Memorial Hall',2,190),(370,NULL,'Parliament of Sri Lanka',2,190),(371,'CTY_LK-8_BA-81_003','Haputale',1,191),(372,NULL,'Adisham Bungalow',2,191),(373,NULL,'Badulla Railway Station',2,191),(374,NULL,'Mihintale Hospital Ruins',2,192),(375,NULL,'Beira Lake',2,193),(376,NULL,'National Museum of Colombo',2,193),(377,'CTY_LK-1_CL-11_004','Dehiwala-Mount Lavinia',1,193),(378,NULL,'Bambalapitiya Beach',2,194),(379,NULL,'Embekka Temple',2,195),(380,'CTY_LK-6_KU-61_001','Kurunegala',1,196),(381,NULL,'Munneswaram Temple',2,196),(382,NULL,'Dutch Fort Puttalam',2,196),(383,NULL,'Munneswaram Temple',2,197),(384,'CTY_LK-7_PO-72_001','Polonnaruwa',1,198),(385,'CTY_LK-1_CL-11_002','Sri Jayawardenepura Kotte',1,199),(386,NULL,'Parliament of Sri Lanka',2,199),(387,NULL,'Beira Lake',2,199),(388,NULL,'Embekka Wooden Temple',2,200),(389,NULL,'Hanguranketha Palace Ruins',2,200),(390,NULL,'Pinnawala Elephant Orphanage',2,200),(391,NULL,'Parliament of Sri Lanka',2,201),(392,NULL,'Mount Lavinia Beach Resort',2,201),(393,'CTY_LK-1_KL-13_003','Bentota',1,201),(394,NULL,'Sri Maha Bodhi',2,202),(395,'CTY_LK-2_ML-22_002','Dambulla',1,202),(396,NULL,'Mihintale Hospital Ruins',2,202),(397,'CTY_LK-1_CL-11_004','Dehiwala-Mount Lavinia',1,203),(398,'CTY_LK-2_KN-21_001','Kandy',1,204),(399,NULL,'Dowa Ancient Rock Temple',2,205),(400,'CTY_LK-4_VA-43_001','Vavuniya',1,206),(401,NULL,'Mannar Fort',2,206),(402,'CTY_LK-4_JF-41_004','Mannar',1,206),(403,'CTY_LK-1_GA-12_001','Negombo',1,207),(404,'CTY_LK-3_HM-33_005','Palatuwa',1,208),(405,NULL,'Jaffna Public Library',2,209),(406,NULL,'Jaffna Public Library',2,210),(407,NULL,'Jaffna Fort',2,210),(408,NULL,'Vavuniya Archaeological Museum',2,210),(409,NULL,'Kandy Lake',2,211),(410,NULL,'Weligama Bay',2,212),(411,NULL,'Hanthana Mountain Range',2,213),(412,NULL,'Badulla Railway Station',2,214),(413,NULL,'Dunhinda Falls',2,214),(414,NULL,'Bandarawela Park',2,214),(415,NULL,'Bandarawela Railway Station',2,215),(416,NULL,'Galapitamada Prehistoric Cave',2,216),(417,'CTY_LK-7_AN-71_001','Anuradhapura',1,217),(418,NULL,'Parakrama Samudra',2,217),(419,NULL,'Kantaka Cetiya',2,217),(420,NULL,'Viharamahadevi Park',2,218),(421,NULL,'Diyawanna Oya',2,218),(422,'CTY_LK-1_CL-11_004','Dehiwala-Mount Lavinia',1,218),(423,NULL,'Gal Oya National Park',2,219),(424,'CTY_LK-5_TR-53_001','Trincomalee',1,219),(425,'CTY_LK-5_AM-52_001','Ampara',1,219),(426,NULL,'Tangalle Beach',2,220),(427,NULL,'Hambantota Port',2,220),(428,'CTY_LK-3_MT-32_001','Matara',1,220),(429,NULL,'Dutch Fort Puttalam',2,221),(430,NULL,'Ethagala Rock',2,221),(431,'CTY_LK-6_PU-62_002','Chilaw',1,221),(432,NULL,'Ancient City of Polonnaruwa',2,222),(433,NULL,'Sri Maha Bodhi',2,222),(434,NULL,'Ranmasu Uyana',2,222),(435,NULL,'Panadura Bridge',2,223),(436,NULL,'Dutch Fort Ruins',2,223),(437,'CTY_LK-1_CL-11_002','Sri Jayawardenepura Kotte',1,223),(438,'CTY_LK-1_GA-12_001','Negombo',1,224),(439,NULL,'Dambatenne Tea Factory',2,225),(440,NULL,'Dunhinda Falls',2,225),(441,NULL,'Dowa Ancient Rock Temple',2,225),(442,'CTY_LK-1_CL-11_001','Colombo',1,226),(443,NULL,'Independence Memorial Hall',2,226),(444,NULL,'National Museum of Colombo',2,226),(445,'CTY_LK-3_GA-31_003','Weligama',1,227),(446,NULL,'Hikkaduwa Coral Sanctuary',2,227),(447,NULL,'Tangalle Beach',2,227),(448,'CTY_LK-1_CL-11_002','Sri Jayawardenepura Kotte',1,228),(449,'CTY_LK-3_HM-33_001','Hambantota',1,229),(450,'CTY_LK-3_GA-31_003','Weligama',1,229),(451,NULL,'Kushtarajagala',2,229),(452,NULL,'Palatuwa Beach',2,230),(453,'CTY_LK-3_HM-33_002','Tissa',1,230),(454,NULL,'Palatuwa Ancient Temple',2,230),(455,NULL,'Lipton\'s Seat',2,231),(456,NULL,'Whale Watching Point',2,232),(457,NULL,'Thiruketheeswaram Temple',2,233),(458,NULL,'Badulla Railway Station',2,234),(459,NULL,'Dunhinda Falls',2,234),(460,'CTY_LK-8_BA-81_002','Bandarawela',1,234),(461,NULL,'Weligama Bay',2,235),(462,'CTY_LK-4_KI-45_001','Kilinochchi',1,236),(463,NULL,'Vavuniya Tank',2,236),(464,NULL,'Nallur Kandaswamy Temple',2,236),(465,NULL,'Gangaramaya Temple',2,237),(466,NULL,'Hambantota Port',2,238),(467,NULL,'Panadura Beach',2,239),(468,NULL,'Gangaramaya Temple',2,239),(469,NULL,'National Museum of Colombo',2,239),(470,NULL,'Fort Area',2,240),(471,NULL,'Diyatha Uyana',2,240),(472,NULL,'Panadura Beach',2,240),(473,NULL,'Kilinochchi Market',2,241),(474,'CTY_LK-1_CL-11_004','Dehiwala-Mount Lavinia',1,242),(475,NULL,'Buddhangala Forest Hermitage',2,243),(476,NULL,'Kilinochchi Market',2,244),(477,NULL,'Iranamadu Tank',2,244),(478,NULL,'Thiruketheeswaram Temple',2,244),(479,NULL,'Mahapelessa Hot Springs',2,245),(480,NULL,'Yala National Park Eastern Entrance',2,245),(481,'CTY_LK-8_MO-82_003','Kataragama',1,245),(482,'CTY_LK-1_CL-11_010','Marawila',1,246),(483,NULL,'Kurunegala Lake',2,246),(484,NULL,'Dutch Fort Puttalam',2,246),(485,NULL,'Embekka Temple',2,247),(486,'CTY_LK-8_MO-82_003','Kataragama',1,248),(487,NULL,'Munneswaram Temple',2,249),(488,'CTY_LK-6_PU-62_001','Puttalam',1,249),(489,NULL,'St. Mary\'s Cathedral',2,249),(490,'CTY_LK-4_VA-43_001','Vavuniya',1,250),(491,'CTY_LK-6_PU-62_002','Chilaw',1,251),(492,NULL,'Ibbagala Royal Cave Temple',2,251),(493,NULL,'Kalpitiya Beach',2,251),(494,NULL,'Dambulla Cave Temple',2,252),(495,NULL,'Badulla Railway Station',2,253),(496,'CTY_LK-9_RA-91_001','Ratnapura',1,254),(497,NULL,'Embekka Wooden Temple',2,254),(498,NULL,'Sinharaja Forest Reserve',2,254),(499,NULL,'National Museum of Colombo',2,255),(500,NULL,'Hanthana Mountain Range',2,256),(501,NULL,'Kandy Lake',2,257),(502,NULL,'Negombo Lagoon',2,258),(503,NULL,'Lunuganga Estate',2,258),(504,NULL,'Independence Memorial Hall',2,258),(505,NULL,'Cinnamon Island',2,259),(506,NULL,'Bambalapitiya Beach',2,259),(507,NULL,'Moragalla Beach',2,259),(508,NULL,'Mulkirigala Rock Temple',2,260),(509,NULL,'Kantaka Cetiya',2,261),(510,NULL,'Ratnapura National Museum',2,262),(511,NULL,'Hanguranketha Palace Ruins',2,262),(512,NULL,'Sri Pada (Adam\'s Peak)',2,262),(513,NULL,'Sri Muthumariamman Temple',2,263),(514,'CTY_LK-1_CL-11_006','Ratmalana',1,264),(515,NULL,'Panadura Bridge',2,264),(516,NULL,'Kalutara Bodhiya',2,264),(517,NULL,'Kandy Lake',2,265),(518,NULL,'Ibbankatuwa Megalithic Tombs',2,266),(519,'CTY_LK-2_ML-22_002','Dambulla',1,266),(520,'CTY_LK-7_AN-71_003','Mihintale',1,266),(521,NULL,'Jaffna Public Library',2,267),(522,NULL,'Matale Spice Garden',2,268),(523,'CTY_LK-8_MO-82_003','Kataragama',1,269),(524,NULL,'Kandy Lake',2,270),(525,NULL,'Kushtarajagala',2,271),(526,NULL,'Rumassala Hill',2,271),(527,'CTY_LK-3_MT-32_001','Matara',1,271),(528,NULL,'Bahiravokanda Vihara Buddha Statue',2,272),(529,NULL,'Matale Spice Garden',2,272),(530,NULL,'Temple of the Sacred Tooth Relic',2,272),(531,NULL,'Batticaloa Lagoon',2,273),(532,NULL,'Fort Frederick',2,273),(533,'CTY_LK-5_BA-51_001','Batticaloa',1,273),(534,NULL,'Weligama Bay',2,274),(535,NULL,'Moragalla Beach',2,275),(536,NULL,'Hummanaya Blow Hole',2,276),(537,'CTY_LK-3_MT-32_001','Matara',1,276),(538,NULL,'Kushtarajagala',2,276),(539,NULL,'Palatuwa Beach',2,277),(540,NULL,'Iranamadu Tank',2,278),(541,'CTY_LK-4_JF-41_004','Mannar',1,278),(542,NULL,'Thiruketheeswaram Temple',2,278),(543,NULL,'Ethagala Rock',2,279),(544,NULL,'Munneswaram Temple',2,279),(545,NULL,'Thalawila Church',2,279),(546,NULL,'Tangalle Beach',2,280),(547,'CTY_LK-1_CL-11_002','Sri Jayawardenepura Kotte',1,281),(548,'CTY_LK-1_CL-11_006','Ratmalana',1,282),(549,'CTY_LK-1_CL-11_004','Dehiwala-Mount Lavinia',1,282),(550,NULL,'Richmond Castle',2,282),(551,NULL,'Polhena Beach',2,283),(552,NULL,'Parrot Rock',2,283),(553,'HPT','Hambantota Port',4,283),(554,NULL,'Fort Area',2,284),(555,NULL,'Panadura Bridge',2,284),(556,NULL,'Panadura Beach',2,284),(557,NULL,'Fort Frederick',2,285),(558,NULL,'Fort Frederick',2,285),(559,NULL,'Pasikuda Beach',2,285),(560,NULL,'Negombo Beach Park',2,286),(561,NULL,'Mount Lavinia Beach Resort',2,286),(562,NULL,'Lunuganga Estate',2,286),(563,NULL,'Cinnamon Island',2,287),(564,NULL,'Panadura Beach',2,287),(565,'CTY_LK-1_GA-12_001','Negombo',1,287),(566,NULL,'Bambalapitiya Beach',2,288),(567,NULL,'Richmond Castle',2,289),(568,'CTY_LK-1_GA-12_001','Negombo',1,289),(569,'CTY_LK-1_KL-13_001','Kalutara',1,289),(570,NULL,'Embekka Wooden Temple',2,290),(571,NULL,'Badulla Railway Station',2,291),(572,NULL,'Dowa Ancient Rock Temple',2,291),(573,'CTY_LK-8_BA-81_003','Haputale',1,291),(574,'CTY_LK-9_RA-91_001','Ratnapura',1,292),(575,NULL,'Badulla Railway Station',2,293),(576,'CTY_LK-8_BA-81_003','Haputale',1,293),(577,'CTY_LK-8_BA-81_002','Bandarawela',1,293),(578,'CTY_LK-7_AN-71_003','Mihintale',1,294),(579,NULL,'Ibbankatuwa Megalithic Tombs',2,294),(580,NULL,'Sri Maha Bodhi',2,294),(581,'CTY_LK-1_CL-11_001','Colombo',1,295),(582,NULL,'Richmond Castle',2,295),(583,NULL,'Moragalla Beach',2,295),(584,NULL,'Polhena Beach',2,296),(585,NULL,'Diyawanna Oya',2,297),(586,NULL,'Temple of the Sacred Tooth Relic',2,298),(587,NULL,'Mulkirigala Rock Temple',2,299),(588,NULL,'Mihintale Mountain',2,300),(589,NULL,'Kitulgala Forest Reserve',2,301),(590,NULL,'Embekka Wooden Temple',2,301),(591,NULL,'Hanguranketha Palace Ruins',2,301),(592,NULL,'Ranmasu Uyana',2,302),(593,NULL,'Parakrama Samudra',2,302),(594,NULL,'Ibbankatuwa Megalithic Tombs',2,302),(595,'CTY_LK-1_CL-11_006','Ratmalana',1,303),(596,NULL,'Gal Vihara',2,304),(597,'CTY_LK-1_CL-11_006','Ratmalana',1,305),(598,NULL,'Bambalapitiya Beach',2,305),(599,NULL,'Parliament of Sri Lanka',2,305),(600,'CTY_LK-1_CL-11_010','Marawila',1,306),(601,'CTY_LK-8_BA-81_002','Bandarawela',1,307),(602,NULL,'Iranamadu Tank',2,308),(603,NULL,'Jaffna Public Library',2,308),(604,'CTY_LK-4_JF-41_004','Mannar',1,308),(605,NULL,'Bambalapitiya Beach',2,309),(606,NULL,'Independence Memorial Hall',2,309),(607,NULL,'Kalutara Bodhiya',2,309),(608,'CTY_LK-8_BA-81_003','Haputale',1,310),(609,NULL,'Dambatenne Tea Factory',2,310),(610,'CTY_LK-8_BA-81_002','Bandarawela',1,310),(611,'CTY_LK-4_KI-45_001','Kilinochchi',1,311),(612,NULL,'Madukanda Vihara',2,311),(613,NULL,'Nallur Kandaswamy Temple',2,311),(614,NULL,'Temple of the Sacred Tooth Relic',2,312),(615,NULL,'Dutch Fort Ruins',2,313),(616,'CTY_LK-2_ML-22_002','Dambulla',1,314),(617,NULL,'Mihintale Hospital Ruins',2,314),(618,'CTY_LK-7_AN-71_001','Anuradhapura',1,314),(619,NULL,'Pasikuda Beach',2,315),(620,NULL,'Batticaloa Fort',2,315),(621,NULL,'Fort Frederick',2,315),(622,NULL,'Taprobane Island',2,316),(623,NULL,'Badulla Railway Station',2,317),(624,NULL,'Japanese Peace Pagoda',2,318),(625,NULL,'Dambatenne Tea Factory',2,319),(626,NULL,'Polhena Beach',2,320),(627,NULL,'Whale Watching Point',2,320),(628,NULL,'Japanese Peace Pagoda',2,320),(629,NULL,'Embekka Temple',2,321),(630,NULL,'Richmond Castle',2,322),(631,NULL,'Panadura Beach',2,322),(632,NULL,'Gangaramaya Temple',2,322),(633,'CTY_LK-4_MN-24_001','Mannar',1,323),(634,NULL,'Nallur Kandaswamy Temple',2,323),(635,NULL,'Thiruketheeswaram Temple',2,323),(636,NULL,'Richmond Castle',2,324),(637,NULL,'National Museum of Colombo',2,324),(638,NULL,'Viharamahadevi Park',2,324),(639,NULL,'Ceylon Tea Museum',2,325),(640,NULL,'Panadura Bridge',2,326),(641,'CTY_LK-2_KN-21_002','Peradeniya',1,327),(642,NULL,'Matale Spice Garden',2,327),(643,NULL,'Temple of the Sacred Tooth Relic',2,327),(644,'CTY_LK-4_MN-24_001','Mannar',1,328),(645,NULL,'Japanese Peace Pagoda',2,329),(646,NULL,'Moragalla Beach',2,330),(647,NULL,'Parliament of Sri Lanka',2,330),(648,NULL,'Mount Lavinia Beach Resort',2,330),(649,NULL,'Embekka Temple',2,331),(650,'CTY_LK-8_BA-81_003','Haputale',1,332),(651,NULL,'Gal Vihara',2,333),(652,NULL,'Panadura Bridge',2,334),(653,NULL,'Adisham Bungalow',2,335),(654,'CTY_LK-3_HM-33_001','Hambantota',1,336),(655,NULL,'Kurunegala Lake',2,337),(656,NULL,'Thalawila Church',2,337),(657,NULL,'Munneswaram Temple',2,337),(658,NULL,'Sri Muthumariamman Temple',2,338),(659,NULL,'Kandy Lake',2,338),(660,'CTY_LK-2_KN-21_001','Kandy',1,338),(661,NULL,'Adisham Bungalow',2,339),(662,NULL,'Badulla Railway Station',2,339),(663,NULL,'Dowa Ancient Rock Temple',2,339),(664,'CTY_LK-2_KN-21_003','Kundasagara',1,340),(665,NULL,'Fort Area',2,341),(666,NULL,'Dutch Fort Ruins',2,341),(667,'CTY_LK-1_CL-11_001','Colombo',1,341),(668,NULL,'Ratnapura National Museum',2,342),(669,'CTY_LK-2_NE-23_001','Nuwara Eliya',1,343),(670,NULL,'Dowa Ancient Rock Temple',2,344),(671,'CTY_LK-4_JF-41_001','Jaffna',1,345),(672,'CTY_LK-4_KI-45_001','Kilinochchi',1,346),(673,'CTY_LK-4_MN-24_001','Mannar',1,346),(674,NULL,'Talaimannar Pier',2,346),(675,NULL,'Kataragama Temple Complex',2,347),(676,NULL,'Kilinochchi Market',2,348),(677,NULL,'Water Tower Monument',2,348),(678,'CTY_LK-4_MN-24_001','Mannar',1,348),(679,NULL,'Bahiravokanda Vihara Buddha Statue',2,349),(680,'CTY_LK-3_GA-31_004','Unawatuna',1,350),(681,NULL,'Bandarawela Park',2,351),(682,NULL,'Bandarawela Railway Station',2,351),(683,NULL,'Dowa Ancient Rock Temple',2,351),(684,NULL,'Dowa Ancient Rock Temple',2,352),(685,'CTY_LK-2_KN-21_001','Kandy',1,353),(686,'CTY_LK-8_BA-81_003','Haputale',1,354),(687,NULL,'Bandarawela Park',2,354),(688,NULL,'Badulla Railway Station',2,354),(689,NULL,'Lipton\'s Seat',2,355),(690,NULL,'Badulla Railway Station',2,356),(691,'CTY_LK-6_KU-61_001','Kurunegala',1,357),(692,NULL,'Ethagala Rock',2,357),(693,NULL,'St. Mary\'s Cathedral',2,357),(694,NULL,'Fort Frederick',2,358),(695,'CTY_LK-5_TR-53_001','Trincomalee',1,358),(696,NULL,'Buddhangala Forest Hermitage',2,358),(697,'CTY_LK-1_CL-11_004','Dehiwala-Mount Lavinia',1,359),(698,NULL,'Panadura Bridge',2,359),(699,'CTY_LK-1_CL-11_002','Sri Jayawardenepura Kotte',1,359),(700,NULL,'Moragalla Beach',2,360),(701,NULL,'Dutch Fort Ruins',2,360),(702,'CTY_LK-1_CL-11_002','Sri Jayawardenepura Kotte',1,360),(703,NULL,'Panadura Bridge',2,361),(704,NULL,'Viharamahadevi Park',2,361),(705,'CTY_LK-1_CL-11_002','Sri Jayawardenepura Kotte',1,361),(706,'CTY_LK-1_CL-11_004','Dehiwala-Mount Lavinia',1,362),(707,NULL,'Unawatuna Beach',2,363),(708,NULL,'Iranamadu Tank',2,364),(709,NULL,'Madukanda Vihara',2,365),(710,NULL,'Kallady Bridge',2,366),(711,NULL,'Unawatuna Beach',2,367),(712,NULL,'Hikkaduwa Beach',2,368),(713,'CTY_LK-3_HM-33_001','Hambantota',1,368),(714,NULL,'Unawatuna Beach',2,368),(715,NULL,'Hikkaduwa Coral Sanctuary',2,369),(716,NULL,'Mulkirigala Rock Temple',2,369),(717,'CTY_LK-3_GA-31_006','Tangalle',1,369),(718,NULL,'Hanthana Mountain Range',2,370),(719,NULL,'Dunhinda Falls',2,371),(720,NULL,'Muthiyangana Raja Maha Vihara',2,371),(721,NULL,'Dambatenne Tea Factory',2,371),(722,NULL,'Mount Lavinia Beach Resort',2,372),(723,NULL,'Mihintale Hospital Ruins',2,373),(724,'CTY_LK-4_MN-24_001','Mannar',1,374),(725,NULL,'Mahapelessa Hot Springs',2,375),(726,NULL,'Moragalla Beach',2,376),(727,NULL,'Lunuganga Estate',2,377),(728,NULL,'Taprobane Island',2,378),(729,NULL,'Bandarawela Railway Station',2,379),(730,NULL,'Badulla Railway Station',2,379),(731,NULL,'Adisham Bungalow',2,379),(732,NULL,'Gangaramaya Temple',2,380),(733,NULL,'Cinnamon Island',2,380),(734,'CTY_LK-1_CL-11_001','Colombo',1,380),(735,NULL,'Rumassala Hill',2,381),(736,NULL,'Panadura Beach',2,382),(737,NULL,'Sri Pada (Adam\'s Peak)',2,383),(738,NULL,'Jaffna Public Library',2,384),(739,NULL,'Marawila Beach',2,385),(740,NULL,'Pedro Tea Estate',2,386),(741,NULL,'Bandarawela Park',2,387),(742,NULL,'Nallur Kandaswamy Temple',2,388),(743,NULL,'Victoria Park',2,389),(744,'CTY_LK-2_KN-21_003','Kundasagara',1,389),(745,NULL,'Lipton\'s Seat',2,389),(746,NULL,'Mannar Fort',2,390),(747,NULL,'Parrot Rock',2,391),(748,NULL,'Temple of the Sacred Tooth Relic',2,392),(749,NULL,'Moragalla Beach',2,393),(750,NULL,'Hanthana Mountain Range',2,394),(751,'CTY_LK-2_ML-22_001','Matale',1,394),(752,NULL,'Lipton\'s Seat',2,394),(753,NULL,'Negombo Lagoon',2,395),(754,NULL,'Moragalla Beach',2,395),(755,NULL,'Lunuganga Estate',2,395),(756,NULL,'Bahiravokanda Vihara Buddha Statue',2,396),(757,NULL,'Temple of the Sacred Tooth Relic',2,396),(758,'CTY_LK-2_KN-21_001','Kandy',1,396),(759,NULL,'St. Mary\'s Cathedral',2,397),(760,'CTY_LK-6_PU-62_001','Puttalam',1,397),(761,NULL,'Marawila Beach',2,397),(762,NULL,'Madukanda Vihara',2,398),(763,NULL,'Negombo Lagoon',2,399),(764,NULL,'Parliament of Sri Lanka',2,400),(765,NULL,'Kataragama Temple Complex',2,401),(766,NULL,'Sella Kataragama',2,401),(767,NULL,'Tissa Dagoba',2,401),(768,'CTY_LK-8_BA-81_003','Haputale',1,402),(769,'CTY_LK-2_NE-23_001','Nuwara Eliya',1,403),(770,NULL,'Kandy Lake',2,403),(771,NULL,'Temple of the Sacred Tooth Relic',2,403),(772,NULL,'Dunhinda Falls',2,404),(773,'CTY_LK-2_KN-21_003','Kundasagara',1,405),(774,NULL,'Sinharaja Forest Reserve',2,406),(775,NULL,'Matara Fort',2,407),(776,NULL,'Jaffna Fort',2,408),(777,'CTY_LK-4_MN-24_001','Mannar',1,408),(778,'CTY_LK-4_JF-41_004','Mannar',1,408),(779,NULL,'Victoria Park',2,409),(780,NULL,'Temple of the Sacred Tooth Relic',2,409),(781,NULL,'Lipton\'s Seat',2,409),(782,'CTY_LK-4_MN-24_001','Mannar',1,410),(783,NULL,'Jaffna Public Library',2,410),(784,NULL,'Water Tower Monument',2,410),(785,NULL,'Chilaw Lagoon',2,411),(786,'CTY_LK-4_JF-41_004','Mannar',1,412),(787,NULL,'Talaimannar Pier',2,413),(788,NULL,'Ceylon Tea Museum',2,414),(789,NULL,'Temple of the Sacred Tooth Relic',2,414),(790,'CTY_LK-2_NE-23_001','Nuwara Eliya',1,414),(791,NULL,'Ibbagala Royal Cave Temple',2,415),(792,'CTY_LK-6_KU-61_001','Kurunegala',1,415),(793,NULL,'Dutch Fort Puttalam',2,415),(794,'CTY_LK-2_KN-21_003','Kundasagara',1,416),(795,NULL,'Pedro Tea Estate',2,417),(796,NULL,'Sri Muthumariamman Temple',2,417),(797,NULL,'Embekka Temple',2,417),(798,NULL,'Koneswaram Temple',2,418),(799,'CTY_LK-5_AM-52_001','Ampara',1,418),(800,NULL,'Trincomalee Harbor',2,418),(801,NULL,'Kiri Vehera',2,419),(802,'CTY_LK-8_MO-82_003','Kataragama',1,420),(803,NULL,'Yatala Vehera',2,420),(804,NULL,'Sella Kataragama',2,420),(805,NULL,'Parliament of Sri Lanka',2,421),(806,'CTY_LK-6_PU-62_001','Puttalam',1,422),(807,NULL,'Palatuwa Beach',2,423),(808,NULL,'Yala National Park Eastern Entrance',2,423),(809,NULL,'Palatuwa Bird Sanctuary',2,423),(810,NULL,'Ambuluwawa Tower',2,424),(811,NULL,'Kitulgala Forest Reserve',2,424),(812,'CTY_LK-9_KE-92_003','Embekka',1,424),(813,'CTY_LK-3_GA-31_006','Tangalle',1,425),(814,'CTY_LK-3_HM-33_001','Hambantota',1,426),(815,NULL,'Weligama Bay',2,426),(816,NULL,'Jungle Beach',2,426),(817,NULL,'Badulla Railway Station',2,427),(818,'CTY_LK-1_CL-11_006','Ratmalana',1,428),(819,NULL,'Victoria Park',2,429),(820,'CTY_LK-2_NE-23_001','Nuwara Eliya',1,429),(821,NULL,'Hanthana Mountain Range',2,429),(822,NULL,'Hanthana Mountain Range',2,430),(823,NULL,'Udawattakele Forest Reserve',2,430),(824,'CTY_LK-2_NE-23_001','Nuwara Eliya',1,430),(825,NULL,'Ibbankatuwa Megalithic Tombs',2,431),(826,NULL,'Parliament of Sri Lanka',2,432),(827,'CTY_LK-3_HM-33_002','Tissa',1,433),(828,NULL,'Yala National Park Eastern Entrance',2,433),(829,NULL,'Tissa Wewa',2,433),(830,'CTY_LK-8_BA-81_001','Badulla',1,434),(831,NULL,'Bandarawela Railway Station',2,434),(832,NULL,'Muthiyangana Raja Maha Vihara',2,434),(833,NULL,'Matale Spice Garden',2,435),(834,NULL,'Bahiravokanda Vihara Buddha Statue',2,435),(835,NULL,'Embekka Temple',2,435),(836,'CTY_LK-4_VA-43_001','Vavuniya',1,436),(837,NULL,'Thiruketheeswaram Temple',2,436),(838,'CTY_LK-4_JF-41_004','Mannar',1,436),(839,'CTY_LK-2_KN-21_001','Kandy',1,437),(840,NULL,'Gregory Lake',2,437),(841,'CTY_LK-2_NE-23_001','Nuwara Eliya',1,437),(842,'CTY_LK-2_ML-22_001','Matale',1,438),(843,NULL,'Lipton\'s Seat',2,439),(844,NULL,'Ceylon Tea Museum',2,439),(845,NULL,'Bahiravokanda Vihara Buddha Statue',2,439),(846,NULL,'Ambuluwawa Tower',2,440),(847,NULL,'Cinnamon Island',2,441),(848,'CTY_LK-6_PU-62_002','Chilaw',1,442),(849,NULL,'Lipton\'s Seat',2,443),(850,NULL,'Mannar Fort',2,444),(851,'CTY_LK-8_BA-81_001','Badulla',1,445),(852,'CTY_LK-8_BA-81_002','Bandarawela',1,445),(853,NULL,'Muthiyangana Raja Maha Vihara',2,445),(854,NULL,'Negombo Lagoon',2,446),(855,'CTY_LK-1_GA-12_001','Negombo',1,446),(856,'CTY_LK-1_KL-13_003','Bentota',1,446),(857,NULL,'Pedro Tea Estate',2,447),(858,NULL,'Lipton\'s Seat',2,447),(859,'CTY_LK-2_KN-21_001','Kandy',1,447),(860,'CTY_LK-8_BA-81_001','Badulla',1,448),(861,NULL,'Adisham Bungalow',2,448),(862,NULL,'Dambatenne Tea Factory',2,448),(863,NULL,'Vavuniya Tank',2,449),(864,NULL,'Diyawanna Oya',2,450),(865,NULL,'National Museum of Colombo',2,451),(866,'CTY_LK-2_KN-21_002','Peradeniya',1,452),(867,'CTY_LK-1_CL-11_004','Dehiwala-Mount Lavinia',1,453),(868,NULL,'Panadura Beach',2,453),(869,NULL,'Diyawanna Oya',2,453),(870,NULL,'Vavuniya Tank',2,454),(871,'CTY_LK-8_BA-81_002','Bandarawela',1,455),(872,NULL,'Bandarawela Railway Station',2,455),(873,'CTY_LK-8_BA-81_001','Badulla',1,455),(874,NULL,'Gadaladeniya Temple',2,456),(875,'CTY_LK-8_BA-81_001','Badulla',1,457),(876,NULL,'Dunhinda Falls',2,457),(877,'CTY_LK-8_BA-81_002','Bandarawela',1,457),(878,NULL,'National Museum of Colombo',2,458),(879,NULL,'Moragalla Beach',2,458),(880,'CTY_LK-1_CL-11_001','Colombo',1,458),(881,NULL,'Cinnamon Island',2,459),(882,NULL,'Negombo Lagoon',2,460),(883,NULL,'Mount Lavinia Beach Resort',2,460),(884,NULL,'Lunuganga Estate',2,460),(885,NULL,'Hanthana Mountain Range',2,461),(886,NULL,'Sri Muthumariamman Temple',2,461),(887,NULL,'Gregory Lake',2,461),(888,NULL,'Hikkaduwa Beach',2,462),(889,NULL,'Unawatuna Beach',2,462),(890,'CTY_LK-3_HM-33_001','Hambantota',1,462),(891,'CTY_LK-2_KN-21_003','Kundasagara',1,463),(892,'CTY_LK-3_MT-32_001','Matara',1,464),(893,NULL,'Pedro Tea Estate',2,465),(894,NULL,'Parrot Rock',2,466),(895,NULL,'Bahiravokanda Vihara Buddha Statue',2,467),(896,'CTY_LK-2_KN-21_002','Peradeniya',1,467),(897,'CTY_LK-2_KN-21_001','Kandy',1,467),(898,NULL,'Parrot Rock',2,468),(899,'CTY_LK-3_GA-31_005','Mirissa',1,468),(900,NULL,'Hummanaya Blow Hole',2,468),(901,'CTY_LK-6_KU-61_001','Kurunegala',1,469),(902,NULL,'Ibbagala Royal Cave Temple',2,469),(903,'CTY_LK-6_PU-62_001','Puttalam',1,469),(904,NULL,'Bundala National Park',2,470),(905,NULL,'Koneswaram Temple',2,471),(906,'CTY_LK-5_BA-51_004','Pasikuda',1,471),(907,NULL,'Gal Oya National Park',2,471),(908,NULL,'Ampara Tank',2,472),(909,'CTY_LK-4_KI-45_001','Kilinochchi',1,473),(910,NULL,'Gadaladeniya Temple',2,474),(911,NULL,'Ratnapura National Museum',2,474),(912,NULL,'Kitulgala Forest Reserve',2,474),(913,'CTY_LK-4_KI-45_001','Kilinochchi',1,475),(914,NULL,'Iranamadu Tank',2,475),(915,'CTY_LK-4_JF-41_001','Jaffna',1,475),(916,NULL,'Gangaramaya Temple',2,476),(917,NULL,'Dunhinda Falls',2,477),(918,NULL,'Bandarawela Railway Station',2,477),(919,'CTY_LK-8_BA-81_001','Badulla',1,477),(920,'CTY_LK-7_AN-71_001','Anuradhapura',1,478),(921,NULL,'Ranmasu Uyana',2,478),(922,NULL,'Gal Vihara',2,478),(923,'CTY_LK-9_KE-92_003','Embekka',1,479),(924,NULL,'Hanguranketha Palace Ruins',2,479),(925,NULL,'Ambuluwawa Tower',2,479),(926,NULL,'Batticaloa Lagoon',2,480),(927,'CTY_LK-5_BA-51_001','Batticaloa',1,480),(928,NULL,'Koneswaram Temple',2,480),(929,'CTY_LK-3_GA-31_005','Mirissa',1,481),(930,NULL,'Rumassala Hill',2,481),(931,NULL,'Unawatuna Beach',2,481),(932,'CTY_LK-2_NE-23_001','Nuwara Eliya',1,482),(933,NULL,'Kataragama Temple Complex',2,483),(934,'CTY_LK-3_HM-33_002','Tissa',1,483),(935,'CTY_LK-8_MO-82_003','Kataragama',1,483),(936,'CTY_LK-9_RA-91_001','Ratnapura',1,484),(937,NULL,'Negombo Lagoon',2,485),(938,NULL,'Matara Fort',2,486),(939,'CTY_LK-2_KN-21_003','Kundasagara',1,487),(940,NULL,'Embekka Temple',2,487),(941,NULL,'Temple of the Sacred Tooth Relic',2,487),(942,NULL,'Diyawanna Oya',2,488),(943,NULL,'Diyatha Uyana',2,488),(944,NULL,'National Museum of Colombo',2,488),(945,NULL,'Beira Lake',2,489),(946,NULL,'Negombo Lagoon',2,489),(947,'CTY_LK-1_CL-11_001','Colombo',1,489),(948,NULL,'Sri Muthumariamman Temple',2,490),(949,NULL,'Ceylon Tea Museum',2,491),(950,NULL,'Badulla Railway Station',2,492),(951,NULL,'Galapitamada Prehistoric Cave',2,493),(952,NULL,'Negombo Beach Park',2,494),(953,NULL,'Muthiyangana Raja Maha Vihara',2,495),(954,NULL,'National Museum of Colombo',2,496),(955,NULL,'Panadura Beach',2,496),(956,'CTY_LK-1_CL-11_001','Colombo',1,496),(957,NULL,'Richmond Castle',2,497),(958,NULL,'Moragalla Beach',2,497),(959,'CTY_LK-1_KL-13_001','Kalutara',1,497),(960,NULL,'Palatuwa Bird Sanctuary',2,498),(961,NULL,'Mahapelessa Hot Springs',2,498),(962,NULL,'Palatuwa Beach',2,498),(963,NULL,'Negombo Beach Park',2,499),(964,NULL,'Negombo Lagoon',2,499),(965,NULL,'Diyawanna Oya',2,499),(966,'CTY_LK-3_HM-33_005','Palatuwa',1,500),(967,NULL,'Diyawanna Oya',2,501),(968,NULL,'Bandarawela Park',2,502),(969,'CTY_LK-8_BA-81_003','Haputale',1,502),(970,NULL,'Dowa Ancient Rock Temple',2,502),(971,NULL,'Matale Spice Garden',2,503),(972,NULL,'Jungle Beach',2,504),(973,NULL,'Weligama Bay',2,504),(974,NULL,'Hikkaduwa Coral Sanctuary',2,504),(975,'CTY_LK-4_KI-45_001','Kilinochchi',1,505),(976,NULL,'Palatuwa Ancient Temple',2,506),(977,NULL,'Independence Memorial Hall',2,507),(978,NULL,'Cinnamon Island',2,507),(979,NULL,'Negombo Lagoon',2,507),(980,'CTY_LK-3_HM-33_001','Hambantota',1,508),(981,NULL,'Ibbagala Royal Cave Temple',2,509),(984,NULL,'Ratmalana Airport',2,512),(985,NULL,'Richmond Castle',2,513),(986,'CTY_LK-1_CL-11_010','Marawila',1,514),(987,NULL,'Marawila Beach',2,514),(988,NULL,'Munneswaram Temple',2,514),(989,'CTY_LK-4_JF-41_004','Mannar',1,515),(990,NULL,'Dambatenne Tea Factory',2,516),(991,NULL,'Ratmalana Airport',2,517),(992,'RML','Ratmalana Airport',3,517),(993,NULL,'Bambalapitiya Beach',2,517),(994,'CTY_LK-1_CL-11_004','Dehiwala-Mount Lavinia',1,518),(995,NULL,'Lunuganga Estate',2,518),(996,NULL,'Moragalla Beach',2,518),(997,'CTY_LK-2_KN-21_002','Peradeniya',1,519),(998,'CTY_LK-2_NE-23_001','Nuwara Eliya',1,519),(999,NULL,'Victoria Park',2,519),(1000,'CTY_LK-8_BA-81_003','Haputale',1,520),(1001,'CTY_LK-8_BA-81_001','Badulla',1,520),(1002,NULL,'Dambatenne Tea Factory',2,520),(1003,'CTY_LK-2_KN-21_002','Peradeniya',1,521),(1004,'CTY_LK-4_KI-45_001','Kilinochchi',1,522),(1005,'CTY_LK-4_JF-41_004','Mannar',1,522),(1006,NULL,'Vavuniya Tank',2,522),(1007,NULL,'Pedro Tea Estate',2,523),(1008,NULL,'Diyawanna Oya',2,524),(1009,NULL,'Fort Area',2,524),(1010,'CTY_LK-1_KL-13_001','Kalutara',1,524),(1011,'CTY_LK-4_JF-41_001','Jaffna',1,525),(1012,NULL,'Sri Pada (Adam\'s Peak)',2,526),(1013,NULL,'Galle Fort',2,527),(1014,NULL,'Koneswaram Temple',2,528),(1015,'CTY_LK-5_BA-51_001','Batticaloa',1,528),(1016,NULL,'Batticaloa Fort',2,528),(1017,NULL,'Lipton\'s Seat',2,529),(1018,NULL,'Victoria Park',2,529),(1019,'CTY_LK-2_ML-22_001','Matale',1,529),(1020,NULL,'Temple of the Sacred Tooth Relic',2,530),(1021,NULL,'Kilinochchi Market',2,531),(1022,'CTY_LK-4_VA-43_001','Vavuniya',1,531),(1023,NULL,'Thiruketheeswaram Temple',2,531),(1024,NULL,'Cinnamon Island',2,532),(1025,NULL,'Bambalapitiya Beach',2,532),(1026,NULL,'Panadura Bridge',2,532),(1027,NULL,'Japanese Peace Pagoda',2,533),(1028,NULL,'Jungle Beach',2,533),(1029,NULL,'Hikkaduwa Coral Sanctuary',2,533),(1030,NULL,'Galle Fort',2,534),(1031,'CTY_LK-8_BA-81_001','Badulla',1,535),(1032,NULL,'Madukanda Vihara',2,536),(1033,'JAF','Jaffna International Airport',3,536),(1034,NULL,'Jaffna Public Library',2,536),(1035,NULL,'Hambantota Port',2,537),(1036,NULL,'Weligama Bay',2,537),(1037,NULL,'Mulkirigala Rock Temple',2,537),(1038,'CTY_LK-3_HM-33_002','Tissa',1,538),(1039,'CTY_LK-8_MO-82_003','Kataragama',1,538),(1040,NULL,'Tissa Dagoba',2,538),(1041,'CTY_LK-1_GA-12_001','Negombo',1,539),(1042,NULL,'Kitulgala Forest Reserve',2,540),(1043,'CTY_LK-9_KE-92_001','Kegalle',1,540),(1044,NULL,'Kelani River',2,540),(1045,NULL,'Mirissa Beach',2,541),(1046,NULL,'Unawatuna Beach',2,541),(1047,'HRI','Mattala Rajapaksa International Airport',3,541),(1048,NULL,'Udawattakele Forest Reserve',2,542),(1049,NULL,'Ceylon Tea Museum',2,542),(1050,NULL,'Bahiravokanda Vihara Buddha Statue',2,542),(1051,NULL,'Kandy Lake',2,543),(1052,NULL,'Ceylon Tea Museum',2,543),(1053,NULL,'Lipton\'s Seat',2,543),(1054,NULL,'Dambatenne Tea Factory',2,544),(1055,NULL,'Parliament of Sri Lanka',2,545),(1056,'CTY_LK-1_GA-12_001','Negombo',1,545),(1057,NULL,'Negombo Lagoon',2,545),(1058,'CTY_LK-4_JF-41_004','Mannar',1,546),(1059,NULL,'Jaffna Fort',2,546),(1060,NULL,'Vavuniya Tank',2,546),(1061,NULL,'Ibbagala Royal Cave Temple',2,547),(1062,NULL,'Chilaw Lagoon',2,547),(1063,'CTY_LK-1_CL-11_010','Marawila',1,547),(1064,'CTY_LK-1_CL-11_002','Sri Jayawardenepura Kotte',1,548),(1065,NULL,'Fort Area',2,548),(1066,NULL,'Beira Lake',2,548),(1067,'CTY_LK-4_MN-24_001','Mannar',1,549),(1068,NULL,'Vavuniya Archaeological Museum',2,549),(1069,NULL,'Jaffna Public Library',2,549),(1070,NULL,'Ranmasu Uyana',2,550),(1071,'CTY_LK-2_ML-22_002','Dambulla',1,550),(1072,'CTY_LK-7_AN-71_001','Anuradhapura',1,550),(1073,'CTY_LK-3_GA-31_005','Mirissa',1,551),(1074,NULL,'Negombo Lagoon',2,552),(1075,'RML','Ratmalana Airport',3,552),(1076,'CTY_LK-1_KL-13_001','Kalutara',1,552),(1077,'CTY_LK-6_PU-62_002','Chilaw',1,553),(1078,NULL,'Thalawila Church',2,553),(1079,NULL,'Ibbagala Royal Cave Temple',2,553),(1080,NULL,'Sri Maha Bodhi',2,554),(1081,'CTY_LK-4_KI-45_001','Kilinochchi',1,555),(1082,NULL,'National Museum of Colombo',2,556),(1083,'CTY_LK-1_CL-11_006','Ratmalana',1,556),(1084,NULL,'Lunuganga Estate',2,556),(1085,'CTY_LK-2_KN-21_002','Peradeniya',1,557),(1086,NULL,'Richmond Castle',2,558),(1087,NULL,'Kelani River',2,559),(1088,NULL,'Dambatenne Tea Factory',2,560),(1089,'CTY_LK-8_BA-81_001','Badulla',1,560),(1090,NULL,'Dowa Ancient Rock Temple',2,560),(1091,NULL,'Palatuwa Ancient Temple',2,561),(1092,'CTY_LK-7_PO-72_001','Polonnaruwa',1,562),(1093,NULL,'Ampara Tank',2,563),(1094,NULL,'Fort Frederick',2,563),(1095,'CTY_LK-5_TR-53_001','Trincomalee',1,563),(1096,NULL,'Vavuniya Archaeological Museum',2,564),(1097,NULL,'Kilinochchi Market',2,564),(1098,'CTY_LK-4_JF-41_004','Mannar',1,564),(1099,NULL,'Kushtarajagala',2,565),(1100,NULL,'Mirissa Beach',2,565),(1101,NULL,'Galle Fort',2,565),(1102,NULL,'Diyatha Uyana',2,566),(1103,NULL,'Fort Area',2,566),(1104,NULL,'Independence Memorial Hall',2,566),(1105,NULL,'Ibbagala Royal Cave Temple',2,567),(1106,'CTY_LK-6_KU-61_001','Kurunegala',1,567),(1107,NULL,'Kalpitiya Beach',2,567),(1108,'CTY_LK-3_GA-31_002','Hikkaduwa',1,568),(1109,NULL,'Taprobane Island',2,568),(1110,'CTY_LK-3_MT-32_001','Matara',1,568),(1111,NULL,'Madukanda Vihara',2,569),(1112,NULL,'Iranamadu Tank',2,569),(1113,NULL,'Thiruketheeswaram Temple',2,569),(1114,NULL,'Lunuganga Estate',2,570),(1115,NULL,'Batticaloa Fort',2,571),(1116,NULL,'Ampara Tank',2,571),(1117,NULL,'Gal Oya National Park',2,571),(1118,NULL,'Ambuluwawa Tower',2,572),(1119,NULL,'Yatala Vehera',2,573),(1120,NULL,'Dowa Ancient Rock Temple',2,574),(1121,NULL,'Bandarawela Park',2,574),(1122,NULL,'Badulla Railway Station',2,574),(1123,'CTY_LK-4_MN-24_001','Mannar',1,575),(1124,NULL,'Madukanda Vihara',2,575),(1125,'JAF','Jaffna International Airport',3,575),(1126,NULL,'Bandarawela Park',2,576),(1127,'CTY_LK-8_BA-81_002','Bandarawela',1,576),(1128,NULL,'Bandarawela Railway Station',2,576),(1129,NULL,'Ibbagala Royal Cave Temple',2,577),(1130,NULL,'Thalawila Church',2,577),(1131,NULL,'Munneswaram Temple',2,577),(1132,NULL,'Muthiyangana Raja Maha Vihara',2,578),(1133,NULL,'Bandarawela Park',2,579),(1134,NULL,'Dunhinda Falls',2,579),(1135,NULL,'Muthiyangana Raja Maha Vihara',2,579),(1136,NULL,'Beira Lake',2,580),(1137,NULL,'Viharamahadevi Park',2,580),(1138,'CTY_LK-1_KL-13_001','Kalutara',1,580),(1139,NULL,'Dutch Fort Puttalam',2,581),(1140,NULL,'Marawila Beach',2,581),(1141,NULL,'St. Mary\'s Cathedral',2,581),(1142,NULL,'Sri Muthumariamman Temple',2,582),(1143,'CTY_LK-2_KN-21_003','Kundasagara',1,582),(1144,'CTY_LK-2_NE-23_001','Nuwara Eliya',1,582),(1145,NULL,'Mount Lavinia Beach Resort',2,583),(1146,NULL,'Thiruketheeswaram Temple',2,584),(1147,NULL,'Pedro Tea Estate',2,585),(1148,NULL,'Lipton\'s Seat',2,585),(1149,'CTY_LK-2_KN-21_001','Kandy',1,585),(1150,'CTY_LK-6_KU-61_001','Kurunegala',1,586),(1151,NULL,'Dutch Fort Puttalam',2,587),(1152,NULL,'Diyawanna Oya',2,588),(1153,NULL,'Moragalla Beach',2,588),(1154,NULL,'Ratmalana Airport',2,588),(1155,'CTY_LK-4_VA-43_001','Vavuniya',1,589),(1156,NULL,'Jaffna Fort',2,589),(1157,NULL,'Talaimannar Pier',2,589),(1158,NULL,'Palatuwa Ancient Temple',2,590),(1159,NULL,'Tissa Wewa',2,590),(1160,NULL,'Palatuwa Bird Sanctuary',2,590),(1161,'CTY_LK-9_KE-92_001','Kegalle',1,591),(1162,NULL,'Ratmalana Airport',2,592),(1163,NULL,'Chilaw Lagoon',2,593),(1164,NULL,'Ethagala Rock',2,593),(1165,NULL,'St. Mary\'s Cathedral',2,593),(1166,NULL,'Thalawila Church',2,594),(1167,NULL,'Chilaw Lagoon',2,594),(1168,'CTY_LK-6_PU-62_002','Chilaw',1,594),(1169,'CTY_LK-1_KL-13_003','Bentota',1,595),(1170,NULL,'Independence Memorial Hall',2,595),(1171,NULL,'Panadura Bridge',2,595),(1172,NULL,'Diyatha Uyana',2,596),(1173,NULL,'Mahapelessa Hot Springs',2,597),(1174,NULL,'Palatuwa Beach',2,597),(1175,'CTY_LK-3_HM-33_005','Palatuwa',1,597),(1176,'CTY_LK-4_KI-45_001','Kilinochchi',1,598),(1177,'CTY_LK-4_VA-43_001','Vavuniya',1,598),(1178,NULL,'Kilinochchi Market',2,598),(1179,NULL,'Jungle Beach',2,599),(1180,NULL,'Hummanaya Blow Hole',2,599),(1181,NULL,'Tangalle Beach',2,599),(1182,NULL,'Tissa Dagoba',2,600),(1183,'CTY_LK-3_HM-33_002','Tissa',1,600),(1184,NULL,'Palatuwa Beach',2,600),(1185,NULL,'Talaimannar Pier',2,601),(1186,'CTY_LK-4_JF-41_001','Jaffna',1,601),(1187,NULL,'Madukanda Vihara',2,601),(1188,NULL,'Nallur Kandaswamy Temple',2,602),(1189,NULL,'Iranamadu Tank',2,602),(1190,NULL,'Mannar Fort',2,602),(1191,NULL,'Diyatha Uyana',2,603),(1192,'CTY_LK-7_PO-72_001','Polonnaruwa',1,604),(1193,NULL,'Kantaka Cetiya',2,604),(1194,NULL,'Sri Maha Bodhi',2,604),(1195,'CTY_LK-8_MO-82_003','Kataragama',1,605),(1196,NULL,'Yala National Park Eastern Entrance',2,605),(1197,NULL,'Mahapelessa Hot Springs',2,605),(1198,NULL,'Munneswaram Temple',2,606),(1199,NULL,'St. Mary\'s Cathedral',2,606),(1200,NULL,'Marawila Beach',2,606),(1201,NULL,'Pasikuda Beach',2,607),(1202,NULL,'Batticaloa Fort',2,607),(1203,'CTY_LK-5_BA-51_004','Pasikuda',1,607),(1204,NULL,'Matara Fort',2,608),(1205,'CTY_LK-3_HM-33_005','Palatuwa',1,609),(1206,'JAF','Jaffna International Airport',3,610),(1207,NULL,'Trincomalee Harbor',2,611),(1208,NULL,'Pasikuda Beach',2,611),(1209,NULL,'Fort Frederick',2,611),(1210,NULL,'Badulla Railway Station',2,612),(1211,'CTY_LK-4_VA-43_001','Vavuniya',1,613),(1212,'CTY_LK-4_JF-41_004','Mannar',1,613),(1213,'CTY_LK-4_MN-24_001','Mannar',1,613),(1214,'CTY_LK-5_BA-51_001','Batticaloa',1,614),(1215,NULL,'Dambatenne Tea Factory',2,615),(1216,NULL,'Negombo Lagoon',2,616),(1217,NULL,'Hanthana Mountain Range',2,617),(1218,'CTY_LK-2_KN-21_001','Kandy',1,617),(1219,NULL,'Pedro Tea Estate',2,617),(1220,'CTY_LK-3_GA-31_005','Mirissa',1,618),(1221,'CTY_LK-3_GA-31_006','Tangalle',1,618),(1222,NULL,'Tangalle Beach',2,618),(1223,NULL,'Bahiravokanda Vihara Buddha Statue',2,619),(1224,NULL,'National Museum of Colombo',2,620),(1225,'CTY_LK-1_GA-12_001','Negombo',1,620),(1226,'CMB','Bandaranaike International Airport',3,620),(1227,'CTY_LK-3_GA-31_002','Hikkaduwa',1,621),(1228,NULL,'Lipton\'s Seat',2,622),(1229,NULL,'Fort Frederick',2,623),(1230,NULL,'Trincomalee Harbor',2,623),(1231,NULL,'Kallady Bridge',2,623),(1232,NULL,'Kandy Lake',2,624),(1233,NULL,'Udawattakele Forest Reserve',2,624),(1234,'CTY_LK-2_KN-21_001','Kandy',1,624),(1235,NULL,'Jaffna Fort',2,625),(1236,NULL,'Talaimannar Pier',2,625),(1237,'CTY_LK-4_JF-41_004','Mannar',1,625),(1238,NULL,'Batticaloa Lagoon',2,626),(1239,NULL,'Fort Frederick',2,626),(1240,NULL,'Pasikuda Beach',2,626),(1241,NULL,'Gal Vihara',2,627),(1242,NULL,'Udawattakele Forest Reserve',2,628),(1243,NULL,'Dowa Ancient Rock Temple',2,629),(1244,NULL,'Kilinochchi Market',2,630),(1245,NULL,'Ceylon Tea Museum',2,631),(1246,NULL,'Sinharaja Forest Reserve',2,632),(1247,'CTY_LK-4_MN-24_001','Mannar',1,633),(1248,NULL,'Iranamadu Tank',2,633),(1249,NULL,'Mannar Fort',2,633),(1250,NULL,'Embekka Temple',2,634),(1251,NULL,'Gregory Lake',2,634),(1252,NULL,'Kandy Lake',2,634),(1253,NULL,'Cinnamon Island',2,635),(1254,'CTY_LK-1_KL-13_003','Bentota',1,635),(1255,NULL,'Panadura Bridge',2,635),(1256,NULL,'Bandarawela Railway Station',2,636),(1257,'CTY_LK-1_CL-11_002','Sri Jayawardenepura Kotte',1,637),(1258,NULL,'Lipton\'s Seat',2,638),(1259,NULL,'Dowa Ancient Rock Temple',2,639),(1260,NULL,'Adisham Bungalow',2,639),(1261,'CTY_LK-8_BA-81_001','Badulla',1,639),(1262,NULL,'Dowa Ancient Rock Temple',2,640),(1263,'CTY_LK-1_CL-11_010','Marawila',1,641),(1264,'CTY_LK-6_PU-62_002','Chilaw',1,641),(1265,'CTY_LK-6_KU-61_001','Kurunegala',1,641),(1266,'CTY_LK-4_MN-24_001','Mannar',1,642),(1267,NULL,'Water Tower Monument',2,642),(1268,NULL,'Vavuniya Archaeological Museum',2,642),(1269,NULL,'Ethagala Rock',2,643),(1270,'CTY_LK-4_MN-24_001','Mannar',1,644),(1271,NULL,'Thiruketheeswaram Temple',2,644),(1272,'CTY_LK-4_KI-45_001','Kilinochchi',1,644),(1273,NULL,'Thiruketheeswaram Temple',2,645),(1274,NULL,'Jaffna Public Library',2,646),(1275,NULL,'Mannar Fort',2,646),(1276,'CTY_LK-4_JF-41_001','Jaffna',1,646),(1277,NULL,'Munneswaram Temple',2,647),(1278,NULL,'National Museum of Colombo',2,648),(1279,NULL,'Hambantota Port',2,649),(1280,NULL,'Ratmalana Airport',2,650),(1281,NULL,'Vavuniya Archaeological Museum',2,651),(1282,NULL,'Fort Area',2,652),(1283,NULL,'Kataragama Temple Complex',2,653),(1284,NULL,'Palatuwa Ancient Temple',2,653),(1285,NULL,'Tissa Wewa',2,653),(1286,NULL,'Panadura Bridge',2,654),(1287,NULL,'Negombo Beach Park',2,654),(1288,'CTY_LK-1_CL-11_002','Sri Jayawardenepura Kotte',1,654),(1289,NULL,'Lipton\'s Seat',2,655),(1290,NULL,'Matale Spice Garden',2,656),(1291,NULL,'Hanthana Mountain Range',2,656),(1292,NULL,'Kandy Lake',2,656),(1293,NULL,'Hanguranketha Palace Ruins',2,657),(1294,'CTY_LK-9_RA-91_001','Ratnapura',1,657),(1295,NULL,'Sri Pada (Adam\'s Peak)',2,657),(1296,NULL,'Kalpitiya Beach',2,658),(1297,NULL,'Munneswaram Temple',2,658),(1298,'CTY_LK-1_CL-11_010','Marawila',1,658),(1299,NULL,'Whale Watching Point',2,659),(1300,'HRI','Mattala Rajapaksa International Airport',3,659),(1301,NULL,'Hummanaya Blow Hole',2,659),(1302,NULL,'Bahiravokanda Vihara Buddha Statue',2,660),(1303,'CTY_LK-8_BA-81_003','Haputale',1,661),(1304,NULL,'Muthiyangana Raja Maha Vihara',2,661),(1305,NULL,'Dambatenne Tea Factory',2,661),(1306,'CTY_LK-2_KN-21_001','Kandy',1,662),(1307,NULL,'Sri Muthumariamman Temple',2,662),(1308,'CTY_LK-2_KN-21_003','Kundasagara',1,662),(1309,NULL,'Cinnamon Island',2,663),(1310,NULL,'Kalutara Bodhiya',2,663),(1311,'CTY_LK-1_CL-11_006','Ratmalana',1,663),(1312,NULL,'Cinnamon Island',2,664),(1313,NULL,'Negombo Lagoon',2,664),(1314,'CTY_LK-1_CL-11_006','Ratmalana',1,664),(1315,NULL,'Richmond Castle',2,665),(1316,NULL,'Panadura Bridge',2,665),(1317,NULL,'Lunuganga Estate',2,665),(1318,'CTY_LK-1_CL-11_006','Ratmalana',1,666),(1319,NULL,'Jaffna Fort',2,667),(1320,NULL,'Taprobane Island',2,668),(1321,NULL,'Hikkaduwa Coral Sanctuary',2,668),(1322,NULL,'Rumassala Hill',2,668),(1323,'CTY_LK-3_GA-31_001','Galle',1,669),(1324,'CTY_LK-3_GA-31_002','Hikkaduwa',1,669),(1325,NULL,'Hikkaduwa Coral Sanctuary',2,669),(1326,NULL,'Diyatha Uyana',2,670),(1327,NULL,'Diyawanna Oya',2,670),(1328,'CTY_LK-1_KL-13_003','Bentota',1,670),(1329,NULL,'Trincomalee Harbor',2,671),(1330,NULL,'Fort Frederick',2,671),(1331,NULL,'Batticaloa Lagoon',2,671),(1332,NULL,'Diyatha Uyana',2,672),(1333,'CTY_LK-1_GA-12_001','Negombo',1,672),(1334,'RML','Ratmalana Airport',3,672),(1335,NULL,'Fort Area',2,673),(1336,NULL,'Kandy Lake',2,674),(1337,NULL,'Lipton\'s Seat',2,674),(1338,NULL,'Sri Muthumariamman Temple',2,674),(1339,NULL,'Adisham Bungalow',2,675),(1340,NULL,'Dambatenne Tea Factory',2,675),(1341,NULL,'Bandarawela Park',2,675),(1342,NULL,'Pasikuda Beach',2,676),(1343,NULL,'Hummanaya Blow Hole',2,677),(1344,NULL,'Bandarawela Railway Station',2,678),(1345,'CTY_LK-8_BA-81_003','Haputale',1,678),(1346,NULL,'Dowa Ancient Rock Temple',2,678),(1347,NULL,'Bambalapitiya Beach',2,679),(1348,NULL,'Kushtarajagala',2,680),(1349,NULL,'Jungle Beach',2,680),(1350,'CTY_LK-3_GA-31_004','Unawatuna',1,680),(1351,NULL,'Ratmalana Airport',2,681),(1352,NULL,'Koneswaram Temple',2,682),(1353,NULL,'Vavuniya Tank',2,683),(1354,'CTY_LK-4_MN-24_001','Mannar',1,683),(1355,NULL,'Iranamadu Tank',2,683),(1356,'CTY_LK-1_CL-11_006','Ratmalana',1,684),(1357,NULL,'Dutch Fort Ruins',2,684),(1358,NULL,'Viharamahadevi Park',2,684),(1359,NULL,'Batticaloa Lagoon',2,685),(1360,NULL,'Ampara Tank',2,685),(1361,'CTY_LK-5_BA-51_001','Batticaloa',1,685),(1362,'CTY_LK-4_MN-24_001','Mannar',1,686),(1363,NULL,'Jaffna Fort',2,686),(1364,NULL,'Jaffna Public Library',2,686),(1365,NULL,'Dambatenne Tea Factory',2,687),(1366,'CTY_LK-8_BA-81_002','Bandarawela',1,687),(1367,NULL,'Bandarawela Railway Station',2,687),(1368,NULL,'Bandarawela Railway Station',2,688),(1369,NULL,'Dambatenne Tea Factory',2,688),(1370,NULL,'Adisham Bungalow',2,688),(1371,'CTY_LK-7_AN-71_003','Mihintale',1,689),(1372,'CTY_LK-2_KN-21_003','Kundasagara',1,690),(1373,NULL,'Thiruketheeswaram Temple',2,691),(1374,NULL,'Talaimannar Pier',2,691),(1375,'CTY_LK-4_JF-41_001','Jaffna',1,691),(1376,NULL,'Kurunegala Lake',2,692),(1377,NULL,'Ethagala Rock',2,692),(1378,NULL,'Munneswaram Temple',2,692),(1379,NULL,'Lunuganga Estate',2,693),(1380,NULL,'Diyawanna Oya',2,693),(1381,'CTY_LK-1_CL-11_001','Colombo',1,693),(1382,NULL,'Bambalapitiya Beach',2,694),(1383,'CTY_LK-1_CL-11_004','Dehiwala-Mount Lavinia',1,694),(1384,NULL,'Panadura Beach',2,694),(1385,'CTY_LK-1_CL-11_006','Ratmalana',1,695),(1386,'CTY_LK-1_GA-12_001','Negombo',1,695),(1387,NULL,'Mount Lavinia Beach Resort',2,695),(1388,'CTY_LK-6_KU-61_001','Kurunegala',1,696),(1389,NULL,'Ethagala Rock',2,696),(1390,NULL,'Marawila Beach',2,696),(1391,NULL,'Lunuganga Estate',2,697),(1392,NULL,'Mount Lavinia Beach Resort',2,697),(1393,NULL,'Viharamahadevi Park',2,697),(1394,'CTY_LK-4_VA-43_001','Vavuniya',1,698),(1395,'CTY_LK-4_JF-41_001','Jaffna',1,698),(1396,NULL,'Jaffna Fort',2,698),(1397,NULL,'Mannar Fort',2,699),(1398,'CTY_LK-4_JF-41_004','Mannar',1,699),(1399,'CTY_LK-4_VA-43_001','Vavuniya',1,699),(1400,NULL,'Trincomalee Harbor',2,700),(1401,'CTY_LK-7_PO-72_001','Polonnaruwa',1,701),(1402,NULL,'Sri Maha Bodhi',2,701),(1403,NULL,'Kantaka Cetiya',2,701),(1404,NULL,'Diyawanna Oya',2,702),(1405,NULL,'Ibbankatuwa Megalithic Tombs',2,703),(1406,NULL,'Dambulla Cave Temple',2,703),(1407,'CTY_LK-2_ML-22_002','Dambulla',1,703),(1408,'CTY_LK-1_KL-13_003','Bentota',1,704),(1409,NULL,'Hanthana Mountain Range',2,705),(1410,NULL,'Udawattakele Forest Reserve',2,705),(1411,NULL,'Kandy Lake',2,705),(1412,NULL,'Embekka Temple',2,706),(1413,NULL,'Udawattakele Forest Reserve',2,706),(1414,NULL,'Hanthana Mountain Range',2,706),(1415,NULL,'Kitulgala Forest Reserve',2,707),(1416,'CTY_LK-9_KE-92_003','Embekka',1,708),(1417,NULL,'Galle Fort',2,709),(1418,NULL,'Matara Fort',2,709),(1419,NULL,'Rumassala Hill',2,709),(1420,'CTY_LK-8_BA-81_002','Bandarawela',1,710),(1421,NULL,'Dambatenne Tea Factory',2,710),(1422,'CTY_LK-8_BA-81_001','Badulla',1,710),(1423,'CTY_LK-1_KL-13_003','Bentota',1,711),(1424,'JAF','Jaffna International Airport',3,712),(1425,NULL,'Hikkaduwa Beach',2,713),(1426,'CTY_LK-9_KE-92_001','Kegalle',1,714),(1427,NULL,'Kitulgala Forest Reserve',2,714),(1428,NULL,'Ambuluwawa Tower',2,714),(1429,NULL,'Thiruketheeswaram Temple',2,715),(1430,NULL,'Mannar Fort',2,716),(1431,NULL,'Badulla Railway Station',2,717),(1432,NULL,'Bahiravokanda Vihara Buddha Statue',2,718),(1433,NULL,'Lipton\'s Seat',2,718),(1434,'CTY_LK-2_KN-21_002','Peradeniya',1,718),(1435,NULL,'Ratmalana Airport',2,719),(1436,'CTY_LK-4_JF-41_004','Mannar',1,720),(1437,NULL,'Kandy Lake',2,721),(1438,NULL,'Hanthana Mountain Range',2,721),(1439,'CTY_LK-2_NE-23_001','Nuwara Eliya',1,721),(1440,'CTY_LK-1_CL-11_001','Colombo',1,722),(1441,'RML','Ratmalana Airport',3,722),(1442,NULL,'Panadura Beach',2,722),(1443,NULL,'Diyatha Uyana',2,723),(1444,NULL,'Matale Spice Garden',2,724),(1445,NULL,'Ceylon Tea Museum',2,724),(1446,'CTY_LK-2_KN-21_003','Kundasagara',1,724),(1447,NULL,'Panadura Beach',2,725),(1448,NULL,'Gangaramaya Temple',2,725),(1449,NULL,'Panadura Bridge',2,725),(1450,NULL,'Sri Maha Bodhi',2,726),(1451,NULL,'Ranmasu Uyana',2,727),(1452,'CTY_LK-2_KN-21_002','Peradeniya',1,728),(1453,NULL,'Sri Muthumariamman Temple',2,728),(1454,NULL,'Matale Spice Garden',2,728),(1455,NULL,'Mannar Fort',2,729),(1456,NULL,'Mount Lavinia Beach Resort',2,730),(1457,NULL,'Tissa Dagoba',2,731),(1458,NULL,'Sella Kataragama',2,731),(1459,'CTY_LK-3_HM-33_002','Tissa',1,731),(1460,'CTY_LK-3_MT-32_001','Matara',1,732),(1461,NULL,'Dowa Ancient Rock Temple',2,733),(1462,NULL,'Dambatenne Tea Factory',2,733),(1463,NULL,'Dunhinda Falls',2,733),(1464,NULL,'Madukanda Vihara',2,734),(1465,'CTY_LK-4_MN-24_001','Mannar',1,734),(1466,'CTY_LK-4_JF-41_001','Jaffna',1,734),(1467,NULL,'Matara Fort',2,735),(1468,NULL,'Panadura Beach',2,736),(1469,'CTY_LK-8_BA-81_003','Haputale',1,737),(1470,NULL,'Badulla Railway Station',2,737),(1471,NULL,'Dambatenne Tea Factory',2,737),(1472,NULL,'Dambulla Cave Temple',2,738),(1473,NULL,'Sri Maha Bodhi',2,738),(1474,NULL,'Ibbankatuwa Megalithic Tombs',2,738),(1475,'CTY_LK-6_KU-61_001','Kurunegala',1,739),(1476,NULL,'Munneswaram Temple',2,739),(1477,NULL,'Chilaw Lagoon',2,739),(1478,'CTY_LK-4_VA-43_001','Vavuniya',1,740),(1479,NULL,'Mount Lavinia Beach Resort',2,741),(1480,'CTY_LK-1_CL-11_001','Colombo',1,741),(1481,NULL,'Moragalla Beach',2,741),(1482,'CTY_LK-3_GA-31_001','Galle',1,742),(1483,NULL,'Whale Watching Point',2,742),(1484,'CTY_LK-3_HM-33_001','Hambantota',1,742),(1485,'CTY_LK-1_CL-11_006','Ratmalana',1,743),(1486,NULL,'Galapitamada Prehistoric Cave',2,744),(1487,NULL,'Hanguranketha Palace Ruins',2,744),(1488,NULL,'Gadaladeniya Temple',2,744),(1489,'CTY_LK-5_AM-52_001','Ampara',1,745),(1490,'CTY_LK-3_GA-31_003','Weligama',1,746),(1491,NULL,'Water Tower Monument',2,747),(1492,'CTY_LK-4_MN-24_001','Mannar',1,747),(1493,NULL,'Nallur Kandaswamy Temple',2,747),(1494,NULL,'Dowa Ancient Rock Temple',2,748),(1495,'CTY_LK-8_BA-81_003','Haputale',1,749),(1496,NULL,'Galapitamada Prehistoric Cave',2,750),(1497,'CTY_LK-9_RA-91_001','Ratnapura',1,750),(1498,'CTY_LK-9_KE-92_001','Kegalle',1,750),(1499,NULL,'Dambatenne Tea Factory',2,751),(1500,NULL,'Muthiyangana Raja Maha Vihara',2,751),(1501,NULL,'Badulla Railway Station',2,751),(1502,'CTY_LK-4_VA-43_001','Vavuniya',1,752),(1503,'CTY_LK-4_JF-41_004','Mannar',1,752),(1504,'CTY_LK-4_KI-45_001','Kilinochchi',1,752),(1505,NULL,'Beira Lake',2,753),(1506,NULL,'Dutch Fort Ruins',2,753),(1507,NULL,'Parliament of Sri Lanka',2,753),(1508,NULL,'Gangaramaya Temple',2,754),(1509,NULL,'Gregory Lake',2,755),(1510,NULL,'Kalutara Bodhiya',2,756),(1511,NULL,'Fort Frederick',2,757),(1512,NULL,'Ambuluwawa Tower',2,758),(1513,'JAF','Jaffna International Airport',3,759),(1514,NULL,'Kilinochchi Market',2,760),(1515,NULL,'Jaffna Public Library',2,761),(1516,NULL,'Jaffna Fort',2,761),(1517,NULL,'Mannar Fort',2,761),(1518,NULL,'Mahapelessa Hot Springs',2,762),(1519,NULL,'Palatuwa Ancient Temple',2,762),(1520,'CTY_LK-8_MO-82_003','Kataragama',1,762),(1521,NULL,'Batticaloa Fort',2,763),(1522,NULL,'Japanese Peace Pagoda',2,764),(1523,NULL,'Kushtarajagala',2,764),(1524,'CTY_LK-3_GA-31_001','Galle',1,764),(1525,NULL,'Kandy Lake',2,765),(1526,NULL,'Matale Spice Garden',2,766),(1527,NULL,'Temple of the Sacred Tooth Relic',2,766),(1528,NULL,'Udawattakele Forest Reserve',2,766),(1529,NULL,'Rumassala Hill',2,767),(1530,NULL,'Kilinochchi Market',2,768),(1531,'CTY_LK-4_JF-41_004','Mannar',1,769),(1532,NULL,'Victoria Park',2,770),(1533,'CTY_LK-2_KN-21_002','Peradeniya',1,770),(1534,NULL,'Gregory Lake',2,770),(1535,NULL,'Vavuniya Archaeological Museum',2,771),(1536,NULL,'Gadaladeniya Temple',2,772),(1537,NULL,'Mannar Fort',2,773),(1538,NULL,'Madukanda Vihara',2,773),(1539,NULL,'Thiruketheeswaram Temple',2,773),(1540,NULL,'Bahiravokanda Vihara Buddha Statue',2,774),(1541,NULL,'Hanthana Mountain Range',2,774),(1542,NULL,'Sri Muthumariamman Temple',2,774),(1543,NULL,'Iranamadu Tank',2,775),(1544,'CTY_LK-1_GA-12_001','Negombo',1,776),(1545,NULL,'Lunuganga Estate',2,777),(1546,NULL,'Mihintale Hospital Ruins',2,778),(1547,NULL,'Kantaka Cetiya',2,778),(1548,NULL,'Dambulla Cave Temple',2,778),(1549,'CTY_LK-2_NE-23_001','Nuwara Eliya',1,779),(1550,NULL,'Bahiravokanda Vihara Buddha Statue',2,779),(1551,'CTY_LK-2_ML-22_001','Matale',1,779),(1552,NULL,'Parliament of Sri Lanka',2,780),(1553,NULL,'Muthiyangana Raja Maha Vihara',2,781),(1554,NULL,'Parliament of Sri Lanka',2,782),(1555,NULL,'Ratmalana Airport',2,782),(1556,'RML','Ratmalana Airport',3,782),(1557,'CTY_LK-2_ML-22_001','Matale',1,783),(1558,NULL,'Embekka Temple',2,783),(1559,NULL,'Kandy Lake',2,783),(1560,'CTY_LK-2_KN-21_002','Peradeniya',1,784),(1561,'CTY_LK-1_GA-12_001','Negombo',1,785),(1562,NULL,'Coconut Cultural Park',2,786),(1563,NULL,'Lunuganga Estate',2,787),(1564,NULL,'St. Mary\'s Cathedral',2,788),(1565,NULL,'Chilaw Lagoon',2,788),(1566,NULL,'Thalawila Church',2,788),(1567,NULL,'Weligama Bay',2,789),(1568,NULL,'Kilinochchi Market',2,790),(1569,NULL,'Nallur Kandaswamy Temple',2,790),(1570,NULL,'Jaffna Fort',2,790),(1571,NULL,'Kallady Bridge',2,791),(1572,NULL,'Lunuganga Estate',2,792),(1573,NULL,'Polhena Beach',2,793),(1574,NULL,'Parrot Rock',2,794),(1575,'CTY_LK-3_GA-31_004','Unawatuna',1,794),(1576,'CTY_LK-3_GA-31_001','Galle',1,794),(1577,'CTY_LK-1_GA-12_001','Negombo',1,795),(1578,NULL,'Parliament of Sri Lanka',2,795),(1579,NULL,'Diyatha Uyana',2,795),(1580,NULL,'Mount Lavinia Beach Resort',2,796),(1581,'CTY_LK-1_CL-11_006','Ratmalana',1,796),(1582,NULL,'Panadura Beach',2,796),(1583,NULL,'Fort Area',2,797),(1584,NULL,'Mount Lavinia Beach Resort',2,797),(1585,'CTY_LK-1_CL-11_002','Sri Jayawardenepura Kotte',1,797),(1586,NULL,'Nallur Kandaswamy Temple',2,798),(1587,'CTY_LK-4_JF-41_004','Mannar',1,798),(1588,NULL,'Jaffna Fort',2,798),(1589,NULL,'Embekka Temple',2,799),(1590,NULL,'Temple of the Sacred Tooth Relic',2,799),(1591,NULL,'Bahiravokanda Vihara Buddha Statue',2,799),(1592,NULL,'Kilinochchi Market',2,800),(1593,NULL,'Temple of the Sacred Tooth Relic',2,801),(1594,NULL,'Kilinochchi Market',2,802),(1595,NULL,'Sri Muthumariamman Temple',2,803),(1596,'CTY_LK-2_ML-22_001','Matale',1,803),(1597,NULL,'Hanthana Mountain Range',2,803),(1598,NULL,'Muthiyangana Raja Maha Vihara',2,804),(1599,NULL,'Dambatenne Tea Factory',2,804),(1600,'CTY_LK-8_BA-81_001','Badulla',1,804),(1601,'CTY_LK-8_BA-81_001','Badulla',1,805),(1602,NULL,'Muthiyangana Raja Maha Vihara',2,805),(1603,NULL,'Dowa Ancient Rock Temple',2,805),(1604,NULL,'Whale Watching Point',2,806),(1605,NULL,'Dambatenne Tea Factory',2,807),(1606,NULL,'Muthiyangana Raja Maha Vihara',2,807),(1607,NULL,'Dunhinda Falls',2,807),(1608,NULL,'Kelani River',2,808),(1609,NULL,'Sinharaja Forest Reserve',2,808),(1610,NULL,'Sri Pada (Adam\'s Peak)',2,808),(1611,NULL,'Water Tower Monument',2,809),(1612,NULL,'Ceylon Tea Museum',2,810),(1613,'CTY_LK-1_CL-11_004','Dehiwala-Mount Lavinia',1,811),(1614,'CTY_LK-4_JF-41_004','Mannar',1,812),(1615,'CTY_LK-4_MN-24_001','Mannar',1,812),(1616,NULL,'Vavuniya Archaeological Museum',2,812),(1617,NULL,'Bahiravokanda Vihara Buddha Statue',2,813),(1618,'CTY_LK-2_KN-21_002','Peradeniya',1,813),(1619,NULL,'Sri Muthumariamman Temple',2,813),(1620,NULL,'Sri Muthumariamman Temple',2,814),(1621,NULL,'Victoria Park',2,814),(1622,NULL,'Udawattakele Forest Reserve',2,814),(1623,NULL,'Kalkudah Beach',2,815),(1624,NULL,'Fort Frederick',2,815),(1625,'CTY_LK-5_TR-53_001','Trincomalee',1,815),(1626,NULL,'St. Mary\'s Cathedral',2,816),(1627,NULL,'Gal Vihara',2,817),(1628,'CTY_LK-2_ML-22_002','Dambulla',1,817),(1629,NULL,'Mihintale Mountain',2,817),(1630,NULL,'Matara Fort',2,818),(1631,NULL,'Diyawanna Oya',2,819),(1632,NULL,'Mount Lavinia Beach Resort',2,819),(1633,NULL,'Dutch Fort Ruins',2,819),(1634,NULL,'Trincomalee Harbor',2,820),(1635,NULL,'Bandarawela Railway Station',2,821),(1636,NULL,'Dunhinda Falls',2,821),(1637,NULL,'Dambatenne Tea Factory',2,821),(1638,NULL,'Kilinochchi Market',2,822),(1639,NULL,'Adisham Bungalow',2,823),(1640,NULL,'Talaimannar Pier',2,824),(1641,NULL,'Jaffna Fort',2,825),(1642,NULL,'Kilinochchi Market',2,825),(1643,NULL,'Vavuniya Tank',2,825),(1644,NULL,'Bambalapitiya Beach',2,826),(1645,NULL,'Diyatha Uyana',2,826),(1646,'CTY_LK-1_CL-11_002','Sri Jayawardenepura Kotte',1,826),(1647,NULL,'Kilinochchi Market',2,827),(1648,NULL,'Talaimannar Pier',2,827),(1649,NULL,'Jaffna Public Library',2,827),(1650,NULL,'Sella Kataragama',2,828),(1651,NULL,'Embekka Wooden Temple',2,829),(1652,'CTY_LK-9_KE-92_003','Embekka',1,829),(1653,NULL,'Gadaladeniya Temple',2,829),(1654,NULL,'Gangaramaya Temple',2,830),(1655,NULL,'Viharamahadevi Park',2,830),(1656,NULL,'National Museum of Colombo',2,830),(1657,NULL,'Koneswaram Temple',2,831),(1658,NULL,'Kalkudah Beach',2,831),(1659,NULL,'Fort Frederick',2,831),(1660,NULL,'Matale Spice Garden',2,832),(1661,'CMB','Bandaranaike International Airport',3,833),(1662,NULL,'Temple of the Sacred Tooth Relic',2,834),(1663,NULL,'Sri Muthumariamman Temple',2,834),(1664,'CTY_LK-2_KN-21_002','Peradeniya',1,834),(1665,'CTY_LK-3_GA-31_003','Weligama',1,835),(1666,NULL,'Fort Frederick',2,836),(1667,NULL,'Batticaloa Lagoon',2,837),(1668,'CTY_LK-2_KN-21_001','Kandy',1,838),(1669,NULL,'Victoria Park',2,838),(1670,NULL,'Bahiravokanda Vihara Buddha Statue',2,838),(1671,'CTY_LK-3_GA-31_003','Weligama',1,839),(1672,NULL,'Kallady Bridge',2,840),(1673,'CTY_LK-4_JF-41_001','Jaffna',1,841),(1674,NULL,'Thiruketheeswaram Temple',2,841),(1675,'CTY_LK-4_JF-41_004','Mannar',1,841),(1676,NULL,'Galle Fort',2,842),(1677,NULL,'Pasikuda Beach',2,843),(1678,NULL,'National Museum of Colombo',2,844),(1679,NULL,'Ratmalana Airport',2,845),(1680,NULL,'Gal Oya National Park',2,846),(1681,NULL,'Hikkaduwa Coral Sanctuary',2,847),(1682,NULL,'Hummanaya Blow Hole',2,847),(1683,NULL,'Kushtarajagala',2,847),(1684,NULL,'Dunhinda Falls',2,848),(1685,'CTY_LK-9_KE-92_003','Embekka',1,849),(1686,'CTY_LK-2_NE-23_001','Nuwara Eliya',1,850),(1687,NULL,'Victoria Park',2,850),(1688,'CTY_LK-2_KN-21_003','Kundasagara',1,850),(1689,NULL,'Weligama Bay',2,851),(1690,'CTY_LK-9_KE-92_003','Embekka',1,852),(1691,'CTY_LK-3_HM-33_001','Hambantota',1,853),(1692,NULL,'Kushtarajagala',2,854),(1693,NULL,'Dambatenne Tea Factory',2,855),(1694,NULL,'Bandarawela Railway Station',2,855),(1695,'CTY_LK-8_BA-81_003','Haputale',1,855),(1696,'CTY_LK-2_ML-22_001','Matale',1,856),(1697,NULL,'Sri Muthumariamman Temple',2,856),(1698,NULL,'Lipton\'s Seat',2,856),(1699,NULL,'Tangalle Beach',2,857),(1700,'CTY_LK-3_GA-31_006','Tangalle',1,858),(1701,NULL,'Parrot Rock',2,858),(1702,NULL,'Tangalle Beach',2,858),(1703,'CTY_LK-2_KN-21_003','Kundasagara',1,859),(1704,NULL,'Udawattakele Forest Reserve',2,859),(1705,NULL,'Matale Spice Garden',2,859),(1706,NULL,'Bandarawela Park',2,860),(1707,'CTY_LK-8_MO-82_003','Kataragama',1,861),(1708,NULL,'Kiri Vehera',2,861),(1709,NULL,'Palatuwa Beach',2,861),(1710,NULL,'Beira Lake',2,862),(1711,NULL,'Hanthana Mountain Range',2,863),(1712,NULL,'Jaffna Public Library',2,864),(1713,NULL,'Dowa Ancient Rock Temple',2,865),(1714,NULL,'Kilinochchi Market',2,866),(1715,NULL,'Thiruketheeswaram Temple',2,866),(1716,NULL,'Mannar Fort',2,866),(1717,NULL,'Temple of the Sacred Tooth Relic',2,867),(1718,NULL,'Gregory Lake',2,867),(1719,'CTY_LK-2_KN-21_003','Kundasagara',1,867),(1720,NULL,'Parrot Rock',2,868),(1721,'CTY_LK-8_BA-81_001','Badulla',1,869),(1722,NULL,'Badulla Railway Station',2,869),(1723,NULL,'Dunhinda Falls',2,869),(1724,NULL,'Muthiyangana Raja Maha Vihara',2,870),(1725,NULL,'Adisham Bungalow',2,870),(1726,NULL,'Bandarawela Park',2,870),(1727,NULL,'Bandarawela Railway Station',2,871),(1728,'CTY_LK-4_VA-43_001','Vavuniya',1,872),(1729,NULL,'Embekka Temple',2,873),(1730,NULL,'Hanthana Mountain Range',2,873),(1731,NULL,'Victoria Park',2,873),(1732,'CTY_LK-1_KL-13_003','Bentota',1,874),(1733,NULL,'Talaimannar Pier',2,875),(1734,NULL,'Victoria Park',2,876),(1735,NULL,'Udawattakele Forest Reserve',2,876),(1736,NULL,'Pedro Tea Estate',2,876),(1737,NULL,'Ambuluwawa Tower',2,877),(1738,NULL,'Jaffna Fort',2,878),(1739,NULL,'Batticaloa Fort',2,879),(1740,'CTY_LK-5_AM-52_001','Ampara',1,879),(1741,NULL,'Trincomalee Harbor',2,879),(1742,'CTY_LK-1_KL-13_001','Kalutara',1,880),(1743,NULL,'Hambantota Port',2,881),(1744,NULL,'Whale Watching Point',2,881),(1745,NULL,'Hikkaduwa Beach',2,881),(1746,NULL,'Matale Spice Garden',2,882),(1747,'CTY_LK-2_KN-21_002','Peradeniya',1,882),(1748,NULL,'Ceylon Tea Museum',2,882),(1749,'CTY_LK-2_KN-21_001','Kandy',1,883),(1750,'CTY_LK-3_GA-31_004','Unawatuna',1,884),(1751,'CTY_LK-1_KL-13_001','Kalutara',1,885),(1752,NULL,'Embekka Temple',2,886),(1753,NULL,'Gregory Lake',2,886),(1754,NULL,'Sri Muthumariamman Temple',2,886),(1755,NULL,'Weligama Bay',2,887),(1756,NULL,'Lipton\'s Seat',2,888),(1757,NULL,'Matale Spice Garden',2,889),(1758,'CTY_LK-2_NE-23_001','Nuwara Eliya',1,890),(1759,'CTY_LK-2_KN-21_002','Peradeniya',1,891),(1760,NULL,'Udawattakele Forest Reserve',2,891),(1761,NULL,'Victoria Park',2,891),(1762,'CTY_LK-3_GA-31_004','Unawatuna',1,892),(1763,NULL,'Japanese Peace Pagoda',2,893),(1764,'CTY_LK-3_GA-31_004','Unawatuna',1,893),(1765,NULL,'Taprobane Island',2,893),(1766,NULL,'Panadura Bridge',2,894),(1767,'CTY_LK-1_CL-11_001','Colombo',1,894),(1768,NULL,'Gangaramaya Temple',2,894),(1769,NULL,'Kalutara Bodhiya',2,895),(1770,NULL,'Moragalla Beach',2,895),(1771,NULL,'Dutch Fort Ruins',2,895),(1772,NULL,'Jaffna Public Library',2,896),(1773,'CTY_LK-2_KN-21_002','Peradeniya',1,897),(1774,NULL,'Gregory Lake',2,898),(1775,NULL,'Matara Fort',2,899),(1776,'CTY_LK-3_GA-31_005','Mirissa',1,899),(1777,NULL,'Mulkirigala Rock Temple',2,899),(1778,NULL,'Temple of the Sacred Tooth Relic',2,900),(1779,NULL,'Kilinochchi Market',2,901),(1780,NULL,'Water Tower Monument',2,901),(1781,NULL,'Iranamadu Tank',2,901),(1782,'CTY_LK-3_GA-31_003','Weligama',1,902),(1783,NULL,'Buddhangala Forest Hermitage',2,903),(1784,NULL,'Dunhinda Falls',2,904),(1785,NULL,'Dambatenne Tea Factory',2,904),(1786,'CTY_LK-8_BA-81_001','Badulla',1,904),(1787,NULL,'Kallady Bridge',2,905),(1788,NULL,'Trincomalee Harbor',2,905),(1789,NULL,'Fort Frederick',2,905),(1790,'CTY_LK-4_JF-41_001','Jaffna',1,906),(1791,NULL,'Water Tower Monument',2,907),(1792,'CTY_LK-7_AN-71_001','Anuradhapura',1,908),(1793,NULL,'Victoria Park',2,909),(1794,'CTY_LK-2_KN-21_002','Peradeniya',1,909),(1795,NULL,'Gregory Lake',2,909),(1796,NULL,'Kushtarajagala',2,910),(1797,NULL,'Bundala National Park',2,910),(1798,'CTY_LK-3_GA-31_004','Unawatuna',1,910),(1799,NULL,'Madukanda Vihara',2,911),(1800,NULL,'Jaffna Fort',2,912),(1801,NULL,'Jaffna Public Library',2,912),(1802,'CTY_LK-4_JF-41_001','Jaffna',1,912),(1803,NULL,'Vavuniya Tank',2,913),(1804,NULL,'Bandarawela Park',2,914),(1805,NULL,'Bandarawela Railway Station',2,914),(1806,NULL,'Dowa Ancient Rock Temple',2,914),(1807,NULL,'Vavuniya Archaeological Museum',2,915),(1808,NULL,'Diyawanna Oya',2,916),(1809,NULL,'National Museum of Colombo',2,916),(1810,NULL,'Kalutara Bodhiya',2,916),(1811,'CTY_LK-8_BA-81_001','Badulla',1,917),(1812,NULL,'Victoria Park',2,918),(1813,NULL,'Hambantota Port',2,919),(1814,NULL,'Polhena Beach',2,919),(1815,'CTY_LK-3_HM-33_001','Hambantota',1,919),(1816,NULL,'Ratmalana Airport',2,920),(1817,'CTY_LK-4_MN-24_001','Mannar',1,921),(1818,'CTY_LK-4_VA-43_001','Vavuniya',1,921),(1819,NULL,'Mannar Fort',2,921),(1820,NULL,'Dambulla Cave Temple',2,922),(1821,'JAF','Jaffna International Airport',3,923),(1822,NULL,'Dambulla Cave Temple',2,924),(1823,NULL,'Kantaka Cetiya',2,924),(1824,'CTY_LK-2_ML-22_002','Dambulla',1,924),(1825,NULL,'Mount Lavinia Beach Resort',2,925),(1826,'CTY_LK-1_CL-11_006','Ratmalana',1,926),(1827,NULL,'Panadura Bridge',2,926),(1828,NULL,'Lunuganga Estate',2,926),(1829,NULL,'Jaffna Public Library',2,927),(1830,NULL,'Koneswaram Temple',2,928),(1831,NULL,'Pasikuda Beach',2,928),(1832,'CTY_LK-5_AM-52_001','Ampara',1,928),(1833,NULL,'Thiruketheeswaram Temple',2,929),(1834,'CTY_LK-4_KI-45_001','Kilinochchi',1,929),(1835,NULL,'Vavuniya Tank',2,929),(1836,NULL,'Hikkaduwa Coral Sanctuary',2,930),(1837,NULL,'Dutch Fort Ruins',2,931),(1838,NULL,'Beira Lake',2,931),(1839,NULL,'Panadura Bridge',2,931),(1840,NULL,'Dambatenne Tea Factory',2,932),(1841,NULL,'Embekka Wooden Temple',2,933),(1842,NULL,'Sinharaja Forest Reserve',2,933),(1843,NULL,'Kitulgala Forest Reserve',2,933),(1844,'CTY_LK-3_GA-31_005','Mirissa',1,934),(1845,'HPT','Hambantota Port',4,934),(1846,NULL,'Polhena Beach',2,934),(1847,NULL,'Sri Pada (Adam\'s Peak)',2,935),(1848,NULL,'Sella Kataragama',2,936),(1849,NULL,'Viharamahadevi Park',2,937),(1850,NULL,'Cinnamon Island',2,937),(1851,'CTY_LK-1_KL-13_003','Bentota',1,937),(1852,NULL,'Unawatuna Beach',2,938),(1853,NULL,'Mirissa Beach',2,938),(1854,'CTY_LK-3_GA-31_005','Mirissa',1,938),(1855,NULL,'Bandarawela Park',2,939),(1856,'CTY_LK-8_BA-81_002','Bandarawela',1,939),(1857,NULL,'Adisham Bungalow',2,939),(1858,NULL,'Fort Area',2,940),(1859,NULL,'Panadura Beach',2,940),(1860,'CTY_LK-1_CL-11_002','Sri Jayawardenepura Kotte',1,940),(1861,NULL,'Kurunegala Lake',2,941),(1862,NULL,'Kalpitiya Beach',2,941),(1863,'CTY_LK-6_PU-62_001','Puttalam',1,941),(1864,NULL,'Madukanda Vihara',2,942),(1865,NULL,'Thiruketheeswaram Temple',2,942),(1866,NULL,'Iranamadu Tank',2,942),(1867,NULL,'Pedro Tea Estate',2,943),(1868,NULL,'Bandarawela Railway Station',2,944),(1869,NULL,'Muthiyangana Raja Maha Vihara',2,944),(1870,NULL,'Dowa Ancient Rock Temple',2,944),(1871,NULL,'Viharamahadevi Park',2,945),(1872,NULL,'National Museum of Colombo',2,946),(1873,NULL,'Dambatenne Tea Factory',2,947),(1874,'CTY_LK-8_BA-81_001','Badulla',1,947),(1875,NULL,'Bandarawela Park',2,947),(1876,'CTY_LK-2_NE-23_001','Nuwara Eliya',1,948),(1877,NULL,'Coconut Cultural Park',2,949),(1878,NULL,'Water Tower Monument',2,950),(1879,NULL,'Vavuniya Tank',2,950),(1880,NULL,'Jaffna Public Library',2,950),(1881,NULL,'Dambatenne Tea Factory',2,951),(1882,'CTY_LK-8_BA-81_003','Haputale',1,952),(1883,NULL,'Mahapelessa Hot Springs',2,953),(1884,NULL,'Yatala Vehera',2,953),(1885,NULL,'Kiri Vehera',2,953),(1886,NULL,'Weligama Bay',2,954),(1887,NULL,'Adisham Bungalow',2,955),(1888,NULL,'Bandarawela Railway Station',2,955),(1889,NULL,'Dunhinda Falls',2,955),(1890,NULL,'Kushtarajagala',2,956),(1891,NULL,'Polhena Beach',2,956),(1892,NULL,'Jungle Beach',2,956),(1893,NULL,'Kandy Lake',2,957),(1894,NULL,'Bahiravokanda Vihara Buddha Statue',2,957),(1895,'CTY_LK-2_NE-23_001','Nuwara Eliya',1,957),(1896,NULL,'Adisham Bungalow',2,958),(1897,NULL,'Richmond Castle',2,959),(1898,NULL,'Jaffna Fort',2,960),(1899,'CTY_LK-4_KI-45_001','Kilinochchi',1,960),(1900,NULL,'Vavuniya Archaeological Museum',2,960),(1901,NULL,'Pedro Tea Estate',2,961),(1902,NULL,'Bahiravokanda Vihara Buddha Statue',2,961),(1903,NULL,'Hanthana Mountain Range',2,961),(1904,NULL,'Jaffna Fort',2,962),(1905,NULL,'Dutch Fort Puttalam',2,963),(1906,'CTY_LK-6_PU-62_001','Puttalam',1,963),(1907,NULL,'Chilaw Lagoon',2,963),(1908,'CTY_LK-9_KE-92_001','Kegalle',1,964),(1909,NULL,'Sri Pada (Adam\'s Peak)',2,964),(1910,'CTY_LK-9_KE-92_003','Embekka',1,964),(1911,NULL,'Bambalapitiya Beach',2,965),(1912,NULL,'Vavuniya Tank',2,966),(1913,'CTY_LK-4_JF-41_001','Jaffna',1,967),(1914,NULL,'Palatuwa Beach',2,968),(1915,NULL,'Tissa Wewa',2,968),(1916,NULL,'Palatuwa Ancient Temple',2,968),(1917,NULL,'Udawattakele Forest Reserve',2,969),(1918,NULL,'Buddhangala Forest Hermitage',2,970),(1919,'JAF','Jaffna International Airport',3,971),(1920,NULL,'Vavuniya Archaeological Museum',2,971),(1921,'CTY_LK-4_VA-43_001','Vavuniya',1,971),(1922,'CMB','Bandaranaike International Airport',3,972),(1923,'CTY_LK-5_AM-52_001','Ampara',1,973),(1924,NULL,'Ampara Tank',2,973),(1925,NULL,'Koneswaram Temple',2,973),(1926,'CTY_LK-9_RA-91_001','Ratnapura',1,974),(1927,NULL,'Hanguranketha Palace Ruins',2,974),(1928,NULL,'Ambuluwawa Tower',2,974),(1929,NULL,'Fort Area',2,975),(1930,NULL,'Bambalapitiya Beach',2,975),(1931,'CTY_LK-1_CL-11_004','Dehiwala-Mount Lavinia',1,975),(1932,NULL,'St. Mary\'s Cathedral',2,976),(1933,NULL,'Sri Muthumariamman Temple',2,977),(1934,'JAF','Jaffna International Airport',3,978),(1935,'CTY_LK-3_GA-31_002','Hikkaduwa',1,979),(1936,NULL,'Talaimannar Pier',2,980),(1937,NULL,'Dambatenne Tea Factory',2,981),(1938,NULL,'Matale Spice Garden',2,982),(1939,NULL,'Ceylon Tea Museum',2,982),(1940,NULL,'Victoria Park',2,982),(1941,'CTY_LK-2_ML-22_001','Matale',1,983),(1942,NULL,'Ceylon Tea Museum',2,983),(1943,NULL,'Matale Spice Garden',2,983),(1944,NULL,'Pedro Tea Estate',2,984),(1945,'CTY_LK-1_GA-12_001','Negombo',1,985),(1946,NULL,'Cinnamon Island',2,985),(1947,NULL,'Kalutara Bodhiya',2,985),(1948,NULL,'Kalutara Bodhiya',2,986),(1949,'CTY_LK-3_GA-31_001','Galle',1,987),(1950,NULL,'Mount Lavinia Beach Resort',2,988),(1951,NULL,'Embekka Wooden Temple',2,989),(1952,NULL,'Kitulgala Forest Reserve',2,989),(1953,'CTY_LK-9_KE-92_002','Kitulgala',1,989),(1954,NULL,'Taprobane Island',2,990),(1955,NULL,'Mulkirigala Rock Temple',2,990),(1956,'CTY_LK-3_GA-31_002','Hikkaduwa',1,990),(1957,'CTY_LK-8_BA-81_001','Badulla',1,991),(1958,NULL,'Badulla Railway Station',2,991),(1959,'CTY_LK-8_BA-81_003','Haputale',1,991),(1960,NULL,'Lipton\'s Seat',2,992),(1961,NULL,'Victoria Park',2,992),(1962,NULL,'Temple of the Sacred Tooth Relic',2,992),(1963,NULL,'Hanthana Mountain Range',2,993),(1964,NULL,'Parrot Rock',2,994),(1965,NULL,'Matara Fort',2,994),(1966,NULL,'Jungle Beach',2,994),(1967,'CTY_LK-3_GA-31_006','Tangalle',1,995),(1968,NULL,'Abhayagiri Vihra',2,996),(1969,NULL,'Ibbankatuwa Megalithic Tombs',2,997),(1970,NULL,'Mihintale Mountain',2,997),(1971,NULL,'Parakrama Samudra',2,997),(1972,NULL,'Pinnawala Elephant Orphanage',2,998),(1973,NULL,'Iranamadu Tank',2,999),(1974,NULL,'Embekka Temple',2,1000),(1975,'CTY_LK-2_ML-22_001','Matale',1,1000),(1976,'CTY_LK-2_KN-21_001','Kandy',1,1000),(1977,NULL,'Udawattakele Forest Reserve',2,1001),(1978,NULL,'Matale Spice Garden',2,1002),(1979,NULL,'Temple of the Sacred Tooth Relic',2,1002),(1980,NULL,'Victoria Park',2,1002),(1981,'CTY_LK-3_GA-31_006','Tangalle',1,1003),(1982,'CTY_LK-8_BA-81_002','Bandarawela',1,1004),(1983,NULL,'Adisham Bungalow',2,1004),(1984,NULL,'Bandarawela Park',2,1004),(1985,NULL,'Jaffna Fort',2,1005),(1986,NULL,'Bambalapitiya Beach',2,1006),(1987,'CTY_LK-1_KL-13_001','Kalutara',1,1006),(1988,NULL,'Moragalla Beach',2,1006),(1989,NULL,'Bahiravokanda Vihara Buddha Statue',2,1007),(1990,NULL,'Independence Memorial Hall',2,1008),(1991,NULL,'Vavuniya Archaeological Museum',2,1009),(1992,'CTY_LK-4_JF-41_001','Jaffna',1,1009),(1993,'CTY_LK-4_VA-43_001','Vavuniya',1,1009),(1994,NULL,'Thiruketheeswaram Temple',2,1010),(1995,'CTY_LK-4_JF-41_001','Jaffna',1,1010),(1996,NULL,'Vavuniya Archaeological Museum',2,1010),(1997,NULL,'Temple of the Sacred Tooth Relic',2,1011),(1998,NULL,'Victoria Park',2,1011),(1999,NULL,'Lipton\'s Seat',2,1011),(2000,'132','Kaduwela',1,512);
/*!40000 ALTER TABLE `pickuplocation` ENABLE KEYS */;
UNLOCK TABLES;

--
-- Table structure for table `port`
--

DROP TABLE IF EXISTS `port`;
/*!40101 SET @saved_cs_client     = @@character_set_client */;
/*!50503 SET character_set_client = utf8mb4 */;
CREATE TABLE `port` (
  `id` int NOT NULL AUTO_INCREMENT,
  `code` varchar(6) NOT NULL,
  `name` varchar(45) DEFAULT NULL,
  `photo` varbinary(255) DEFAULT NULL,
  `city_id` int NOT NULL,
  PRIMARY KEY (`id`),
  KEY `fk_port_city1_idx` (`city_id`),
  CONSTRAINT `fk_port_city1` FOREIGN KEY (`city_id`) REFERENCES `city` (`id`)
) ENGINE=InnoDB AUTO_INCREMENT=6 DEFAULT CHARSET=utf8mb3;
/*!40101 SET character_set_client = @saved_cs_client */;

--
-- Dumping data for table `port`
--

LOCK TABLES `port` WRITE;
/*!40000 ALTER TABLE `port` DISABLE KEYS */;
INSERT INTO `port` VALUES (4,'LKW','Colombo Port','',1);
/*!40000 ALTER TABLE `port` ENABLE KEYS */;
UNLOCK TABLES;

--
-- Table structure for table `privilege`
--

DROP TABLE IF EXISTS `privilege`;
/*!40101 SET @saved_cs_client     = @@character_set_client */;
/*!50503 SET character_set_client = utf8mb4 */;
CREATE TABLE `privilege` (
  `id` int NOT NULL AUTO_INCREMENT,
  `role_id` int NOT NULL,
  `module_id` int NOT NULL,
  `operation_id` int NOT NULL,
  `authority` varchar(255) DEFAULT NULL,
  PRIMARY KEY (`id`),
  KEY `fk_privilege_role1_idx` (`role_id`),
  KEY `fk_privilege_module1_idx` (`module_id`),
  KEY `fk_privilege_operation1_idx` (`operation_id`),
  CONSTRAINT `fk_privilege_module1` FOREIGN KEY (`module_id`) REFERENCES `module` (`id`),
  CONSTRAINT `fk_privilege_operation1` FOREIGN KEY (`operation_id`) REFERENCES `operation` (`id`),
  CONSTRAINT `fk_privilege_role1` FOREIGN KEY (`role_id`) REFERENCES `role` (`id`)
) ENGINE=InnoDB AUTO_INCREMENT=323 DEFAULT CHARSET=utf8mb3;
/*!40101 SET character_set_client = @saved_cs_client */;

--
-- Dumping data for table `privilege`
--

LOCK TABLES `privilege` WRITE;
/*!40000 ALTER TABLE `privilege` DISABLE KEYS */;
INSERT INTO `privilege` VALUES (205,1,2,5,'user-select'),(206,1,2,6,'user-insert'),(207,1,2,7,'user-update'),(208,1,2,8,'user-delete'),(209,1,2,9,'user-lock'),(210,1,3,10,'operation-select'),(211,1,3,12,'operation-update'),(212,1,3,11,'operation-insert'),(213,1,3,13,'operation-delete'),(214,1,4,14,'privilege-select'),(215,1,4,15,'privilege-insert'),(216,1,4,16,'privilege-update'),(217,1,4,17,'privilege-delete'),(226,1,7,26,'accommodation-select'),(227,1,7,27,'accommodation-insert'),(228,1,7,28,'accommodation-update'),(229,1,7,29,'accommodation-delete'),(230,1,8,30,'city-select'),(231,1,8,31,'city-insert'),(232,1,8,32,'city-update'),(233,1,8,33,'city-delete'),(234,1,9,34,'location-select'),(235,1,9,35,'location-insert'),(236,1,9,36,'location-update'),(237,1,9,37,'location-delete'),(238,1,10,38,'transfer-select'),(239,1,10,40,'transfer-update'),(240,1,10,41,'transfer-delete'),(241,1,10,39,'transfer-insert'),(242,1,11,42,'generic-select'),(243,1,11,43,'generic-insert'),(244,1,11,44,'generic-update'),(245,1,11,45,'generic-delete'),(266,1,1,1,'employee-select'),(267,1,1,2,'employee-insert'),(268,1,1,3,'employee-update'),(269,1,1,4,'employee-delete'),(270,2,1,1,'employee-select'),(271,2,1,2,'employee-insert'),(272,2,1,3,'employee-update'),(273,2,1,4,'employee-delete'),(274,1,5,18,'supplier-select'),(275,1,5,20,'supplier-update'),(276,1,5,19,'supplier-insert'),(277,1,5,21,'supplier-delete'),(278,2,5,18,'supplier-select'),(279,2,5,19,'supplier-insert'),(280,2,5,20,'supplier-update'),(281,2,5,21,'supplier-delete'),(282,1,6,22,'setup details-select'),(283,1,6,23,'setup details-insert'),(284,1,6,24,'setup details-update'),(285,1,6,25,'setup details-delete'),(286,2,6,22,'setup details-select'),(287,2,6,23,'setup details-insert'),(288,2,6,24,'setup details-update'),(289,2,6,25,'setup details-delete'),(290,1,12,49,'client-delete'),(291,1,12,48,'client-update'),(292,1,12,47,'client-insert'),(293,1,12,46,'client-select'),(294,4,12,47,'client-insert'),(295,4,12,48,'client-update'),(296,1,13,53,'package-delete'),(297,1,13,51,'package-insert'),(298,1,13,50,'package-select'),(299,1,13,52,'package-update'),(300,3,13,50,'package-select'),(301,3,13,51,'package-insert'),(302,3,13,52,'package-update'),(303,3,13,53,'package-delete'),(304,1,14,57,'booking-delete'),(305,1,14,56,'booking-update'),(306,1,14,55,'booking-insert'),(307,1,14,54,'booking-select'),(308,4,14,54,'booking-select'),(309,4,14,55,'booking-insert'),(310,4,14,56,'booking-update'),(311,1,15,61,'client payment-delete'),(312,1,15,59,'client payment-insert'),(313,1,15,58,'client payment-select'),(314,1,15,60,'client payment-update'),(315,5,15,58,'client payment-select'),(316,5,15,59,'client payment-insert'),(317,1,16,65,'supplier payment-delete'),(318,1,16,64,'supplier payment-update'),(319,1,16,63,'supplier payment-insert'),(320,1,16,62,'supplier payment-select'),(321,5,16,62,'supplier payment-select'),(322,5,16,63,'supplier payment-insert');
/*!40000 ALTER TABLE `privilege` ENABLE KEYS */;
UNLOCK TABLES;

--
-- Table structure for table `province`
--

DROP TABLE IF EXISTS `province`;
/*!40101 SET @saved_cs_client     = @@character_set_client */;
/*!50503 SET character_set_client = utf8mb4 */;
CREATE TABLE `province` (
  `id` int NOT NULL AUTO_INCREMENT,
  `code` varchar(6) DEFAULT NULL,
  `name` varchar(45) DEFAULT NULL,
  PRIMARY KEY (`id`),
  UNIQUE KEY `code_UNIQUE` (`code`)
) ENGINE=InnoDB AUTO_INCREMENT=10 DEFAULT CHARSET=utf8mb3;
/*!40101 SET character_set_client = @saved_cs_client */;

--
-- Dumping data for table `province`
--

LOCK TABLES `province` WRITE;
/*!40000 ALTER TABLE `province` DISABLE KEYS */;
INSERT INTO `province` VALUES (1,'LK-1','Western Province'),(2,'LK-2','Central Province'),(3,'LK-3','Southern Province'),(4,'LK-4','Northern Province'),(5,'LK-5','Eastern Province'),(6,'LK-6','North-Western Province'),(7,'LK-7','North-Central Province'),(8,'LK-8','Uva Province'),(9,'LK-9','Sabaragamuwa Province');
/*!40000 ALTER TABLE `province` ENABLE KEYS */;
UNLOCK TABLES;

--
-- Table structure for table `ratetype`
--

DROP TABLE IF EXISTS `ratetype`;
/*!40101 SET @saved_cs_client     = @@character_set_client */;
/*!50503 SET character_set_client = utf8mb4 */;
CREATE TABLE `ratetype` (
  `id` int NOT NULL AUTO_INCREMENT,
  `name` varchar(45) DEFAULT NULL,
  PRIMARY KEY (`id`)
) ENGINE=InnoDB AUTO_INCREMENT=4 DEFAULT CHARSET=utf8mb3;
/*!40101 SET character_set_client = @saved_cs_client */;

--
-- Dumping data for table `ratetype`
--

LOCK TABLES `ratetype` WRITE;
/*!40000 ALTER TABLE `ratetype` DISABLE KEYS */;
INSERT INTO `ratetype` VALUES (1,'Percentage'),(3,'Amount');
/*!40000 ALTER TABLE `ratetype` ENABLE KEYS */;
UNLOCK TABLES;

--
-- Table structure for table `relationship`
--

DROP TABLE IF EXISTS `relationship`;
/*!40101 SET @saved_cs_client     = @@character_set_client */;
/*!50503 SET character_set_client = utf8mb4 */;
CREATE TABLE `relationship` (
  `id` int NOT NULL AUTO_INCREMENT,
  `name` varchar(45) DEFAULT NULL,
  PRIMARY KEY (`id`)
) ENGINE=InnoDB AUTO_INCREMENT=5 DEFAULT CHARSET=utf8mb3;
/*!40101 SET character_set_client = @saved_cs_client */;

--
-- Dumping data for table `relationship`
--

LOCK TABLES `relationship` WRITE;
/*!40000 ALTER TABLE `relationship` DISABLE KEYS */;
INSERT INTO `relationship` VALUES (1,'Spouse'),(2,'Friend'),(3,'Child'),(4,'Coworker');
/*!40000 ALTER TABLE `relationship` ENABLE KEYS */;
UNLOCK TABLES;

--
-- Table structure for table `residenttype`
--

DROP TABLE IF EXISTS `residenttype`;
/*!40101 SET @saved_cs_client     = @@character_set_client */;
/*!50503 SET character_set_client = utf8mb4 */;
CREATE TABLE `residenttype` (
  `id` int NOT NULL AUTO_INCREMENT,
  `name` varchar(45) DEFAULT NULL,
  PRIMARY KEY (`id`)
) ENGINE=InnoDB AUTO_INCREMENT=4 DEFAULT CHARSET=utf8mb3;
/*!40101 SET character_set_client = @saved_cs_client */;

--
-- Dumping data for table `residenttype`
--

LOCK TABLES `residenttype` WRITE;
/*!40000 ALTER TABLE `residenttype` DISABLE KEYS */;
INSERT INTO `residenttype` VALUES (1,'Local'),(3,'Foreign');
/*!40000 ALTER TABLE `residenttype` ENABLE KEYS */;
UNLOCK TABLES;

--
-- Table structure for table `role`
--

DROP TABLE IF EXISTS `role`;
/*!40101 SET @saved_cs_client     = @@character_set_client */;
/*!50503 SET character_set_client = utf8mb4 */;
CREATE TABLE `role` (
  `id` int NOT NULL AUTO_INCREMENT,
  `name` varchar(45) DEFAULT NULL,
  PRIMARY KEY (`id`)
) ENGINE=InnoDB AUTO_INCREMENT=8 DEFAULT CHARSET=utf8mb3;
/*!40101 SET character_set_client = @saved_cs_client */;

--
-- Dumping data for table `role`
--

LOCK TABLES `role` WRITE;
/*!40000 ALTER TABLE `role` DISABLE KEYS */;
INSERT INTO `role` VALUES (1,'Admin'),(2,'Manager'),(3,'Tour Operator'),(4,'Reservation Agent'),(5,'Accountant');
/*!40000 ALTER TABLE `role` ENABLE KEYS */;
UNLOCK TABLES;

--
-- Table structure for table `roomfacilities`
--

DROP TABLE IF EXISTS `roomfacilities`;
/*!40101 SET @saved_cs_client     = @@character_set_client */;
/*!50503 SET character_set_client = utf8mb4 */;
CREATE TABLE `roomfacilities` (
  `id` int NOT NULL AUTO_INCREMENT,
  `name` tinytext,
  PRIMARY KEY (`id`)
) ENGINE=InnoDB AUTO_INCREMENT=23 DEFAULT CHARSET=utf8mb3;
/*!40101 SET character_set_client = @saved_cs_client */;

--
-- Dumping data for table `roomfacilities`
--

LOCK TABLES `roomfacilities` WRITE;
/*!40000 ALTER TABLE `roomfacilities` DISABLE KEYS */;
INSERT INTO `roomfacilities` VALUES (1,'Sea view'),(2,'Minibar'),(3,'Tea and coffee facilities'),(4,'Wardrobe and hangers'),(7,'Luggage rack'),(8,'Air conditioner, heater and fan'),(9,'WiFi'),(10,'TV, speaker or entertainment system'),(11,'Phone'),(12,'USB charging points'),(13,'Power adapters and extension cables'),(14,'Desk or workspace'),(15,'Iron and ironing board'),(16,'Hairdryer'),(17,'Towels, bathrobes and slippers'),(18,'Toiletries'),(19,'Teeth and shaving kits'),(20,'Table and bedside lamps'),(21,'Alarm clock'),(22,'Laundry bag');
/*!40000 ALTER TABLE `roomfacilities` ENABLE KEYS */;
UNLOCK TABLES;

--
-- Table structure for table `roomtype`
--

DROP TABLE IF EXISTS `roomtype`;
/*!40101 SET @saved_cs_client     = @@character_set_client */;
/*!50503 SET character_set_client = utf8mb4 */;
CREATE TABLE `roomtype` (
  `id` int NOT NULL AUTO_INCREMENT,
  `name` varchar(45) DEFAULT NULL,
  PRIMARY KEY (`id`)
) ENGINE=InnoDB AUTO_INCREMENT=12 DEFAULT CHARSET=utf8mb3;
/*!40101 SET character_set_client = @saved_cs_client */;

--
-- Dumping data for table `roomtype`
--

LOCK TABLES `roomtype` WRITE;
/*!40000 ALTER TABLE `roomtype` DISABLE KEYS */;
INSERT INTO `roomtype` VALUES (1,'Deluxe'),(2,'Suite'),(3,'Family'),(4,'Double room'),(8,'Single room'),(9,'Executive suite'),(10,'Standard twin room');
/*!40000 ALTER TABLE `roomtype` ENABLE KEYS */;
UNLOCK TABLES;

--
-- Table structure for table `starrating`
--

DROP TABLE IF EXISTS `starrating`;
/*!40101 SET @saved_cs_client     = @@character_set_client */;
/*!50503 SET character_set_client = utf8mb4 */;
CREATE TABLE `starrating` (
  `id` int NOT NULL AUTO_INCREMENT,
  `name` varchar(45) DEFAULT NULL,
  PRIMARY KEY (`id`)
) ENGINE=InnoDB AUTO_INCREMENT=8 DEFAULT CHARSET=utf8mb3;
/*!40101 SET character_set_client = @saved_cs_client */;

--
-- Dumping data for table `starrating`
--

LOCK TABLES `starrating` WRITE;
/*!40000 ALTER TABLE `starrating` DISABLE KEYS */;
INSERT INTO `starrating` VALUES (1,'1-Star'),(2,'2-Star'),(3,'3-Star'),(4,'4-Star'),(5,'5-Star'),(6,'6-Star'),(7,'7-Star');
/*!40000 ALTER TABLE `starrating` ENABLE KEYS */;
UNLOCK TABLES;

--
-- Table structure for table `supplier`
--

DROP TABLE IF EXISTS `supplier`;
/*!40101 SET @saved_cs_client     = @@character_set_client */;
/*!50503 SET character_set_client = utf8mb4 */;
CREATE TABLE `supplier` (
  `id` int NOT NULL AUTO_INCREMENT,
  `user_id` int NOT NULL,
  `brno` varchar(10) NOT NULL,
  `photo` varbinary(255) DEFAULT NULL,
  `name` varchar(255) DEFAULT NULL,
  `mobile` varchar(10) DEFAULT NULL,
  `land` varchar(10) DEFAULT NULL,
  `email` varchar(100) DEFAULT NULL,
  `address` varchar(255) DEFAULT NULL,
  `city` varchar(100) DEFAULT NULL,
  `state` varchar(100) DEFAULT NULL,
  `country` varchar(50) DEFAULT NULL,
  `zipcode` varchar(10) DEFAULT NULL,
  `bank_account` varchar(45) DEFAULT NULL,
  `description` tinytext,
  `is_active` bit(1) DEFAULT NULL,
  `createdon` timestamp NULL DEFAULT NULL,
  `updatedon` timestamp NULL DEFAULT NULL,
  `suppliertype_id` int NOT NULL,
  `supplierstatus_id` int NOT NULL,
  PRIMARY KEY (`id`),
  KEY `fk_supplier_suppliertype1_idx` (`suppliertype_id`),
  KEY `fk_supplier_supplierstatus1_idx` (`supplierstatus_id`),
  KEY `fk_supplier_user1_idx` (`user_id`),
  CONSTRAINT `fk_supplier_supplierstatus1` FOREIGN KEY (`supplierstatus_id`) REFERENCES `supplierstatus` (`id`),
  CONSTRAINT `fk_supplier_suppliertype1` FOREIGN KEY (`suppliertype_id`) REFERENCES `suppliertype` (`id`),
  CONSTRAINT `fk_supplier_user1` FOREIGN KEY (`user_id`) REFERENCES `user` (`id`)
) ENGINE=InnoDB AUTO_INCREMENT=116 DEFAULT CHARSET=utf8mb3;
/*!40101 SET character_set_client = @saved_cs_client */;

--
-- Dumping data for table `supplier`
--

LOCK TABLES `supplier` WRITE;
/*!40000 ALTER TABLE `supplier` DISABLE KEYS */;
INSERT INTO `supplier` VALUES (1,6,'BR25000001',NULL,'Dasun Nadeesha Perera','0766688484','0114515451','dasun@gmail.com','Kegalle','Mawanella','Sabaragamuwa','Sri Lanka','71222','248200220041','Accommodation supplier in Kandy',_binary '','2025-02-26 18:03:56','2025-04-30 18:04:04',1,1),(3,9,'BR25000002',NULL,'Nimali Pramila Rathnaweera','0776699845','0332211245','nimali@gmail.com','Colombo','Rajagiriya','Western','Sri Lanka','01000','245415484854','Matara guest house',_binary '','2025-02-26 18:30:00','2025-03-10 12:44:36',1,1),(4,6,'BR25000003',NULL,'Nimal Shantha Perera','0784545125','0331245784','nimalsantha@gmail.com','Kurunegala','Kurunegala','North Western','Sri Lanka','72222','248245251221','Hill country villa provider',_binary '','2025-03-10 12:34:15','2025-03-10 12:34:15',1,1),(6,6,'BR25000004',NULL,'Kasun Madushanka','0771234567','0112345678','kasun.madu@gmail.com','123 Main Street','Kandy','Central','Sri Lanka','20000','701234567890','Accommodation supplier in Kandy',_binary '','2025-05-03 03:25:06','2025-05-03 03:25:06',1,1),(7,6,'BR25000005',NULL,'Nisansala Perera','0719876543','0115678123','n.perera@yahoo.com','45/6 Temple Road','Negombo','Western','Sri Lanka','11500','704561239845','Family-owned beach accommodation',_binary '','2025-05-03 03:25:16','2025-05-03 03:25:16',1,1),(8,6,'BR25000006',NULL,'Thilina Gunasekara','0764455667','0812233445','thilina.g@gmail.com','No 5, Lake View','Nuwara Eliya','Central','Sri Lanka','22200','704567123000','Hill country villa provider',_binary '','2025-05-03 03:25:24','2025-05-03 03:25:24',1,1),(9,6,'BR25000007',NULL,'Harshani Jayawardena','0782233445','0382345567','harsha.jaya@gmail.com','321 Palm Gardens','Bentota','Southern','Sri Lanka','80500','701122334400','Luxury beach resort',_binary '','2025-05-03 03:25:31','2025-05-03 03:25:31',1,1),(10,6,'BR25000008',NULL,'Amila Senarath','0729988776','0915566778','amila_sena@gmail.com','234 Lake Road','Polonnaruwa','North Central','Sri Lanka','51000','703330011234','Eco lodge supplier',_binary '','2025-05-03 03:25:37','2025-05-03 03:25:37',1,1),(11,6,'BR25000009',NULL,'Chamari Rathnayake','0702345667','0412233445','chamari.r@gmail.com','No 11, Riverside','Matara','Southern','Sri Lanka','81000','701223456789','Matara guest house',_binary '','2025-05-03 03:25:45','2025-05-03 03:25:45',1,1),(12,6,'BR25000010',NULL,'Janith Fernando','0751239876','0317766554','janithf@yahoo.com','No 7, Coconut Grove','Kalutara','Western','Sri Lanka','12000','700011223344','Budget beach lodge',_binary '','2025-05-03 03:25:52','2025-05-03 03:25:52',1,1),(13,6,'BR25000011',NULL,'Rashmi Dissanayake','0788899776','0543344556','rashmi.d@gmail.com','Beach Road','Trincomalee','Eastern','Sri Lanka','31000','702233445566','Seaside homestay provider',_binary '','2025-05-03 03:25:58','2025-05-03 03:25:58',1,1),(14,6,'BR25000012',NULL,'Sampath Herath','0714455663','0334455661','sampath.h@gmail.com','Rock Hill Estate','Badulla','Uva','Sri Lanka','90000','703344556677','Estate bungalow accommodation',_binary '','2025-05-03 03:26:07','2025-05-03 03:26:07',1,1),(15,6,'BR25000013',NULL,'Nadeesha Wijesinghe','0761112223','0116789456','nadeesha.wije@gmail.com','Hill Top','Hatton','Central','Sri Lanka','22000','705566778899','Hill station lodge',_binary '','2025-05-03 03:26:14','2025-05-03 03:26:14',1,1),(16,6,'BR25000014',NULL,'Dinesh Rajapaksha','0778899665','0119988776','dinesh.transfers@gmail.com','Colombo Road','Gampaha','Western','Sri Lanka','11000','709988776655','Van transport service',_binary '','2025-05-03 03:27:42','2025-05-03 03:27:42',2,1),(17,6,'BR25000015',NULL,'Ishara Liyanage','0714457890','0115678990','ishara.l@gmail.com','Airport Road','Katunayake','Western','Sri Lanka','11450','706600334455','Airport shuttle provider',_binary '','2025-05-03 03:27:49','2025-05-03 03:27:49',2,1),(18,6,'BR25000016',NULL,'Sandun Abeysekara','0773344556','0812233446','sandun.trans@gmail.com','45/A Station Road','Kurunegala','North Western','Sri Lanka','60000','708812345678','Intercity transport',_binary '','2025-05-03 03:27:56','2025-05-03 03:27:56',2,1),(19,6,'BR25000017',NULL,'Buddhika Ranatunga','0781234567','0572233445','buddhika.rana@gmail.com','Pahala Road','Anuradhapura','North Central','Sri Lanka','50000','701122339900','North Central taxi fleet',_binary '','2025-05-03 03:28:06','2025-05-03 03:28:06',2,1),(20,6,'BR25000018',NULL,'Dilani Peris','0762345678','0322233111','dilani.p@gmail.com','No 14, Lotus Lane','Negombo','Western','Sri Lanka','11500','709901122334','Van service with drivers',_binary '','2025-05-03 03:28:13','2025-05-03 03:28:13',2,1),(21,6,'BR25000019',NULL,'Ruwanthi Alwis','0755566778','0213344556','ruwanthi.alwis@gmail.com','123 Park Lane','Jaffna','Northern','Sri Lanka','40000','707712345600','Northern region transport',_binary '','2025-05-03 03:28:20','2025-05-03 03:28:20',2,1),(22,6,'BR25000020',NULL,'Charith Silva','0713344556','0372233445','charith.silva@gmail.com','Hospital Road','Ratnapura','Sabaragamuwa','Sri Lanka','70000','705512345678','Tour van rental',_binary '','2025-05-03 03:28:26','2025-05-03 03:28:26',2,1),(23,6,'BR25000021',NULL,'Dinithi Karunarathna','0788765432','0117766554','dinithi.karuna@gmail.com','56/2 Beach Side','Hikkaduwa','Southern','Sri Lanka','80240','709911122233','Beach resort shuttle',_binary '','2025-05-03 03:28:33','2025-05-03 03:28:33',2,1),(24,6,'BR25000022',NULL,'Isuru Jayasinghe','0779988776','0365566778','isuru.jay@gmail.com','Mountain Pass','Nuwara Eliya','Central','Sri Lanka','22200','707799888000','Central region private cabs',_binary '','2025-05-03 03:28:40','2025-05-03 03:28:40',2,1),(25,6,'BR25000023',NULL,'Sachini Bandara','0757788990','0119988770','sachini.b@gmail.com','No 2, Lotus Tower Rd','Colombo','Western','Sri Lanka','00100','708800112233','Executive vehicle hire',_binary '','2025-05-03 03:28:48','2025-05-03 03:28:48',2,1),(26,6,'BR25000024',NULL,'Anushka Perera','0732306872','0395189827','anushka.perera24@gmail.com','83 Main St','Kekirawa','North Central','Sri Lanka','59860','624032130049','Anushka Perera specializes in licensed and insured transport contracts across the North Central region, offering modern cars for tourist and corporate travel needs.',_binary '','2025-05-04 09:40:30','2025-05-04 09:40:30',2,1),(27,6,'BR25000025',NULL,'Malith Fernando','0726136561','0312657372','malith.fernando25@yahoo.com','74 Hill Rd','Vavuniya','Northern','Sri Lanka','92269','404529069921','Malith Fernando specializes in premium transportation solutions across the Central region, offering modern cars for tourist and corporate travel needs.',_binary '','2025-05-04 09:40:30','2025-05-04 09:40:30',2,1),(28,6,'BR25000026',NULL,'Dinusha Bandara','0723775612','0318480954','dinusha.bandara26@outlook.com','80 Hill Rd','Jaffna','Northern','Sri Lanka','64858','978495264566','Dinusha Bandara specializes in door-to-door travel solutions across the North Western region, offering modern luxury coaches for tourist and corporate travel needs.',_binary '','2025-05-04 09:40:30','2025-05-04 09:40:30',2,1),(29,6,'BR25000027',NULL,'Kavinda Jayasuriya','0790065303','0343717774','kavinda.jayasuriya27@outlook.com','27 Main St','Chilaw','North Western','Sri Lanka','57757','397864890785','Kavinda Jayasuriya specializes in door-to-door travel solutions across the North Central region, offering modern cars for tourist and corporate travel needs.',_binary '','2025-05-04 09:40:30','2025-05-04 09:40:30',2,1),(30,6,'BR25000028',NULL,'Pramod Silva','0729032586','0394583444','pramod.silva28@outlook.com','81 Temple Ln','Galle','Southern','Sri Lanka','62236','631408905487','Pramod Silva specializes in door-to-door travel solutions across the Western region, offering modern SUVs for tourist and corporate travel needs.',_binary '','2025-05-04 09:40:30','2025-05-04 09:40:30',2,1),(31,6,'BR25000029',NULL,'Lasantha Karunaratne','0748033154','0343160673','lasantha.karunaratne29@yahoo.com','60 Lake Rd','Ampara','Eastern','Sri Lanka','16926','670063963170','Lasantha Karunaratne specializes in premium transportation solutions across the Western region, offering modern cars for tourist and corporate travel needs.',_binary '','2025-05-04 09:40:30','2025-05-04 09:40:30',2,1),(32,6,'BR25000030',NULL,'Nirosha Senanayake','0751026791','0375476230','nirosha.senanayake30@outlook.com','2 Main St','Chilaw','North Western','Sri Lanka','96471','417645511928','Nirosha Senanayake specializes in premium transportation solutions across the Western region, offering modern luxury coaches for tourist and corporate travel needs.',_binary '','2025-05-04 09:40:30','2025-05-04 09:40:30',2,1),(33,6,'BR25000031',NULL,'Sajith Weerasinghe','0774534014','0303761486','sajith.weerasinghe31@gmail.com','33 Hill Rd','Gampaha','Western','Sri Lanka','52028','767911941367','Sajith Weerasinghe specializes in licensed and insured transport contracts across the North Central region, offering modern buses for tourist and corporate travel needs.',_binary '','2025-05-04 09:40:30','2025-05-04 09:40:30',2,1),(34,6,'BR25000032',NULL,'Chamika Rathnayake','0734446658','0390974847','chamika.rathnayake32@gmail.com','2 Hill Rd','Nugegoda','Western','Sri Lanka','77940','717311073930','Chamika Rathnayake specializes in premium transportation solutions across the North Central region, offering modern buses for tourist and corporate travel needs.',_binary '','2025-05-04 09:40:30','2025-05-04 09:40:30',2,1),(35,6,'BR25000033',NULL,'Roshan Abeywickrama','0749337116','0313433390','roshan.abeywickrama33@outlook.com','19 Hill Rd','Galle','Southern','Sri Lanka','25631','867150966801','Roshan Abeywickrama specializes in door-to-door travel solutions across the North Western region, offering modern vans for tourist and corporate travel needs.',_binary '','2025-05-04 09:40:30','2025-05-04 09:40:30',2,1),(36,6,'BR25000034',NULL,'Tharindu Gamage','0799013463','0356474503','tharindu.gamage34@outlook.com','93 Hill Rd','Puttalam','North Western','Sri Lanka','41667','987795423685','Tharindu Gamage specializes in premium transportation solutions across the Eastern region, offering modern SUVs for tourist and corporate travel needs.',_binary '','2025-05-04 09:40:30','2025-05-04 09:40:30',2,1),(37,6,'BR25000035',NULL,'Nadeeka Jayawardena','0727328592','0351493658','nadeeka.jayawardena35@gmail.com','77 Temple Ln','Bandarawela','Uva','Sri Lanka','90109','352883374746','Nadeeka Jayawardena specializes in door-to-door travel solutions across the Southern region, offering modern vans for tourist and corporate travel needs.',_binary '','2025-05-04 09:40:30','2025-05-04 09:40:30',2,1),(38,6,'BR25000036',NULL,'Malsha Lakmali','0702531441','0372665923','malsha.lakmali36@gmail.com','99 Lake Rd','Mullaitivu','Northern','Sri Lanka','86082','365875001215','Malsha Lakmali specializes in affordable and efficient travel options across the North Central region, offering modern SUVs for tourist and corporate travel needs.',_binary '','2025-05-04 09:40:30','2025-05-04 09:40:30',2,1),(39,6,'BR25000037',NULL,'Iroshan Dias','0792996610','0357301326','iroshan.dias37@yahoo.com','90 Lake Rd','Mirissa','Southern','Sri Lanka','23649','164875538183','Iroshan Dias specializes in licensed and insured transport contracts across the Sabaragamuwa region, offering modern vans for tourist and corporate travel needs.',_binary '','2025-05-04 09:40:30','2025-05-04 09:40:30',2,1),(40,6,'BR25000038',NULL,'Nimesha Madushani','0797797177','0371727824','nimesha.madushani38@gmail.com','22 Hill Rd','Kekirawa','North Central','Sri Lanka','63335','104960508502','Nimesha Madushani specializes in affordable and efficient travel options across the Southern region, offering modern SUVs for tourist and corporate travel needs.',_binary '','2025-05-04 09:40:30','2025-05-04 09:40:30',2,1),(41,6,'BR25000039',NULL,'Shehan Gunawardena','0720780742','0323174944','shehan.gunawardena39@yahoo.com','14 Lake Rd','Ambewela','Central','Sri Lanka','48520','135297145064','Shehan Gunawardena specializes in licensed and insured transport contracts across the North Western region, offering modern cars for tourist and corporate travel needs.',_binary '','2025-05-04 09:40:30','2025-05-04 09:40:30',2,1),(42,6,'BR25000040',NULL,'Kalani Ranasinghe','0798146520','0397745845','kalani.ranasinghe40@gmail.com','32 Temple Ln','Mannar','Northern','Sri Lanka','94857','586499285764','Kalani Ranasinghe specializes in affordable and efficient travel options across the Uva region, offering modern buses for tourist and corporate travel needs.',_binary '','2025-05-04 09:40:30','2025-05-04 09:40:30',2,1),(43,6,'BR25000041',NULL,'Thilini Kumari','0779830770','0368985048','thilini.kumari41@gmail.com','90 Lake Rd','Balangoda','Sabaragamuwa','Sri Lanka','83151','903352607050','Thilini Kumari specializes in affordable and efficient travel options across the North Western region, offering modern luxury coaches for tourist and corporate travel needs.',_binary '','2025-05-04 09:40:30','2025-05-04 09:40:30',2,1),(44,6,'BR25000042',NULL,'Pradeep Samarasinghe','0747717550','0370668855','pradeep.samarasinghe42@outlook.com','58 Lake Rd','Balangoda','Sabaragamuwa','Sri Lanka','31024','435623673864','Pradeep Samarasinghe specializes in door-to-door travel solutions across the Central region, offering modern SUVs for tourist and corporate travel needs.',_binary '','2025-05-04 09:40:30','2025-05-04 09:40:30',2,1),(45,6,'BR25000043',NULL,'Maduka Wijeratne','0709144514','0323179452','maduka.wijeratne43@yahoo.com','97 Lake Rd','Mullaitivu','Northern','Sri Lanka','38464','318228909541','Maduka Wijeratne specializes in affordable and efficient travel options across the Eastern region, offering modern luxury coaches for tourist and corporate travel needs.',_binary '','2025-05-04 09:40:30','2025-05-04 09:40:30',2,1),(46,6,'BR25000044',NULL,'Vihanga Udayanga','0786703948','0358732648','vihanga.udayanga44@yahoo.com','61 Temple Ln','Kurunegala','North Western','Sri Lanka','18470','890162311685','Vihanga Udayanga specializes in licensed and insured transport contracts across the Sabaragamuwa region, offering modern SUVs for tourist and corporate travel needs.',_binary '','2025-05-04 09:40:30','2025-05-04 09:40:30',2,1),(47,6,'BR25000045',NULL,'Dinesha Wickramasinghe','0716380871','0386425226','dinesha.wickramasinghe45@yahoo.com','11 Hill Rd','Kegalle','Sabaragamuwa','Sri Lanka','95053','832125349298','Dinesha Wickramasinghe specializes in door-to-door travel solutions across the Northern region, offering modern luxury coaches for tourist and corporate travel needs.',_binary '','2025-05-04 09:40:30','2025-05-04 09:40:30',2,1),(48,6,'BR25000046',NULL,'Ishani Mendis','0756133894','0326102137','ishani.mendis46@outlook.com','93 Hill Rd','Mullaitivu','Northern','Sri Lanka','43638','694173726589','Ishani Mendis specializes in reliable transfer services across the Sabaragamuwa region, offering modern buses for tourist and corporate travel needs.',_binary '','2025-05-04 09:40:30','2025-05-04 09:40:30',2,1),(49,6,'BR25000047',NULL,'Sajini Samarathunga','0764435595','0360828869','sajini.samarathunga47@outlook.com','69 Main St','Kegalle','Sabaragamuwa','Sri Lanka','93851','965793422726','Sajini Samarasinghe specializes in licensed and insured transport contracts across the North Western region, offering modern SUVs for tourist and corporate travel needs.',_binary '','2025-05-04 09:40:30','2025-05-04 09:40:30',2,1),(50,6,'BR25000048',NULL,'Hirantha Jayalath','0728560001','0349708725','hirantha.jayalath48@yahoo.com','10 Lake Rd','Akkaraipattu','Eastern','Sri Lanka','15256','390989729870','Hirantha Jayalath specializes in licensed and insured transport contracts across the Uva region, offering modern cars for tourist and corporate travel needs.',_binary '','2025-05-04 09:40:30','2025-05-04 09:40:30',2,1),(51,6,'BR25000049',NULL,'Dilshan Kumara','0763582972','0393636180','dilshan.kumara49@yahoo.com','44 Lake Rd','Kalmunai','Eastern','Sri Lanka','95304','207601360312','Dilshan Kumara specializes in affordable and efficient travel options across the Uva region, offering modern SUVs for tourist and corporate travel needs.',_binary '','2025-05-04 09:40:30','2025-05-04 09:40:30',2,1),(52,6,'BR25000050',NULL,'Iresha Manamperi','0757104053','0345099352','iresha.manamperi50@outlook.com','73 Main St','Unawatuna','Southern','Sri Lanka','13253','622115342783','Iresha Manamperi specializes in premium transportation solutions across the North Central region, offering modern cars for tourist and corporate travel needs.',_binary '','2025-05-04 09:40:30','2025-05-04 09:40:30',2,1),(53,6,'BR25000051',NULL,'Harsha Thilakaratne','0795016437','0323823450','harsha.thilakaratne51@yahoo.com','18 Hill Rd','Matale','Central','Sri Lanka','88073','550113488996','Harsha Thilakaratne specializes in licensed and insured transport contracts across the Northern region, offering modern buses for tourist and corporate travel needs.',_binary '','2025-05-04 09:40:30','2025-05-04 09:40:30',2,1),(54,6,'BR25000052',NULL,'Pubudu Maduranga','0736129043','0306257997','pubudu.maduranga52@yahoo.com','53 Temple Ln','Hokandara','Western','Sri Lanka','22137','755042158329','Pubudu Maduranga specializes in premium transportation solutions across the Central region, offering modern SUVs for tourist and corporate travel needs.',_binary '','2025-05-04 09:40:30','2025-05-04 09:40:30',2,1),(55,6,'BR25000053',NULL,'Thamasha Lakshan','0776764858','0368036117','thamasha.lakshan53@gmail.com','63 Hill Rd','Ambewela','Central','Sri Lanka','79701','751508946599','Thamasha Lakshan specializes in affordable and efficient travel options across the Western region, offering modern cars for tourist and corporate travel needs.',_binary '','2025-05-04 09:40:30','2025-05-04 09:40:30',2,1),(56,6,'BR25000054',NULL,'Nimali De Silva','0703486623','0306796970','nimali.silva54@gmail.com','97 Lake Rd','Nuwara Eliya','Central','Sri Lanka','17504','878759251176','Nimali De Silva specializes in door-to-door travel solutions across the Eastern region, offering modern SUVs for tourist and corporate travel needs.',_binary '','2025-05-04 09:40:30','2025-05-04 09:40:30',2,1),(57,6,'BR25000055',NULL,'Sachintha Samarasinghe','0743056132','0303699689','sachintha.samarasinghe55@gmail.com','41 Main St','Unawatuna','Southern','Sri Lanka','32262','684112956466','Sachintha Samarasinghe specializes in door-to-door travel solutions across the Central region, offering modern buses for tourist and corporate travel needs.',_binary '','2025-05-04 09:40:30','2025-05-04 09:40:30',2,1),(58,6,'BR25000056',NULL,'Janidu Perera','0794675365','0380797042','janidu.perera56@outlook.com','97 Lake Rd','Badulla','Uva','Sri Lanka','33641','633519685104','Janidu Perera specializes in premium transportation solutions across the Eastern region, offering modern SUVs for tourist and corporate travel needs.',_binary '','2025-05-04 09:40:30','2025-05-04 09:40:30',2,1),(59,6,'BR25000057',NULL,'Kaveesha Rajapaksha','0728116014','0398780456','kaveesha.rajapaksha57@gmail.com','2 Main St','Kurunegala','North Western','Sri Lanka','60338','939517811250','Kaveesha Rajapaksha specializes in premium transportation solutions across the Southern region, offering modern luxury coaches for tourist and corporate travel needs.',_binary '','2025-05-04 09:40:30','2025-05-04 09:40:30',2,1),(60,6,'BR25000058',NULL,'Asela Senarath','0702840699','0306205552','asela.senarath58@gmail.com','76 Hill Rd','Akkaraipattu','Eastern','Sri Lanka','29199','973892521347','Asela Senarath specializes in reliable transfer services across the Northern region, offering modern vans for tourist and corporate travel needs.',_binary '','2025-05-04 09:40:30','2025-05-04 09:40:30',2,1),(61,6,'BR25000059',NULL,'Dinithi Samarasinghe','0724291061','0370809220','dinithi.samarasinghe59@outlook.com','94 Lake Rd','Hambantota','Southern','Sri Lanka','32970','693310288626','Dinithi Samarasinghe specializes in affordable and efficient travel options across the Southern region, offering modern cars for tourist and corporate travel needs.',_binary '','2025-05-04 09:40:30','2025-05-04 09:40:30',2,1),(62,6,'BR25000060',NULL,'Udith Perera','0766483026','0352217630','udith.perera60@outlook.com','16 Hill Rd','Batticaloa','Eastern','Sri Lanka','62623','578464802105','Udith Perera specializes in door-to-door travel solutions across the Uva region, offering modern vans for tourist and corporate travel needs.',_binary '','2025-05-04 09:40:30','2025-05-04 09:40:30',2,1),(63,6,'BR25000061',NULL,'Yohan Kumara','0749891240','0386815758','yohan.kumara61@outlook.com','34 Lake Rd','Chilaw','North Western','Sri Lanka','86746','732951301747','Yohan Kumara specializes in reliable transfer services across the Central region, offering modern buses for tourist and corporate travel needs.',_binary '','2025-05-04 09:40:30','2025-05-04 09:40:30',2,1),(64,6,'BR25000062',NULL,'Hiruni Wickrama','0764957866','0321256001','hiruni.wickrama62@outlook.com','40 Main St','Kurunegala','North Western','Sri Lanka','69676','735466576101','Hiruni Wickrama specializes in premium transportation solutions across the North Western region, offering modern luxury coaches for tourist and corporate travel needs.',_binary '','2025-05-04 09:40:30','2025-05-04 09:40:30',2,1),(65,6,'BR25000063',NULL,'Malindu Rathnayake','0750153853','0316062643','malindu.rathnayake63@gmail.com','11 Main St','Mirissa','Southern','Sri Lanka','63465','156344366935','Malindu Rathnayake specializes in affordable and efficient travel options across the Southern region, offering modern luxury coaches for tourist and corporate travel needs.',_binary '','2025-05-04 09:40:30','2025-05-04 09:40:30',2,1),(66,6,'BR25000064',NULL,'Buddhima Dissanayake','0782036725','0310435846','buddhima.dissanayake64@yahoo.com','51 Main St','Kekirawa','North Central','Sri Lanka','41612','216216544344','Buddhima Dissanayake specializes in affordable and efficient travel options across the Uva region, offering modern vans for tourist and corporate travel needs.',_binary '','2025-05-04 09:40:30','2025-05-04 09:40:30',2,1),(67,6,'BR25000065',NULL,'Isuru Kumuditha','0707917184','0353077456','isuru.kumuditha65@gmail.com','9 Lake Rd','Kurunegala','North Western','Sri Lanka','74504','312685323917','Isuru Kumuditha specializes in premium transportation solutions across the North Central region, offering modern SUVs for tourist and corporate travel needs.',_binary '','2025-05-04 09:40:30','2025-05-04 09:40:30',2,1),(68,6,'BR25000066',NULL,'Dulanga Abeykoon','0790393692','0310113867','dulanga.abeykoon66@gmail.com','39 Temple Ln','Ratnapura','Sabaragamuwa','Sri Lanka','70625','227129409077','Dulanga Abeykoon specializes in premium transportation solutions across the Eastern region, offering modern luxury coaches for tourist and corporate travel needs.',_binary '','2025-05-04 09:40:30','2025-05-04 09:40:30',2,1),(69,6,'BR25000067',NULL,'Hiruni Senanayake','0751600836','0323202216','hiruni.senanayake67@outlook.com','50 Main St','Moratuwa','Western','Sri Lanka','54570','806196528721','Hiruni Senanayake specializes in door-to-door travel solutions across the Western region, offering modern vans for tourist and corporate travel needs.',_binary '','2025-05-04 09:40:30','2025-05-04 09:40:30',2,1),(70,6,'BR25000068',NULL,'Vindya Rathnayake','0740330301','0338104812','vindya.rathnayake68@gmail.com','76 Hill Rd','Monaragala','Uva','Sri Lanka','15281','155868916642','Vindya Rathnayake specializes in reliable transfer services across the Central region, offering modern luxury coaches for tourist and corporate travel needs.',_binary '','2025-05-04 09:40:30','2025-05-04 09:40:30',2,1),(71,6,'BR25000069',NULL,'Chathura Perera','0714547147','0394959817','chathura.perera69@outlook.com','78 Lake Rd','Chilaw','North Western','Sri Lanka','80000','710250021585','Chathura Perera specializes in door-to-door travel solutions across the Sabaragamuwa region, offering modern SUVs for tourist and corporate travel needs.',_binary '','2025-05-04 09:40:30','2025-05-04 09:40:30',2,1),(72,6,'BR25000070',NULL,'Sadeepa Weerasinghe','0727661611','0383403753','sadeepa.weerasinghe70@gmail.com','60 Main St','Polonnaruwa','North Central','Sri Lanka','91475','404791722374','Sadeepa Weerasinghe specializes in reliable transfer services across the Central region, offering modern buses for tourist and corporate travel needs.',_binary '','2025-05-04 09:40:30','2025-05-04 09:40:30',2,1),(73,6,'BR25000071',NULL,'Heshani Gunasekara','0777873613','0350798730','heshani.gunasekara71@yahoo.com','25 Hill Rd','Ratnapura','Sabaragamuwa','Sri Lanka','96750','402307631490','Heshani Gunasekara specializes in reliable transfer services across the Uva region, offering modern buses for tourist and corporate travel needs.',_binary '','2025-05-04 09:40:30','2025-05-04 09:40:30',2,1),(74,6,'BR25000072',NULL,'Vimukthi Samarasinghe','0725433942','0339227843','vimukthi.samarasinghe72@gmail.com','79 Hill Rd','Chilaw','North Western','Sri Lanka','29921','951128822244','Vimukthi Samarasinghe specializes in door-to-door travel solutions across the North Western region, offering modern SUVs for tourist and corporate travel needs.',_binary '','2025-05-04 09:40:30','2025-05-04 09:40:30',2,1),(75,6,'BR25000073',NULL,'Chathurika Samarasinghe','0737267263','0375906245','chathurika.samarasinghe73@gmail.com','41 Hill Rd','Chilaw','North Western','Sri Lanka','57575','516960840018','Chathurika Samarasinghe specializes in affordable and efficient travel options across the Western region, offering modern SUVs for tourist and corporate travel needs.',_binary '','2025-05-04 09:40:30','2025-05-04 09:40:30',2,1),(76,6,'BR25000074',NULL,'Yasas Madushanka','0767297089','0350948739','yasas.madushanka74@yahoo.com','69 Main St','Thalawathugoda','Western','Sri Lanka','26525','573096013555','Yasas Madushanka specializes in premium transportation solutions across the North Central region, offering modern buses for tourist and corporate travel needs.',_binary '','2025-05-04 09:40:30','2025-05-04 09:40:30',2,1),(77,6,'BR25000075',NULL,'Lochana Perera','0789905893','0394955193','lochana.perera75@yahoo.com','54 Temple Ln','Akkaraipattu','Eastern','Sri Lanka','36716','281459906299','Lochana Perera specializes in door-to-door travel solutions across the Northern region, offering modern vans for tourist and corporate travel needs.',_binary '','2025-05-04 09:40:30','2025-05-04 09:40:30',2,1),(78,6,'BR25000076',NULL,'Anjana Gunarathne','0785318589','0301057959','anjana.gunarathne76@outlook.com','51 Hill Rd','Mullaitivu','Northern','Sri Lanka','46455','186185359576','Anjana Gunarathne specializes in affordable and efficient travel options across the North Western region, offering modern cars for tourist and corporate travel needs.',_binary '','2025-05-04 09:40:30','2025-05-04 09:40:30',2,1),(79,6,'BR25000077',NULL,'Ruwini Madushani','0776425872','0361939648','ruwini.madushani77@yahoo.com','84 Hill Rd','Batticaloa','Eastern','Sri Lanka','81082','677589523989','Ruwini Madushani specializes in door-to-door travel solutions across the Central region, offering modern luxury coaches for tourist and corporate travel needs.',_binary '','2025-05-04 09:40:30','2025-05-04 09:40:30',2,1),(80,6,'BR25000078',NULL,'Sanoj Kumara','0730492866','0341186282','sanoj.kumara78@yahoo.com','93 Hill Rd','Gampaha','Western','Sri Lanka','30406','449253546945','Sanoj Kumara specializes in reliable transfer services across the Western region, offering modern vans for tourist and corporate travel needs.',_binary '','2025-05-04 09:40:30','2025-05-04 09:40:30',2,1),(81,6,'BR25000079',NULL,'Janaka Gunathilaka','0778055518','0341581013','janaka.gunathilaka79@outlook.com','1 Hill Rd','Kalmunai','Eastern','Sri Lanka','71895','684996192131','Janaka Gunathilaka specializes in premium transportation solutions across the Sabaragamuwa region, offering modern buses for tourist and corporate travel needs.',_binary '','2025-05-04 09:40:30','2025-05-04 09:40:30',2,1),(82,6,'BR25000080',NULL,'Sathsara Jayasinghe','0759739263','0320956793','sathsara.jayasinghe80@outlook.com','8 Hill Rd','Kandy','Central','Sri Lanka','27359','434371828301','Sathsara Jayasinghe specializes in licensed and insured transport contracts across the Northern region, offering modern vans for tourist and corporate travel needs.',_binary '','2025-05-04 09:40:30','2025-05-04 09:40:30',2,1),(83,6,'BR25000081',NULL,'Ramesh De Zoysa','0710413801','0333367092','ramesh.zoysa81@gmail.com','19 Main St','Balangoda','Sabaragamuwa','Sri Lanka','27548','898351293420','Ramesh De Zoysa specializes in affordable and efficient travel options across the Sabaragamuwa region, offering modern vans for tourist and corporate travel needs.',_binary '','2025-05-04 09:40:30','2025-05-04 09:40:30',2,1),(84,6,'BR25000082',NULL,'Navodya Wickramaratne','0796067296','0323058039','navodya.wickramaratne82@outlook.com','89 Hill Rd','Jaffna','Northern','Sri Lanka','94057','980532505711','Navodya Wickramaratne specializes in premium transportation solutions across the Northern region, offering modern buses for tourist and corporate travel needs.',_binary '','2025-05-04 09:40:30','2025-05-04 09:40:30',2,1),(85,6,'BR25000083',NULL,'Upeksha Rajapaksha','0758142563','0380874204','upeksha.rajapaksha83@outlook.com','6 Lake Rd','Puttalam','North Western','Sri Lanka','90212','865741828918','Upeksha Rajapaksha specializes in door-to-door travel solutions across the North Western region, offering modern vans for tourist and corporate travel needs.',_binary '','2025-05-04 09:40:30','2025-05-04 09:40:30',2,1),(86,6,'BR25000084',NULL,'Hiranya Perera','0732341903','0303827093','hiranya.perera84@gmail.com','62 Hill Rd','Trincomalee','Eastern','Sri Lanka','75744','731796051523','Hiranya Perera specializes in reliable transfer services across the Southern region, offering modern SUVs for tourist and corporate travel needs.',_binary '','2025-05-04 09:40:30','2025-05-04 09:40:30',2,1),(87,6,'BR25000085',NULL,'Harith Silva','0760869130','0373626237','harith.silva85@gmail.com','53 Main St','Kekirawa','North Central','Sri Lanka','61158','430111420851','Harith Silva specializes in premium transportation solutions across the Western region, offering modern SUVs for tourist and corporate travel needs.',_binary '','2025-05-04 09:40:30','2025-05-04 09:40:30',2,1),(88,6,'BR25000086',NULL,'Gayan Chandima','0760141218','0361503339','gayan.chandima86@gmail.com','27 Temple Ln','Kilinochchi','Northern','Sri Lanka','60135','663428914648','Dulanjali Rajapaksha specializes in door-to-door travel solutions across the North Central region, offering modern SUVs for tourist and corporate travel needs.',_binary '','2025-05-04 09:40:30','2025-05-04 09:40:30',2,1),(89,6,'BR25000087',NULL,'Nipuni Manike','0789106144','0303719227','nipuni.manike87@outlook.com','39 Lake Rd','Nuwara Eliya','Central','Sri Lanka','46477','741665185210','Mihiri Perera specializes in door-to-door travel solutions across the Uva region, offering modern SUVs for tourist and corporate travel needs.',_binary '','2025-05-04 09:40:30','2025-05-04 09:40:30',2,1),(90,6,'BR25000088',NULL,'Minoli Jayawardena','0716255533','0396876262','minoli.jayawardena88@outlook.com','94 Temple Ln','Kekirawa','North Central','Sri Lanka','34397','697137449853','Sakith Perera specializes in premium transportation solutions across the Northern region, offering modern cars for tourist and corporate travel needs.',_binary '','2025-05-04 09:40:30','2025-05-04 09:40:30',2,1),(91,6,'BR25000089',NULL,'Ransika Abeysinghe','0790773197','0322726471','ransika.abeysinghe89@outlook.com','68 Main St','Tangalle','Southern','Sri Lanka','16694','509280363949','Anushka Wickramaratne specializes in affordable and efficient travel options across the Eastern region, offering modern vans for tourist and corporate travel needs.',_binary '','2025-05-04 09:40:30','2025-05-04 09:40:30',2,1),(92,6,'BR25000090',NULL,'Devinda Perera','0716216269','0308983525','devinda.perera90@gmail.com','77 Lake Rd','Kilinochchi','Northern','Sri Lanka','53415','148886500072','Ajantha Wijewardena specializes in premium transportation solutions across the North Western region, offering modern luxury coaches for tourist and corporate travel needs.',_binary '','2025-05-04 09:40:30','2025-05-04 09:40:30',2,1),(93,6,'BR25000091',NULL,'Praveen Ekanayake','0793674652','0374376518','praveen.ekanayake91@outlook.com','26 Lake Rd','Kegalle','Sabaragamuwa','Sri Lanka','86647','408278960305','Kavinda De Silva specializes in licensed and insured transport contracts across the Uva region, offering modern vans for tourist and corporate travel needs.',_binary '','2025-05-04 09:40:30','2025-05-04 09:40:30',2,1),(94,6,'BR25000092',NULL,'Tharika Samarasinghe','0711002586','0366960577','tharika.samarasinghe92@outlook.com','69 Main St','Kekirawa','North Central','Sri Lanka','37746','891459506645','Sajith Lakshan specializes in licensed and insured transport contracts across the Southern region, offering modern luxury coaches for tourist and corporate travel needs.',_binary '','2025-05-04 09:40:30','2025-05-04 09:40:30',2,1),(95,6,'BR25000093',NULL,'Lashika Dilhani','0715309941','0364198313','lashika.dilhani93@yahoo.com','30 Main St','Polonnaruwa','North Central','Sri Lanka','34986','955951774130','Naveen Perera specializes in door-to-door travel solutions across the Southern region, offering modern luxury coaches for tourist and corporate travel needs.',_binary '','2025-05-04 09:40:30','2025-05-04 09:40:30',2,1),(96,6,'BR25000094',NULL,'Mahesh Hettiarachchi','0759860246','0373279658','mahesh.hettiarachchi94@yahoo.com','86 Hill Rd','Kegalle','Sabaragamuwa','Sri Lanka','49097','333927272145','Lasith Perera specializes in reliable transfer services across the Central region, offering modern SUVs for tourist and corporate travel needs.',_binary '','2025-05-04 09:40:30','2025-05-04 09:40:30',2,1),(97,6,'BR25000095',NULL,'Thushari Rajapakse','0749403413','0365270018','thushari.rajapakse95@gmail.com','82 Hill Rd','Gampaha','Western','Sri Lanka','11307','397440184926','Sithmi Perera specializes in premium transportation solutions across the Southern region, offering modern buses for tourist and corporate travel needs.',_binary '','2025-05-04 09:40:30','2025-05-04 09:40:30',2,1),(98,6,'BR25000096',NULL,'Dilan Wickramasinghe','0771311286','0311282270','dilan.wickramasinghe96@yahoo.com','17 Main St','Madulla','Central','Sri Lanka','57586','603685250417','Tharindu Perera specializes in licensed and insured transport contracts across the North Central region, offering modern SUVs for tourist and corporate travel needs.',_binary '','2025-05-04 09:40:30','2025-05-04 09:40:30',2,1),(99,6,'BR25000097',NULL,'Kavishka Dinesh','0706415193','0311232630','kavishka.dinesh97@outlook.com','50 Lake Rd','Kilinochchi','Northern','Sri Lanka','61829','705156244536','Ruwani Kumari specializes in reliable transfer services across the Northern region, offering modern SUVs for tourist and corporate travel needs.',_binary '','2025-05-04 09:40:30','2025-05-04 09:40:30',2,1),(100,6,'BR25000098',NULL,'Sayuri Nanayakkara','0762346210','0314263824','sayuri.nanayakkara98@yahoo.com','32 Temple Ln','Balangoda','Sabaragamuwa','Sri Lanka','68257','141559964704','Tharushi Kumari specializes in licensed and insured transport contracts across the Southern region, offering modern buses for tourist and corporate travel needs.',_binary '','2025-05-04 09:40:30','2025-05-04 09:40:30',2,1),(101,6,'BR25000099',NULL,'Vinura Senanayake','0793438786','0340985566','vinura.senanayake99@outlook.com','82 Main St','Mirissa','Southern','Sri Lanka','29216','456279979759','Nirosha Perera specializes in affordable and efficient travel options across the Western region, offering modern buses for tourist and corporate travel needs.',_binary '','2025-05-04 09:40:30','2025-05-04 09:40:30',2,1),(102,6,'BR25000100',NULL,'Anjana Weerakoon','0715555535','0349597935','anjana.weerakoon100@gmail.com','100 Lake Rd','Badulla','Uva','Sri Lanka','46917','762357098591','Kasuni Senanayake specializes in licensed and insured transport contracts across the North Western region, offering modern SUVs for tourist and corporate travel needs.',_binary '','2025-05-04 09:40:30','2025-05-04 09:40:30',2,1),(103,6,'BR25000101',NULL,'Sanduni Hansika','0736963655','0387599477','sanduni.hansika101@outlook.com','98 Main St','Kegalle','Sabaragamuwa','Sri Lanka','38107','577990312074','Thushara Liyanage specializes in affordable and efficient travel options across the Western region, offering modern luxury coaches for tourist and corporate travel needs.',_binary '','2025-05-04 09:40:30','2025-05-04 09:40:30',2,1),(104,6,'BR25000102',NULL,'Lahiru Madushan','0735190024','0387502299','lahiru.madushan102@gmail.com','17 Lake Rd','Ratnapura','Sabaragamuwa','Sri Lanka','31250','452959444283','Mehani Gamage specializes in door-to-door travel solutions across the North Central region, offering modern cars for tourist and corporate travel needs.',_binary '','2025-05-04 09:40:30','2025-05-04 09:40:30',2,1),(105,6,'BR25000103',NULL,'Surani Perera','0753589247','0310568580','surani.perera103@yahoo.com','94 Lake Rd','Balangoda','Sabaragamuwa','Sri Lanka','87845','189816985396','Ruchira Perera specializes in reliable transfer services across the North Western region, offering modern luxury coaches for tourist and corporate travel needs.',_binary '','2025-05-04 09:40:30','2025-05-04 09:40:30',2,1),(106,6,'BR25000104',NULL,'Duleeka Samanmali','0781046027','0348824140','duleeka.samanmali104@gmail.com','12 Main St','Galle','Southern','Sri Lanka','64148','946366312990','Chamika Senanayake specializes in door-to-door travel solutions across the Central region, offering modern SUVs for tourist and corporate travel needs.',_binary '','2025-05-04 09:40:30','2025-05-04 09:40:30',2,1),(107,6,'BR25000105',NULL,'Bhanuka Rathnayaka','0791403602','0348438231','bhanuka.rathnayaka105@gmail.com','11 Hill Rd','Koggala','Southern','Sri Lanka','59830','291955772139','Haritha Rajapaksha specializes in affordable and efficient travel options across the Eastern region, offering modern luxury coaches for tourist and corporate travel needs.',_binary '','2025-05-04 09:40:30','2025-05-04 09:40:30',2,1),(108,6,'BR25000106',NULL,'Eshan Madushanka','0782161575','0373978798','eshan.madushanka106@gmail.com','45 Lake Rd','Trincomalee','Eastern','Sri Lanka','88770','339652051501','Anjali Wijewardena specializes in licensed and insured transport contracts across the North Central region, offering modern cars for tourist and corporate travel needs.',_binary '','2025-05-04 09:40:30','2025-05-04 09:40:30',2,1),(109,6,'BR25000107',NULL,'Ayesha Siriwardena','0795436511','0394223056','ayesha.siriwardena107@outlook.com','26 Hill Rd','Kekirawa','North Central','Sri Lanka','30138','370034374274','Madhavi Samarasinghe specializes in licensed and insured transport contracts across the Southern region, offering modern vans for tourist and corporate travel needs.',_binary '','2025-05-04 09:40:30','2025-05-04 09:40:30',2,1),(110,6,'BR25000108',NULL,'Udara Jayasooriya','0727303368','0337911107','udara.jayasooriya108@yahoo.com','42 Hill Rd','Monaragala','Uva','Sri Lanka','59368','416581041438','Ruhuni Dissanayake specializes in premium transportation solutions across the Southern region, offering modern buses for tourist and corporate travel needs.',_binary '','2025-05-04 09:40:30','2025-05-04 09:40:30',2,1),(111,6,'BR25000109',NULL,'Chamod De Silva','0720952734','0337626203','chamod.silva109@gmail.com','70 Temple Ln','Mirissa','Southern','Sri Lanka','71974','392725455762','Nethmi Gunasekara specializes in reliable transfer services across the Western region, offering modern SUVs for tourist and corporate travel needs.',_binary '','2025-05-04 09:40:30','2025-05-04 09:40:30',2,1),(112,6,'BR25000110',NULL,'Harshani Lakmali','0709137717','0307954968','harshani.lakmali110@outlook.com','80 Temple Ln','Mullaitivu','Northern','Sri Lanka','97602','165764285278','Kanthi Mendis specializes in reliable transfer services across the Southern region, offering modern buses for tourist and corporate travel needs.',_binary '','2025-05-04 09:40:30','2025-05-04 09:40:30',2,1),(113,6,'BR25000111',NULL,'Thisara Pathirana','0745260363','0364715065','thisara.pathirana111@gmail.com','70 Main St','Battaramulla','Western','Sri Lanka','61741','235740891917','Nisansala Dissanayake specializes in licensed and insured transport contracts across the Eastern region, offering modern SUVs for tourist and corporate travel needs.',_binary '','2025-05-04 09:40:30','2025-05-04 09:40:30',2,1),(114,6,'BR25000112',NULL,'Niroshani Kumari','0748483323','0356612806','niroshani.kumari112@outlook.com','57 Hill Rd','Anuradhapura','North Central','Sri Lanka','22656','315249765761','Kaushalya Rajapaksha specializes in affordable and efficient travel options across the North Central region, offering modern vans for tourist and corporate travel needs.',_binary '','2025-05-04 09:40:30','2025-05-04 09:40:30',2,1),(115,6,'BR25000113',NULL,'Sajini Jayalath','0731995250','0387923631','sajini.jayalath113@outlook.com','51 Hill Rd','Jaffna','Northern','Sri Lanka','54197','961987753854','Ravindu Gunarathne specializes in affordable and efficient travel options across the Western region, offering modern cars for tourist and corporate travel needs.',_binary '','2025-05-04 09:40:30','2025-05-04 09:40:30',2,1);
/*!40000 ALTER TABLE `supplier` ENABLE KEYS */;
UNLOCK TABLES;

--
-- Table structure for table `supplierpayment`
--

DROP TABLE IF EXISTS `supplierpayment`;
/*!40101 SET @saved_cs_client     = @@character_set_client */;
/*!50503 SET character_set_client = utf8mb4 */;
CREATE TABLE `supplierpayment` (
  `id` int NOT NULL AUTO_INCREMENT,
  `code` varchar(45) DEFAULT NULL,
  `date` date DEFAULT NULL,
  `previousamount` decimal(10,2) DEFAULT NULL,
  `paidamount` decimal(10,2) DEFAULT NULL,
  `balance` decimal(10,2) DEFAULT NULL,
  `createdon` timestamp NULL DEFAULT NULL,
  `updatedon` timestamp NULL DEFAULT NULL,
  `supplier_id` int NOT NULL,
  `user_id` int NOT NULL,
  `paymentstatus_id` int NOT NULL,
  PRIMARY KEY (`id`),
  KEY `fk_supplierpayment_supplier1_idx` (`supplier_id`),
  KEY `fk_supplierpayment_user1_idx` (`user_id`),
  KEY `fk_supplierpayment_paymentstatus1_idx` (`paymentstatus_id`),
  CONSTRAINT `fk_supplierpayment_paymentstatus1` FOREIGN KEY (`paymentstatus_id`) REFERENCES `paymentstatus` (`id`),
  CONSTRAINT `fk_supplierpayment_supplier1` FOREIGN KEY (`supplier_id`) REFERENCES `supplier` (`id`),
  CONSTRAINT `fk_supplierpayment_user1` FOREIGN KEY (`user_id`) REFERENCES `user` (`id`)
) ENGINE=InnoDB AUTO_INCREMENT=5 DEFAULT CHARSET=utf8mb3;
/*!40101 SET character_set_client = @saved_cs_client */;

--
-- Dumping data for table `supplierpayment`
--

LOCK TABLES `supplierpayment` WRITE;
/*!40000 ALTER TABLE `supplierpayment` DISABLE KEYS */;
INSERT INTO `supplierpayment` VALUES (3,'PAY_25_001-BR25000003','2025-07-14',12118.00,10000.00,2118.00,NULL,NULL,4,6,3),(4,'PAY_25_002-BR25000003','2025-07-14',2118.00,1500.00,618.00,NULL,NULL,4,6,2);
/*!40000 ALTER TABLE `supplierpayment` ENABLE KEYS */;
UNLOCK TABLES;

--
-- Table structure for table `supplierpaymentitem`
--

DROP TABLE IF EXISTS `supplierpaymentitem`;
/*!40101 SET @saved_cs_client     = @@character_set_client */;
/*!50503 SET character_set_client = utf8mb4 */;
CREATE TABLE `supplierpaymentitem` (
  `id` int NOT NULL AUTO_INCREMENT,
  `item` varchar(45) DEFAULT NULL,
  `supplierpayment_id` int NOT NULL,
  `totalpaid` decimal(10,2) DEFAULT NULL,
  PRIMARY KEY (`id`),
  KEY `fk_supplierpaymentitem_supplierpayment1_idx` (`supplierpayment_id`),
  CONSTRAINT `fk_supplierpaymentitem_supplierpayment1` FOREIGN KEY (`supplierpayment_id`) REFERENCES `supplierpayment` (`id`)
) ENGINE=InnoDB AUTO_INCREMENT=4 DEFAULT CHARSET=utf8mb3;
/*!40101 SET character_set_client = @saved_cs_client */;

--
-- Dumping data for table `supplierpaymentitem`
--

LOCK TABLES `supplierpaymentitem` WRITE;
/*!40000 ALTER TABLE `supplierpaymentitem` DISABLE KEYS */;
INSERT INTO `supplierpaymentitem` VALUES (2,'Accommodations',3,10000.00),(3,'Accommodations',4,1500.00);
/*!40000 ALTER TABLE `supplierpaymentitem` ENABLE KEYS */;
UNLOCK TABLES;

--
-- Table structure for table `supplierstatus`
--

DROP TABLE IF EXISTS `supplierstatus`;
/*!40101 SET @saved_cs_client     = @@character_set_client */;
/*!50503 SET character_set_client = utf8mb4 */;
CREATE TABLE `supplierstatus` (
  `id` int NOT NULL AUTO_INCREMENT,
  `name` varchar(45) DEFAULT NULL,
  PRIMARY KEY (`id`)
) ENGINE=InnoDB AUTO_INCREMENT=4 DEFAULT CHARSET=utf8mb3;
/*!40101 SET character_set_client = @saved_cs_client */;

--
-- Dumping data for table `supplierstatus`
--

LOCK TABLES `supplierstatus` WRITE;
/*!40000 ALTER TABLE `supplierstatus` DISABLE KEYS */;
INSERT INTO `supplierstatus` VALUES (1,'Active'),(2,'Inactive'),(3,'Blacklisted');
/*!40000 ALTER TABLE `supplierstatus` ENABLE KEYS */;
UNLOCK TABLES;

--
-- Table structure for table `suppliertype`
--

DROP TABLE IF EXISTS `suppliertype`;
/*!40101 SET @saved_cs_client     = @@character_set_client */;
/*!50503 SET character_set_client = utf8mb4 */;
CREATE TABLE `suppliertype` (
  `id` int NOT NULL AUTO_INCREMENT,
  `name` varchar(45) DEFAULT NULL,
  PRIMARY KEY (`id`)
) ENGINE=InnoDB AUTO_INCREMENT=4 DEFAULT CHARSET=utf8mb3;
/*!40101 SET character_set_client = @saved_cs_client */;

--
-- Dumping data for table `suppliertype`
--

LOCK TABLES `suppliertype` WRITE;
/*!40000 ALTER TABLE `suppliertype` DISABLE KEYS */;
INSERT INTO `suppliertype` VALUES (1,'Accommodations'),(2,'Transfer'),(3,'Generic');
/*!40000 ALTER TABLE `suppliertype` ENABLE KEYS */;
UNLOCK TABLES;

--
-- Table structure for table `touraccommodation`
--

DROP TABLE IF EXISTS `touraccommodation`;
/*!40101 SET @saved_cs_client     = @@character_set_client */;
/*!50503 SET character_set_client = utf8mb4 */;
CREATE TABLE `touraccommodation` (
  `id` int NOT NULL AUTO_INCREMENT,
  `day` int DEFAULT NULL,
  `tourcontract_id` int NOT NULL,
  `accommodation_id` int NOT NULL,
  PRIMARY KEY (`id`),
  KEY `fk_tourcontract_has_accommodation_accommodation1_idx` (`accommodation_id`),
  KEY `fk_tourcontract_has_accommodation_tourcontract1_idx` (`tourcontract_id`),
  CONSTRAINT `fk_tourcontract_has_accommodation_accommodation1` FOREIGN KEY (`accommodation_id`) REFERENCES `accommodation` (`id`),
  CONSTRAINT `fk_tourcontract_has_accommodation_tourcontract1` FOREIGN KEY (`tourcontract_id`) REFERENCES `tourcontract` (`id`)
) ENGINE=InnoDB AUTO_INCREMENT=27 DEFAULT CHARSET=utf8mb3;
/*!40101 SET character_set_client = @saved_cs_client */;

--
-- Dumping data for table `touraccommodation`
--

LOCK TABLES `touraccommodation` WRITE;
/*!40000 ALTER TABLE `touraccommodation` DISABLE KEYS */;
INSERT INTO `touraccommodation` VALUES (12,1,12,17),(13,1,13,36),(14,1,17,17),(16,1,18,33),(17,1,19,17),(18,2,13,19),(19,1,20,17),(20,1,21,17),(21,2,12,22),(23,1,16,17),(24,1,22,33),(25,1,23,22),(26,1,24,17);
/*!40000 ALTER TABLE `touraccommodation` ENABLE KEYS */;
UNLOCK TABLES;

--
-- Table structure for table `touraccommodationroom`
--

DROP TABLE IF EXISTS `touraccommodationroom`;
/*!40101 SET @saved_cs_client     = @@character_set_client */;
/*!50503 SET character_set_client = utf8mb4 */;
CREATE TABLE `touraccommodationroom` (
  `id` int NOT NULL AUTO_INCREMENT,
  `roomtype` varchar(45) DEFAULT NULL,
  `touraccommodation_id` int NOT NULL,
  PRIMARY KEY (`id`),
  KEY `fk_touraccommodationroom_touraccommodation1_idx` (`touraccommodation_id`),
  CONSTRAINT `fk_touraccommodationroom_touraccommodation1` FOREIGN KEY (`touraccommodation_id`) REFERENCES `touraccommodation` (`id`)
) ENGINE=InnoDB AUTO_INCREMENT=27 DEFAULT CHARSET=utf8mb3;
/*!40101 SET character_set_client = @saved_cs_client */;

--
-- Dumping data for table `touraccommodationroom`
--

LOCK TABLES `touraccommodationroom` WRITE;
/*!40000 ALTER TABLE `touraccommodationroom` DISABLE KEYS */;
INSERT INTO `touraccommodationroom` VALUES (1,'Deluxe',12),(2,'Suite',12),(3,'Executive suite',19),(5,'Deluxe',20),(6,'Suite',20),(7,'Executive suite',20),(8,'Standard twin room',21),(9,'Double room',21),(14,'Deluxe',23),(15,'Double room',23),(16,'Executive suite',23),(17,'Family',23),(18,'Standard twin room',24),(19,'Double room',24),(20,'Double room',25),(21,'Deluxe',25),(22,'Standard twin room',25),(23,'Family',25),(24,'Executive suite',26),(25,'Double room',26),(26,'Standard twin room',26);
/*!40000 ALTER TABLE `touraccommodationroom` ENABLE KEYS */;
UNLOCK TABLES;

--
-- Table structure for table `tourcategory`
--

DROP TABLE IF EXISTS `tourcategory`;
/*!40101 SET @saved_cs_client     = @@character_set_client */;
/*!50503 SET character_set_client = utf8mb4 */;
CREATE TABLE `tourcategory` (
  `id` int NOT NULL AUTO_INCREMENT,
  `name` varchar(45) DEFAULT NULL,
  PRIMARY KEY (`id`)
) ENGINE=InnoDB AUTO_INCREMENT=7 DEFAULT CHARSET=utf8mb3;
/*!40101 SET character_set_client = @saved_cs_client */;

--
-- Dumping data for table `tourcategory`
--

LOCK TABLES `tourcategory` WRITE;
/*!40000 ALTER TABLE `tourcategory` DISABLE KEYS */;
INSERT INTO `tourcategory` VALUES (1,'Budget'),(2,'Standard'),(3,'Premium'),(4,'Luxury');
/*!40000 ALTER TABLE `tourcategory` ENABLE KEYS */;
UNLOCK TABLES;

--
-- Table structure for table `tourcontract`
--

DROP TABLE IF EXISTS `tourcontract`;
/*!40101 SET @saved_cs_client     = @@character_set_client */;
/*!50503 SET character_set_client = utf8mb4 */;
CREATE TABLE `tourcontract` (
  `id` int NOT NULL AUTO_INCREMENT,
  `user_id` int NOT NULL,
  `name` varchar(100) DEFAULT NULL,
  `reference` varchar(45) NOT NULL,
  `validfrom` date DEFAULT NULL,
  `validto` date DEFAULT NULL,
  `salesfrom` date DEFAULT NULL,
  `salesto` date DEFAULT NULL,
  `markup` decimal(10,2) DEFAULT NULL,
  `maxpaxcount` int DEFAULT NULL,
  `createdon` timestamp NULL DEFAULT NULL,
  `updatedon` timestamp NULL DEFAULT NULL,
  `tourtype_id` int NOT NULL,
  `tourcategory_id` int NOT NULL,
  `tourtheme_id` int NOT NULL,
  PRIMARY KEY (`id`),
  KEY `fk_tourcontract_user1_idx` (`user_id`),
  KEY `fk_tourcontract_tourtype1_idx` (`tourtype_id`),
  KEY `fk_tourcontract_tourcategory1_idx` (`tourcategory_id`),
  KEY `fk_tourcontract_tourtheme1_idx` (`tourtheme_id`),
  CONSTRAINT `fk_tourcontract_tourcategory1` FOREIGN KEY (`tourcategory_id`) REFERENCES `tourcategory` (`id`),
  CONSTRAINT `fk_tourcontract_tourtheme1` FOREIGN KEY (`tourtheme_id`) REFERENCES `tourtheme` (`id`),
  CONSTRAINT `fk_tourcontract_tourtype1` FOREIGN KEY (`tourtype_id`) REFERENCES `tourtype` (`id`),
  CONSTRAINT `fk_tourcontract_user1` FOREIGN KEY (`user_id`) REFERENCES `user` (`id`)
) ENGINE=InnoDB AUTO_INCREMENT=25 DEFAULT CHARSET=utf8mb3;
/*!40101 SET character_set_client = @saved_cs_client */;

--
-- Dumping data for table `tourcontract`
--

LOCK TABLES `tourcontract` WRITE;
/*!40000 ALTER TABLE `tourcontract` DISABLE KEYS */;
INSERT INTO `tourcontract` VALUES (12,6,'Travellion Premium Tour','TOUR_25_0001','2025-07-12','2025-07-31','2025-07-12','2025-07-31',122.00,10,'2025-06-22 14:02:16','2025-07-12 19:12:59',1,3,1),(13,6,'Serene Sri Lanka Getaway','TOUR_25_0002','2025-07-01','2025-07-31','2025-07-01','2025-07-31',20.00,10,'2025-06-23 05:53:04','2025-07-18 10:43:46',2,2,7),(15,6,'Cultural Heritage Tour of Sri Lanka','TOUR_25_0003','2025-07-01','2025-07-31','2025-07-01','2025-07-31',20.00,20,'2025-06-23 05:53:04','2025-07-18 10:44:33',4,2,1),(16,6,'Tropical Paradise Adventure','TOUR_25_0004','2025-07-01','2025-07-31','2025-07-01','2025-07-26',20.00,20,'2025-06-23 05:53:04','2025-07-18 10:45:01',5,4,1),(17,6,'Hill Country Explorer','TOUR_25_0005','2025-06-23','2025-06-25','2025-06-23','2025-06-24',1200.00,20,'2025-06-23 06:08:02','2025-07-18 10:45:49',6,4,1),(18,6,'Coastal Wonders of Sri Lanka','TOUR_25_0006','2025-06-26','2025-06-28','2025-06-26','2025-06-28',120.00,12,'2025-06-23 09:20:20','2025-07-18 10:46:26',7,1,2),(19,6,'Ancient Cities Journey','TOUR_25_0007','2025-06-28','2025-06-30','2025-06-28','2025-06-30',500.00,12,'2025-06-23 09:23:12','2025-07-18 10:48:45',3,2,1),(20,6,'Wildlife Safari Escape','TOUR_25_0008','2025-07-01','2025-07-10','2025-07-01','2025-07-10',5000.00,15,'2025-06-30 08:54:24','2025-07-18 10:49:50',39,4,2),(21,6,'Spice Garden Retreat','TOUR_25_0009','2025-07-12','2025-07-31','2025-07-12','2025-07-31',200.00,20,'2025-07-12 11:32:37','2025-07-18 10:50:19',8,4,1),(22,6,'Southern Beaches Odyssey','TOUR_25_0010','2025-07-18','2025-08-31','2025-07-20','2025-08-29',200.00,15,'2025-07-18 11:02:42','2025-07-18 11:02:42',14,2,1),(23,6,'Tea Trails Expedition','TOUR_25_0011','2025-07-18','2025-09-30','2025-07-20','2025-09-28',300.00,10,'2025-07-18 11:05:13','2025-07-18 11:05:13',33,3,3),(24,6,'Test','TOUR_25_0012','2025-07-19','2025-07-22','2025-07-19','2025-07-21',10.00,10,'2025-07-19 06:53:00','2025-07-19 06:53:00',2,2,2);
/*!40000 ALTER TABLE `tourcontract` ENABLE KEYS */;
UNLOCK TABLES;

--
-- Table structure for table `tourgeneric`
--

DROP TABLE IF EXISTS `tourgeneric`;
/*!40101 SET @saved_cs_client     = @@character_set_client */;
/*!50503 SET character_set_client = utf8mb4 */;
CREATE TABLE `tourgeneric` (
  `id` int NOT NULL AUTO_INCREMENT,
  `day` int DEFAULT NULL,
  `tourcontract_id` int NOT NULL,
  `generic_id` int NOT NULL,
  PRIMARY KEY (`id`),
  KEY `fk_tourcontract_has_generic_generic1_idx` (`generic_id`),
  KEY `fk_tourcontract_has_generic_tourcontract1_idx` (`tourcontract_id`),
  CONSTRAINT `fk_tourcontract_has_generic_generic1` FOREIGN KEY (`generic_id`) REFERENCES `generic` (`id`),
  CONSTRAINT `fk_tourcontract_has_generic_tourcontract1` FOREIGN KEY (`tourcontract_id`) REFERENCES `tourcontract` (`id`)
) ENGINE=InnoDB AUTO_INCREMENT=34 DEFAULT CHARSET=utf8mb3;
/*!40101 SET character_set_client = @saved_cs_client */;

--
-- Dumping data for table `tourgeneric`
--

LOCK TABLES `tourgeneric` WRITE;
/*!40000 ALTER TABLE `tourgeneric` DISABLE KEYS */;
INSERT INTO `tourgeneric` VALUES (6,1,12,4),(7,1,13,10),(8,1,13,9),(9,1,17,4),(11,1,18,11),(13,1,19,12),(15,1,12,7),(16,1,12,6),(17,2,13,13),(18,1,20,4),(19,1,21,4),(20,1,21,5),(21,2,12,13),(22,2,12,12),(23,1,16,4),(24,1,16,6),(25,1,16,4),(26,1,16,6),(27,1,22,10),(28,1,22,9),(29,1,23,5),(30,1,23,4),(31,1,23,11),(32,1,24,4),(33,1,24,5);
/*!40000 ALTER TABLE `tourgeneric` ENABLE KEYS */;
UNLOCK TABLES;

--
-- Table structure for table `touroccupancy`
--

DROP TABLE IF EXISTS `touroccupancy`;
/*!40101 SET @saved_cs_client     = @@character_set_client */;
/*!50503 SET character_set_client = utf8mb4 */;
CREATE TABLE `touroccupancy` (
  `id` int NOT NULL AUTO_INCREMENT,
  `tourcontract_id` int NOT NULL,
  `paxtype_id` int NOT NULL,
  `amount` decimal(10,2) DEFAULT NULL,
  PRIMARY KEY (`id`),
  KEY `fk_tourcontract_has_paxtype_paxtype1_idx` (`paxtype_id`),
  KEY `fk_tourcontract_has_paxtype_tourcontract1_idx` (`tourcontract_id`),
  CONSTRAINT `fk_tourcontract_has_paxtype_paxtype1` FOREIGN KEY (`paxtype_id`) REFERENCES `paxtype` (`id`),
  CONSTRAINT `fk_tourcontract_has_paxtype_tourcontract1` FOREIGN KEY (`tourcontract_id`) REFERENCES `tourcontract` (`id`)
) ENGINE=InnoDB AUTO_INCREMENT=42 DEFAULT CHARSET=utf8mb3;
/*!40101 SET character_set_client = @saved_cs_client */;

--
-- Dumping data for table `touroccupancy`
--

LOCK TABLES `touroccupancy` WRITE;
/*!40000 ALTER TABLE `touroccupancy` DISABLE KEYS */;
INSERT INTO `touroccupancy` VALUES (4,12,3,1500.00),(5,12,1,2500.00),(6,12,2,2000.00),(7,13,2,1800.00),(8,13,3,1500.00),(9,13,1,2000.00),(10,21,3,1500.00),(11,21,1,1000.00),(12,21,2,1800.00),(13,16,2,2000.00),(14,16,1,2500.00),(15,16,3,1500.00),(16,16,1,2500.00),(17,16,2,2000.00),(18,16,3,1500.00),(19,15,1,2500.00),(20,15,2,2000.00),(21,15,3,1500.00),(22,17,2,2500.00),(23,17,3,1500.00),(24,17,1,3000.00),(25,18,2,1800.00),(26,18,3,1500.00),(27,18,1,2000.00),(28,19,3,2000.00),(29,19,2,2500.00),(30,19,1,3000.00),(31,20,1,4000.00),(32,20,2,3500.00),(33,20,3,3000.00),(34,22,3,2500.00),(35,22,1,4000.00),(36,22,2,3500.00),(37,23,1,4500.00),(38,23,3,2500.00),(39,23,2,3500.00),(40,24,2,200.00),(41,24,1,2000.00);
/*!40000 ALTER TABLE `touroccupancy` ENABLE KEYS */;
UNLOCK TABLES;

--
-- Table structure for table `tourtheme`
--

DROP TABLE IF EXISTS `tourtheme`;
/*!40101 SET @saved_cs_client     = @@character_set_client */;
/*!50503 SET character_set_client = utf8mb4 */;
CREATE TABLE `tourtheme` (
  `id` int NOT NULL AUTO_INCREMENT,
  `name` varchar(45) DEFAULT NULL,
  PRIMARY KEY (`id`)
) ENGINE=InnoDB AUTO_INCREMENT=10 DEFAULT CHARSET=utf8mb3;
/*!40101 SET character_set_client = @saved_cs_client */;

--
-- Dumping data for table `tourtheme`
--

LOCK TABLES `tourtheme` WRITE;
/*!40000 ALTER TABLE `tourtheme` DISABLE KEYS */;
INSERT INTO `tourtheme` VALUES (1,'Adventure'),(2,'Nature and Wildlife'),(3,'Eco and Conservation'),(4,'Cultural and Heritage'),(5,'Spiritual and Wellness'),(6,'Culinary and Lifestyle'),(7,'Photography and Special Interest'),(8,'Romantic and Honeymoon'),(9,'Marine and Coastal');
/*!40000 ALTER TABLE `tourtheme` ENABLE KEYS */;
UNLOCK TABLES;

--
-- Table structure for table `tourtransfercontract`
--

DROP TABLE IF EXISTS `tourtransfercontract`;
/*!40101 SET @saved_cs_client     = @@character_set_client */;
/*!50503 SET character_set_client = utf8mb4 */;
CREATE TABLE `tourtransfercontract` (
  `id` int NOT NULL AUTO_INCREMENT,
  `day` int DEFAULT NULL,
  `tourcontract_id` int NOT NULL,
  `transfercontract_id` int NOT NULL,
  PRIMARY KEY (`id`),
  KEY `fk_tourcontract_has_transfercontract_transfercontract1_idx` (`transfercontract_id`),
  KEY `fk_tourcontract_has_transfercontract_tourcontract1_idx` (`tourcontract_id`),
  CONSTRAINT `fk_tourcontract_has_transfercontract_tourcontract1` FOREIGN KEY (`tourcontract_id`) REFERENCES `tourcontract` (`id`),
  CONSTRAINT `fk_tourcontract_has_transfercontract_transfercontract1` FOREIGN KEY (`transfercontract_id`) REFERENCES `transfercontract` (`id`)
) ENGINE=InnoDB AUTO_INCREMENT=16 DEFAULT CHARSET=utf8mb3;
/*!40101 SET character_set_client = @saved_cs_client */;

--
-- Dumping data for table `tourtransfercontract`
--

LOCK TABLES `tourtransfercontract` WRITE;
/*!40000 ALTER TABLE `tourtransfercontract` DISABLE KEYS */;
INSERT INTO `tourtransfercontract` VALUES (1,1,12,513),(2,1,13,514),(3,1,17,513),(4,1,18,514),(6,1,19,513),(7,2,13,516),(8,1,20,516),(9,1,21,513),(10,2,12,514),(11,1,16,513),(13,1,22,555),(14,1,23,528),(15,1,24,528);
/*!40000 ALTER TABLE `tourtransfercontract` ENABLE KEYS */;
UNLOCK TABLES;

--
-- Table structure for table `tourtype`
--

DROP TABLE IF EXISTS `tourtype`;
/*!40101 SET @saved_cs_client     = @@character_set_client */;
/*!50503 SET character_set_client = utf8mb4 */;
CREATE TABLE `tourtype` (
  `id` int NOT NULL AUTO_INCREMENT,
  `name` varchar(100) DEFAULT NULL,
  PRIMARY KEY (`id`)
) ENGINE=InnoDB AUTO_INCREMENT=45 DEFAULT CHARSET=utf8mb3;
/*!40101 SET character_set_client = @saved_cs_client */;

--
-- Dumping data for table `tourtype`
--

LOCK TABLES `tourtype` WRITE;
/*!40000 ALTER TABLE `tourtype` DISABLE KEYS */;
INSERT INTO `tourtype` VALUES (1,'Hill Country Adventure'),(2,'Rainforest Exploration'),(3,'Waterfall Trekking'),(4,'Rock Climbing Experience'),(5,'River Rafting'),(6,'Forest Hiking Trails'),(7,'Caving Tours'),(8,'Wildlife Safari'),(9,'Camping Tours'),(10,'Bird Watching'),(11,'Whale & Dolphin Watching'),(12,'Beach Leisure Tour'),(13,'Snorkeling & Diving'),(14,'Surfing Holidays'),(15,'Lagoon & Mangrove Boat Safari'),(16,'Island Hopping Tour'),(17,'Fishing Village Experience'),(18,'National Park Wildlife Tours'),(19,'Elephant Transit Home Visit'),(20,'Turtle Conservation Tours'),(21,'Rainforest Biodiversity Tour'),(22,'Ancient Cities & World Heritage Tour'),(23,'Temple & Pilgrimage Tours'),(24,'Cultural Triangle Tour'),(25,'Historical Monuments Tour'),(26,'Village Life & Indigenous Culture Tour'),(27,'Ayurveda & Herbal Therapy Tours'),(28,'Meditation & Yoga Retreats'),(29,'Spiritual Pilgrimages'),(30,'Urban Food Tours'),(31,'Traditional Cooking Experience'),(32,'Tea Plantation & Factory Visit'),(33,'Spice Garden Tour'),(34,'Sunset & Sunrise Photography Tours'),(35,'Festival & Cultural Event Tours'),(36,'Colonial Heritage Tours'),(37,'Honeymoon in the Hill Country'),(38,'Beachside Honeymoon'),(39,'Private Luxury Safari  Glamping'),(40,'Romantic River or Lake Cruises'),(41,'Candlelight Dinner & Spa Retreat Packages'),(42,'Boutique Villa Stays in Scenic Locations'),(43,'Tea Bungalow Honeymoon Experience'),(44,'Sunset Boat Ride  Photography');
/*!40000 ALTER TABLE `tourtype` ENABLE KEYS */;
UNLOCK TABLES;

--
-- Table structure for table `transfer`
--

DROP TABLE IF EXISTS `transfer`;
/*!40101 SET @saved_cs_client     = @@character_set_client */;
/*!50503 SET character_set_client = utf8mb4 */;
CREATE TABLE `transfer` (
  `id` int NOT NULL AUTO_INCREMENT,
  `isreturn` bit(1) DEFAULT NULL,
  PRIMARY KEY (`id`)
) ENGINE=InnoDB AUTO_INCREMENT=1012 DEFAULT CHARSET=utf8mb3;
/*!40101 SET character_set_client = @saved_cs_client */;

--
-- Dumping data for table `transfer`
--

LOCK TABLES `transfer` WRITE;
/*!40000 ALTER TABLE `transfer` DISABLE KEYS */;
INSERT INTO `transfer` VALUES (10,_binary '\0'),(11,_binary '\0'),(12,_binary ''),(13,_binary '\0'),(14,_binary ''),(15,_binary '\0'),(16,_binary '\0'),(17,_binary '\0'),(18,_binary '\0'),(19,_binary '\0'),(20,_binary '\0'),(21,_binary ''),(22,_binary ''),(23,_binary ''),(24,_binary '\0'),(25,_binary ''),(26,_binary '\0'),(27,_binary '\0'),(28,_binary '\0'),(29,_binary '\0'),(30,_binary '\0'),(31,_binary '\0'),(32,_binary ''),(33,_binary '\0'),(34,_binary '\0'),(35,_binary '\0'),(36,_binary '\0'),(37,_binary '\0'),(38,_binary '\0'),(39,_binary '\0'),(40,_binary ''),(41,_binary '\0'),(42,_binary '\0'),(43,_binary '\0'),(44,_binary '\0'),(45,_binary '\0'),(46,_binary '\0'),(47,_binary '\0'),(48,_binary '\0'),(49,_binary '\0'),(50,_binary '\0'),(51,_binary '\0'),(52,_binary '\0'),(53,_binary '\0'),(54,_binary '\0'),(55,_binary '\0'),(56,_binary ''),(57,_binary '\0'),(58,_binary '\0'),(59,_binary ''),(60,_binary '\0'),(61,_binary '\0'),(62,_binary '\0'),(63,_binary '\0'),(64,_binary '\0'),(65,_binary '\0'),(66,_binary '\0'),(67,_binary '\0'),(68,_binary '\0'),(69,_binary '\0'),(70,_binary '\0'),(71,_binary ''),(72,_binary '\0'),(73,_binary '\0'),(74,_binary '\0'),(75,_binary '\0'),(76,_binary '\0'),(77,_binary '\0'),(78,_binary '\0'),(79,_binary '\0'),(80,_binary '\0'),(81,_binary '\0'),(82,_binary '\0'),(83,_binary '\0'),(84,_binary '\0'),(85,_binary '\0'),(86,_binary '\0'),(87,_binary '\0'),(88,_binary '\0'),(89,_binary '\0'),(90,_binary '\0'),(91,_binary ''),(92,_binary '\0'),(93,_binary '\0'),(94,_binary '\0'),(95,_binary ''),(96,_binary '\0'),(97,_binary '\0'),(98,_binary '\0'),(99,_binary '\0'),(100,_binary '\0'),(101,_binary '\0'),(102,_binary '\0'),(103,_binary '\0'),(104,_binary '\0'),(105,_binary ''),(106,_binary ''),(107,_binary ''),(108,_binary '\0'),(109,_binary '\0'),(110,_binary '\0'),(111,_binary ''),(112,_binary ''),(113,_binary ''),(114,_binary '\0'),(115,_binary '\0'),(116,_binary '\0'),(117,_binary '\0'),(118,_binary '\0'),(119,_binary '\0'),(120,_binary '\0'),(121,_binary '\0'),(122,_binary '\0'),(123,_binary '\0'),(124,_binary '\0'),(125,_binary '\0'),(126,_binary '\0'),(127,_binary '\0'),(128,_binary '\0'),(129,_binary '\0'),(130,_binary '\0'),(131,_binary '\0'),(132,_binary '\0'),(133,_binary '\0'),(134,_binary '\0'),(135,_binary '\0'),(136,_binary '\0'),(137,_binary '\0'),(138,_binary '\0'),(139,_binary '\0'),(140,_binary ''),(141,_binary '\0'),(142,_binary '\0'),(143,_binary '\0'),(144,_binary '\0'),(145,_binary '\0'),(146,_binary '\0'),(147,_binary '\0'),(148,_binary '\0'),(149,_binary '\0'),(150,_binary '\0'),(151,_binary '\0'),(152,_binary ''),(153,_binary '\0'),(154,_binary '\0'),(155,_binary '\0'),(156,_binary ''),(157,_binary '\0'),(158,_binary '\0'),(159,_binary '\0'),(160,_binary '\0'),(161,_binary '\0'),(162,_binary '\0'),(163,_binary '\0'),(164,_binary '\0'),(165,_binary '\0'),(166,_binary '\0'),(167,_binary '\0'),(168,_binary '\0'),(169,_binary '\0'),(170,_binary '\0'),(171,_binary ''),(172,_binary '\0'),(173,_binary '\0'),(174,_binary '\0'),(175,_binary ''),(176,_binary ''),(177,_binary '\0'),(178,_binary '\0'),(179,_binary '\0'),(180,_binary '\0'),(181,_binary ''),(182,_binary '\0'),(183,_binary '\0'),(184,_binary '\0'),(185,_binary ''),(186,_binary '\0'),(187,_binary '\0'),(188,_binary '\0'),(189,_binary ''),(190,_binary '\0'),(191,_binary '\0'),(192,_binary '\0'),(193,_binary '\0'),(194,_binary '\0'),(195,_binary ''),(196,_binary '\0'),(197,_binary '\0'),(198,_binary ''),(199,_binary '\0'),(200,_binary '\0'),(201,_binary '\0'),(202,_binary '\0'),(203,_binary ''),(204,_binary ''),(205,_binary '\0'),(206,_binary '\0'),(207,_binary ''),(208,_binary ''),(209,_binary ''),(210,_binary '\0'),(211,_binary '\0'),(212,_binary '\0'),(213,_binary ''),(214,_binary '\0'),(215,_binary ''),(216,_binary '\0'),(217,_binary '\0'),(218,_binary '\0'),(219,_binary '\0'),(220,_binary '\0'),(221,_binary '\0'),(222,_binary '\0'),(223,_binary '\0'),(224,_binary '\0'),(225,_binary '\0'),(226,_binary '\0'),(227,_binary '\0'),(228,_binary ''),(229,_binary '\0'),(230,_binary '\0'),(231,_binary '\0'),(232,_binary '\0'),(233,_binary ''),(234,_binary '\0'),(235,_binary ''),(236,_binary '\0'),(237,_binary '\0'),(238,_binary ''),(239,_binary '\0'),(240,_binary '\0'),(241,_binary '\0'),(242,_binary ''),(243,_binary ''),(244,_binary '\0'),(245,_binary '\0'),(246,_binary '\0'),(247,_binary '\0'),(248,_binary '\0'),(249,_binary '\0'),(250,_binary ''),(251,_binary '\0'),(252,_binary ''),(253,_binary '\0'),(254,_binary '\0'),(255,_binary ''),(256,_binary ''),(257,_binary '\0'),(258,_binary '\0'),(259,_binary '\0'),(260,_binary '\0'),(261,_binary ''),(262,_binary '\0'),(263,_binary '\0'),(264,_binary '\0'),(265,_binary '\0'),(266,_binary '\0'),(267,_binary ''),(268,_binary '\0'),(269,_binary '\0'),(270,_binary '\0'),(271,_binary '\0'),(272,_binary '\0'),(273,_binary '\0'),(274,_binary '\0'),(275,_binary '\0'),(276,_binary '\0'),(277,_binary ''),(278,_binary '\0'),(279,_binary '\0'),(280,_binary '\0'),(281,_binary ''),(282,_binary '\0'),(283,_binary '\0'),(284,_binary '\0'),(285,_binary '\0'),(286,_binary '\0'),(287,_binary '\0'),(288,_binary ''),(289,_binary '\0'),(290,_binary ''),(291,_binary '\0'),(292,_binary '\0'),(293,_binary '\0'),(294,_binary '\0'),(295,_binary '\0'),(296,_binary ''),(297,_binary ''),(298,_binary ''),(299,_binary ''),(300,_binary '\0'),(301,_binary '\0'),(302,_binary '\0'),(303,_binary '\0'),(304,_binary '\0'),(305,_binary '\0'),(306,_binary '\0'),(307,_binary '\0'),(308,_binary '\0'),(309,_binary '\0'),(310,_binary '\0'),(311,_binary '\0'),(312,_binary '\0'),(313,_binary '\0'),(314,_binary '\0'),(315,_binary '\0'),(316,_binary '\0'),(317,_binary '\0'),(318,_binary '\0'),(319,_binary '\0'),(320,_binary '\0'),(321,_binary ''),(322,_binary '\0'),(323,_binary '\0'),(324,_binary '\0'),(325,_binary ''),(326,_binary '\0'),(327,_binary '\0'),(328,_binary '\0'),(329,_binary ''),(330,_binary '\0'),(331,_binary '\0'),(332,_binary ''),(333,_binary '\0'),(334,_binary ''),(335,_binary '\0'),(336,_binary '\0'),(337,_binary '\0'),(338,_binary '\0'),(339,_binary '\0'),(340,_binary ''),(341,_binary '\0'),(342,_binary ''),(343,_binary ''),(344,_binary '\0'),(345,_binary '\0'),(346,_binary '\0'),(347,_binary '\0'),(348,_binary '\0'),(349,_binary '\0'),(350,_binary ''),(351,_binary '\0'),(352,_binary '\0'),(353,_binary ''),(354,_binary '\0'),(355,_binary '\0'),(356,_binary ''),(357,_binary '\0'),(358,_binary '\0'),(359,_binary '\0'),(360,_binary '\0'),(361,_binary '\0'),(362,_binary '\0'),(363,_binary '\0'),(364,_binary '\0'),(365,_binary ''),(366,_binary ''),(367,_binary '\0'),(368,_binary '\0'),(369,_binary '\0'),(370,_binary ''),(371,_binary '\0'),(372,_binary '\0'),(373,_binary ''),(374,_binary ''),(375,_binary '\0'),(376,_binary '\0'),(377,_binary '\0'),(378,_binary '\0'),(379,_binary '\0'),(380,_binary '\0'),(381,_binary ''),(382,_binary ''),(383,_binary '\0'),(384,_binary '\0'),(385,_binary '\0'),(386,_binary ''),(387,_binary '\0'),(388,_binary '\0'),(389,_binary '\0'),(390,_binary '\0'),(391,_binary '\0'),(392,_binary '\0'),(393,_binary ''),(394,_binary '\0'),(395,_binary '\0'),(396,_binary '\0'),(397,_binary '\0'),(398,_binary ''),(399,_binary '\0'),(400,_binary ''),(401,_binary '\0'),(402,_binary '\0'),(403,_binary '\0'),(404,_binary '\0'),(405,_binary ''),(406,_binary '\0'),(407,_binary ''),(408,_binary '\0'),(409,_binary '\0'),(410,_binary '\0'),(411,_binary ''),(412,_binary '\0'),(413,_binary '\0'),(414,_binary '\0'),(415,_binary '\0'),(416,_binary '\0'),(417,_binary '\0'),(418,_binary '\0'),(419,_binary ''),(420,_binary '\0'),(421,_binary '\0'),(422,_binary '\0'),(423,_binary '\0'),(424,_binary '\0'),(425,_binary ''),(426,_binary '\0'),(427,_binary ''),(428,_binary '\0'),(429,_binary '\0'),(430,_binary '\0'),(431,_binary '\0'),(432,_binary '\0'),(433,_binary '\0'),(434,_binary '\0'),(435,_binary '\0'),(436,_binary '\0'),(437,_binary '\0'),(438,_binary ''),(439,_binary '\0'),(440,_binary ''),(441,_binary ''),(442,_binary '\0'),(443,_binary ''),(444,_binary ''),(445,_binary '\0'),(446,_binary '\0'),(447,_binary '\0'),(448,_binary '\0'),(449,_binary '\0'),(450,_binary '\0'),(451,_binary ''),(452,_binary '\0'),(453,_binary '\0'),(454,_binary '\0'),(455,_binary '\0'),(456,_binary ''),(457,_binary '\0'),(458,_binary '\0'),(459,_binary '\0'),(460,_binary '\0'),(461,_binary '\0'),(462,_binary '\0'),(463,_binary '\0'),(464,_binary ''),(465,_binary ''),(466,_binary ''),(467,_binary '\0'),(468,_binary '\0'),(469,_binary '\0'),(470,_binary '\0'),(471,_binary '\0'),(472,_binary ''),(473,_binary ''),(474,_binary '\0'),(475,_binary '\0'),(476,_binary '\0'),(477,_binary '\0'),(478,_binary '\0'),(479,_binary '\0'),(480,_binary '\0'),(481,_binary '\0'),(482,_binary ''),(483,_binary '\0'),(484,_binary '\0'),(485,_binary ''),(486,_binary '\0'),(487,_binary '\0'),(488,_binary '\0'),(489,_binary '\0'),(490,_binary '\0'),(491,_binary '\0'),(492,_binary ''),(493,_binary '\0'),(494,_binary '\0'),(495,_binary ''),(496,_binary '\0'),(497,_binary '\0'),(498,_binary '\0'),(499,_binary '\0'),(500,_binary ''),(501,_binary '\0'),(502,_binary '\0'),(503,_binary ''),(504,_binary '\0'),(505,_binary '\0'),(506,_binary ''),(507,_binary '\0'),(508,_binary ''),(509,_binary '\0'),(512,_binary ''),(513,_binary ''),(514,_binary '\0'),(515,_binary '\0'),(516,_binary ''),(517,_binary '\0'),(518,_binary '\0'),(519,_binary '\0'),(520,_binary '\0'),(521,_binary ''),(522,_binary '\0'),(523,_binary '\0'),(524,_binary '\0'),(525,_binary ''),(526,_binary '\0'),(527,_binary '\0'),(528,_binary '\0'),(529,_binary '\0'),(530,_binary '\0'),(531,_binary '\0'),(532,_binary '\0'),(533,_binary '\0'),(534,_binary '\0'),(535,_binary '\0'),(536,_binary '\0'),(537,_binary '\0'),(538,_binary '\0'),(539,_binary '\0'),(540,_binary '\0'),(541,_binary '\0'),(542,_binary '\0'),(543,_binary '\0'),(544,_binary '\0'),(545,_binary '\0'),(546,_binary '\0'),(547,_binary '\0'),(548,_binary '\0'),(549,_binary '\0'),(550,_binary '\0'),(551,_binary ''),(552,_binary '\0'),(553,_binary '\0'),(554,_binary '\0'),(555,_binary '\0'),(556,_binary '\0'),(557,_binary '\0'),(558,_binary '\0'),(559,_binary '\0'),(560,_binary '\0'),(561,_binary ''),(562,_binary ''),(563,_binary '\0'),(564,_binary '\0'),(565,_binary '\0'),(566,_binary '\0'),(567,_binary '\0'),(568,_binary '\0'),(569,_binary '\0'),(570,_binary '\0'),(571,_binary '\0'),(572,_binary ''),(573,_binary ''),(574,_binary '\0'),(575,_binary '\0'),(576,_binary '\0'),(577,_binary '\0'),(578,_binary ''),(579,_binary '\0'),(580,_binary '\0'),(581,_binary '\0'),(582,_binary '\0'),(583,_binary '\0'),(584,_binary '\0'),(585,_binary '\0'),(586,_binary '\0'),(587,_binary '\0'),(588,_binary '\0'),(589,_binary '\0'),(590,_binary '\0'),(591,_binary '\0'),(592,_binary ''),(593,_binary '\0'),(594,_binary '\0'),(595,_binary '\0'),(596,_binary '\0'),(597,_binary '\0'),(598,_binary '\0'),(599,_binary '\0'),(600,_binary '\0'),(601,_binary '\0'),(602,_binary '\0'),(603,_binary ''),(604,_binary '\0'),(605,_binary '\0'),(606,_binary '\0'),(607,_binary '\0'),(608,_binary '\0'),(609,_binary '\0'),(610,_binary ''),(611,_binary '\0'),(612,_binary ''),(613,_binary '\0'),(614,_binary ''),(615,_binary '\0'),(616,_binary '\0'),(617,_binary '\0'),(618,_binary '\0'),(619,_binary '\0'),(620,_binary '\0'),(621,_binary ''),(622,_binary '\0'),(623,_binary '\0'),(624,_binary '\0'),(625,_binary '\0'),(626,_binary '\0'),(627,_binary '\0'),(628,_binary '\0'),(629,_binary ''),(630,_binary ''),(631,_binary '\0'),(632,_binary '\0'),(633,_binary '\0'),(634,_binary '\0'),(635,_binary '\0'),(636,_binary ''),(637,_binary '\0'),(638,_binary '\0'),(639,_binary '\0'),(640,_binary ''),(641,_binary '\0'),(642,_binary '\0'),(643,_binary ''),(644,_binary '\0'),(645,_binary '\0'),(646,_binary '\0'),(647,_binary ''),(648,_binary '\0'),(649,_binary '\0'),(650,_binary '\0'),(651,_binary '\0'),(652,_binary '\0'),(653,_binary '\0'),(654,_binary '\0'),(655,_binary '\0'),(656,_binary '\0'),(657,_binary '\0'),(658,_binary '\0'),(659,_binary '\0'),(660,_binary '\0'),(661,_binary '\0'),(662,_binary '\0'),(663,_binary '\0'),(664,_binary '\0'),(665,_binary '\0'),(666,_binary ''),(667,_binary ''),(668,_binary '\0'),(669,_binary '\0'),(670,_binary '\0'),(671,_binary '\0'),(672,_binary '\0'),(673,_binary ''),(674,_binary '\0'),(675,_binary '\0'),(676,_binary '\0'),(677,_binary ''),(678,_binary '\0'),(679,_binary '\0'),(680,_binary '\0'),(681,_binary '\0'),(682,_binary '\0'),(683,_binary '\0'),(684,_binary '\0'),(685,_binary '\0'),(686,_binary '\0'),(687,_binary '\0'),(688,_binary '\0'),(689,_binary '\0'),(690,_binary ''),(691,_binary '\0'),(692,_binary '\0'),(693,_binary '\0'),(694,_binary '\0'),(695,_binary '\0'),(696,_binary '\0'),(697,_binary '\0'),(698,_binary '\0'),(699,_binary '\0'),(700,_binary '\0'),(701,_binary '\0'),(702,_binary ''),(703,_binary '\0'),(704,_binary ''),(705,_binary '\0'),(706,_binary '\0'),(707,_binary '\0'),(708,_binary ''),(709,_binary '\0'),(710,_binary '\0'),(711,_binary ''),(712,_binary '\0'),(713,_binary ''),(714,_binary '\0'),(715,_binary '\0'),(716,_binary '\0'),(717,_binary '\0'),(718,_binary '\0'),(719,_binary ''),(720,_binary '\0'),(721,_binary '\0'),(722,_binary '\0'),(723,_binary '\0'),(724,_binary '\0'),(725,_binary '\0'),(726,_binary '\0'),(727,_binary '\0'),(728,_binary '\0'),(729,_binary '\0'),(730,_binary '\0'),(731,_binary '\0'),(732,_binary '\0'),(733,_binary '\0'),(734,_binary '\0'),(735,_binary '\0'),(736,_binary '\0'),(737,_binary '\0'),(738,_binary '\0'),(739,_binary '\0'),(740,_binary ''),(741,_binary '\0'),(742,_binary '\0'),(743,_binary ''),(744,_binary '\0'),(745,_binary ''),(746,_binary ''),(747,_binary '\0'),(748,_binary '\0'),(749,_binary '\0'),(750,_binary '\0'),(751,_binary '\0'),(752,_binary '\0'),(753,_binary '\0'),(754,_binary '\0'),(755,_binary ''),(756,_binary '\0'),(757,_binary ''),(758,_binary '\0'),(759,_binary '\0'),(760,_binary ''),(761,_binary '\0'),(762,_binary '\0'),(763,_binary ''),(764,_binary '\0'),(765,_binary '\0'),(766,_binary '\0'),(767,_binary '\0'),(768,_binary '\0'),(769,_binary ''),(770,_binary '\0'),(771,_binary '\0'),(772,_binary '\0'),(773,_binary '\0'),(774,_binary '\0'),(775,_binary '\0'),(776,_binary '\0'),(777,_binary '\0'),(778,_binary '\0'),(779,_binary '\0'),(780,_binary ''),(781,_binary '\0'),(782,_binary '\0'),(783,_binary '\0'),(784,_binary '\0'),(785,_binary '\0'),(786,_binary ''),(787,_binary ''),(788,_binary '\0'),(789,_binary '\0'),(790,_binary '\0'),(791,_binary ''),(792,_binary ''),(793,_binary ''),(794,_binary '\0'),(795,_binary '\0'),(796,_binary '\0'),(797,_binary '\0'),(798,_binary '\0'),(799,_binary '\0'),(800,_binary ''),(801,_binary ''),(802,_binary '\0'),(803,_binary '\0'),(804,_binary '\0'),(805,_binary '\0'),(806,_binary '\0'),(807,_binary '\0'),(808,_binary '\0'),(809,_binary '\0'),(810,_binary '\0'),(811,_binary ''),(812,_binary '\0'),(813,_binary '\0'),(814,_binary '\0'),(815,_binary '\0'),(816,_binary ''),(817,_binary '\0'),(818,_binary ''),(819,_binary '\0'),(820,_binary '\0'),(821,_binary '\0'),(822,_binary ''),(823,_binary '\0'),(824,_binary ''),(825,_binary '\0'),(826,_binary '\0'),(827,_binary '\0'),(828,_binary ''),(829,_binary '\0'),(830,_binary '\0'),(831,_binary '\0'),(832,_binary '\0'),(833,_binary ''),(834,_binary '\0'),(835,_binary '\0'),(836,_binary '\0'),(837,_binary '\0'),(838,_binary '\0'),(839,_binary ''),(840,_binary '\0'),(841,_binary '\0'),(842,_binary ''),(843,_binary ''),(844,_binary ''),(845,_binary '\0'),(846,_binary '\0'),(847,_binary '\0'),(848,_binary '\0'),(849,_binary ''),(850,_binary '\0'),(851,_binary '\0'),(852,_binary '\0'),(853,_binary '\0'),(854,_binary '\0'),(855,_binary '\0'),(856,_binary '\0'),(857,_binary ''),(858,_binary '\0'),(859,_binary '\0'),(860,_binary '\0'),(861,_binary '\0'),(862,_binary '\0'),(863,_binary '\0'),(864,_binary '\0'),(865,_binary ''),(866,_binary '\0'),(867,_binary '\0'),(868,_binary ''),(869,_binary '\0'),(870,_binary '\0'),(871,_binary ''),(872,_binary '\0'),(873,_binary '\0'),(874,_binary '\0'),(875,_binary '\0'),(876,_binary '\0'),(877,_binary '\0'),(878,_binary ''),(879,_binary '\0'),(880,_binary '\0'),(881,_binary '\0'),(882,_binary '\0'),(883,_binary ''),(884,_binary '\0'),(885,_binary '\0'),(886,_binary '\0'),(887,_binary ''),(888,_binary ''),(889,_binary ''),(890,_binary '\0'),(891,_binary '\0'),(892,_binary '\0'),(893,_binary '\0'),(894,_binary '\0'),(895,_binary '\0'),(896,_binary ''),(897,_binary '\0'),(898,_binary '\0'),(899,_binary '\0'),(900,_binary '\0'),(901,_binary '\0'),(902,_binary '\0'),(903,_binary '\0'),(904,_binary '\0'),(905,_binary '\0'),(906,_binary ''),(907,_binary '\0'),(908,_binary ''),(909,_binary '\0'),(910,_binary '\0'),(911,_binary ''),(912,_binary '\0'),(913,_binary '\0'),(914,_binary '\0'),(915,_binary '\0'),(916,_binary '\0'),(917,_binary ''),(918,_binary ''),(919,_binary '\0'),(920,_binary '\0'),(921,_binary '\0'),(922,_binary '\0'),(923,_binary '\0'),(924,_binary '\0'),(925,_binary '\0'),(926,_binary '\0'),(927,_binary '\0'),(928,_binary '\0'),(929,_binary '\0'),(930,_binary '\0'),(931,_binary '\0'),(932,_binary ''),(933,_binary '\0'),(934,_binary '\0'),(935,_binary '\0'),(936,_binary '\0'),(937,_binary '\0'),(938,_binary '\0'),(939,_binary '\0'),(940,_binary '\0'),(941,_binary '\0'),(942,_binary '\0'),(943,_binary ''),(944,_binary '\0'),(945,_binary '\0'),(946,_binary ''),(947,_binary '\0'),(948,_binary '\0'),(949,_binary '\0'),(950,_binary '\0'),(951,_binary ''),(952,_binary '\0'),(953,_binary '\0'),(954,_binary '\0'),(955,_binary '\0'),(956,_binary '\0'),(957,_binary '\0'),(958,_binary '\0'),(959,_binary ''),(960,_binary '\0'),(961,_binary '\0'),(962,_binary ''),(963,_binary '\0'),(964,_binary '\0'),(965,_binary ''),(966,_binary '\0'),(967,_binary '\0'),(968,_binary '\0'),(969,_binary '\0'),(970,_binary '\0'),(971,_binary '\0'),(972,_binary ''),(973,_binary '\0'),(974,_binary '\0'),(975,_binary '\0'),(976,_binary ''),(977,_binary ''),(978,_binary ''),(979,_binary '\0'),(980,_binary ''),(981,_binary '\0'),(982,_binary '\0'),(983,_binary '\0'),(984,_binary '\0'),(985,_binary '\0'),(986,_binary ''),(987,_binary '\0'),(988,_binary '\0'),(989,_binary '\0'),(990,_binary '\0'),(991,_binary '\0'),(992,_binary '\0'),(993,_binary '\0'),(994,_binary '\0'),(995,_binary '\0'),(996,_binary '\0'),(997,_binary '\0'),(998,_binary ''),(999,_binary '\0'),(1000,_binary '\0'),(1001,_binary '\0'),(1002,_binary '\0'),(1003,_binary '\0'),(1004,_binary '\0'),(1005,_binary ''),(1006,_binary '\0'),(1007,_binary '\0'),(1008,_binary '\0'),(1009,_binary '\0'),(1010,_binary '\0'),(1011,_binary '\0');
/*!40000 ALTER TABLE `transfer` ENABLE KEYS */;
UNLOCK TABLES;

--
-- Table structure for table `transfercancellationcharges`
--

DROP TABLE IF EXISTS `transfercancellationcharges`;
/*!40101 SET @saved_cs_client     = @@character_set_client */;
/*!50503 SET character_set_client = utf8mb4 */;
CREATE TABLE `transfercancellationcharges` (
  `id` int NOT NULL AUTO_INCREMENT,
  `amount` decimal(10,2) DEFAULT NULL,
  `transfercontract_id` int NOT NULL,
  `ratetype_id` int NOT NULL,
  `cancellationscheme_id` int NOT NULL,
  PRIMARY KEY (`id`),
  KEY `fk_transfercanceletioncharges_transfercontract1_idx` (`transfercontract_id`),
  KEY `fk_transfercanceletioncharges_ratetype1_idx` (`ratetype_id`),
  KEY `fk_transfercanceletioncharges_cancellationscheme1_idx` (`cancellationscheme_id`),
  CONSTRAINT `fk_transfercanceletioncharges_cancellationscheme1` FOREIGN KEY (`cancellationscheme_id`) REFERENCES `cancellationscheme` (`id`),
  CONSTRAINT `fk_transfercanceletioncharges_ratetype1` FOREIGN KEY (`ratetype_id`) REFERENCES `ratetype` (`id`),
  CONSTRAINT `fk_transfercanceletioncharges_transfercontract1` FOREIGN KEY (`transfercontract_id`) REFERENCES `transfercontract` (`id`)
) ENGINE=InnoDB AUTO_INCREMENT=2010 DEFAULT CHARSET=utf8mb3;
/*!40101 SET character_set_client = @saved_cs_client */;

--
-- Dumping data for table `transfercancellationcharges`
--

LOCK TABLES `transfercancellationcharges` WRITE;
/*!40000 ALTER TABLE `transfercancellationcharges` DISABLE KEYS */;
INSERT INTO `transfercancellationcharges` VALUES (10,655.00,511,3,3),(11,917.00,511,3,5),(12,393.00,511,3,2),(13,262.00,511,3,1),(14,100.00,512,1,5),(15,23.00,512,1,1),(16,48.00,512,1,2),(17,76.00,512,1,3),(18,557.00,513,3,3),(19,334.00,513,3,2),(20,223.00,513,3,1),(21,780.00,513,3,5),(22,20.00,514,1,1),(23,85.00,514,1,3),(24,44.00,514,1,2),(25,100.00,514,1,5),(26,261.00,515,3,1),(27,391.00,515,3,2),(28,652.00,515,3,3),(29,913.00,515,3,5),(30,83.00,516,1,3),(31,20.00,516,1,1),(32,49.00,516,1,2),(33,100.00,516,1,5),(34,83.00,517,1,3),(35,100.00,517,1,5),(36,35.00,517,1,2),(37,18.00,517,1,1),(38,19.00,518,1,1),(39,100.00,518,1,5),(40,50.00,518,1,2),(41,75.00,518,1,3),(42,16.00,519,1,1),(43,87.00,519,1,3),(44,39.00,519,1,2),(45,100.00,519,1,5),(46,83.00,520,1,3),(47,19.00,520,1,1),(48,100.00,520,1,5),(49,31.00,520,1,2),(50,397.00,521,3,3),(51,556.00,521,3,5),(52,238.00,521,3,2),(53,159.00,521,3,1),(54,49.00,522,1,2),(55,100.00,522,1,5),(56,78.00,522,1,3),(57,24.00,522,1,1),(58,17.00,523,1,1),(59,88.00,523,1,3),(60,100.00,523,1,5),(61,40.00,523,1,2),(62,76.00,524,1,3),(63,13.00,524,1,1),(64,100.00,524,1,5),(65,42.00,524,1,2),(66,12.00,525,1,1),(67,43.00,525,1,2),(68,82.00,525,1,3),(69,100.00,525,1,5),(70,139.00,526,3,1),(71,486.00,526,3,5),(72,347.00,526,3,3),(73,208.00,526,3,2),(74,312.00,527,3,2),(75,208.00,527,3,1),(76,728.00,527,3,5),(77,520.00,527,3,3),(78,163.00,528,3,2),(79,381.00,528,3,5),(80,272.00,528,3,3),(81,109.00,528,3,1),(82,133.00,529,3,1),(83,199.00,529,3,2),(84,332.00,529,3,3),(85,465.00,529,3,5),(86,565.00,530,3,3),(87,791.00,530,3,5),(88,226.00,530,3,1),(89,339.00,530,3,2),(90,83.00,531,1,3),(91,100.00,531,1,5),(92,16.00,531,1,1),(93,40.00,531,1,2),(94,44.00,532,1,2),(95,100.00,532,1,5),(96,75.00,532,1,3),(97,23.00,532,1,1),(98,435.00,533,3,2),(99,1015.00,533,3,5),(100,725.00,533,3,3),(101,290.00,533,3,1),(102,378.00,534,3,2),(103,630.00,534,3,3),(104,252.00,534,3,1),(105,882.00,534,3,5),(106,50.00,535,1,2),(107,23.00,535,1,1),(108,100.00,535,1,5),(109,89.00,535,1,3),(110,88.00,536,1,3),(111,44.00,536,1,2),(112,25.00,536,1,1),(113,100.00,536,1,5),(114,100.00,537,1,5),(115,31.00,537,1,2),(116,87.00,537,1,3),(117,17.00,537,1,1),(118,435.00,538,3,3),(119,609.00,538,3,5),(120,174.00,538,3,1),(121,261.00,538,3,2),(122,85.00,539,1,3),(123,10.00,539,1,1),(124,30.00,539,1,2),(125,100.00,539,1,5),(126,18.00,540,1,1),(127,47.00,540,1,2),(128,100.00,540,1,5),(129,78.00,540,1,3),(130,190.00,541,3,1),(131,285.00,541,3,2),(132,475.00,541,3,3),(133,665.00,541,3,5),(134,22.00,542,1,1),(135,43.00,542,1,2),(136,89.00,542,1,3),(137,100.00,542,1,5),(138,274.00,543,3,1),(139,685.00,543,3,3),(140,959.00,543,3,5),(141,411.00,543,3,2),(142,100.00,544,1,5),(143,23.00,544,1,1),(144,44.00,544,1,2),(145,88.00,544,1,3),(146,87.00,545,1,3),(147,16.00,545,1,1),(148,40.00,545,1,2),(149,100.00,545,1,5),(150,24.00,546,1,1),(151,40.00,546,1,2),(152,100.00,546,1,5),(153,77.00,546,1,3),(154,81.00,547,1,3),(155,100.00,547,1,5),(156,46.00,547,1,2),(157,18.00,547,1,1),(158,100.00,548,1,5),(159,16.00,548,1,1),(160,30.00,548,1,2),(161,75.00,548,1,3),(162,183.00,549,3,1),(163,457.00,549,3,3),(164,640.00,549,3,5),(165,274.00,549,3,2),(166,577.00,550,3,3),(167,231.00,550,3,1),(168,808.00,550,3,5),(169,346.00,550,3,2),(170,14.00,551,1,1),(171,100.00,551,1,5),(172,86.00,551,1,3),(173,48.00,551,1,2),(174,81.00,552,1,3),(175,100.00,552,1,5),(176,11.00,552,1,1),(177,35.00,552,1,2),(178,410.00,553,3,3),(179,164.00,553,3,1),(180,574.00,553,3,5),(181,246.00,553,3,2),(182,399.00,554,3,5),(183,114.00,554,3,1),(184,171.00,554,3,2),(185,285.00,554,3,3),(186,38.00,555,1,2),(187,100.00,555,1,5),(188,22.00,555,1,1),(189,78.00,555,1,3),(190,16.00,556,1,1),(191,47.00,556,1,2),(192,100.00,556,1,5),(193,90.00,556,1,3),(194,100.00,557,1,5),(195,83.00,557,1,3),(196,13.00,557,1,1),(197,44.00,557,1,2),(198,310.00,558,3,3),(199,124.00,558,3,1),(200,186.00,558,3,2),(201,434.00,558,3,5),(202,86.00,559,1,3),(203,100.00,559,1,5),(204,35.00,559,1,2),(205,23.00,559,1,1),(206,518.00,560,3,5),(207,222.00,560,3,2),(208,370.00,560,3,3),(209,148.00,560,3,1),(210,233.00,561,3,1),(211,815.00,561,3,5),(212,349.00,561,3,2),(213,582.00,561,3,3),(214,450.00,562,3,2),(215,1050.00,562,3,5),(216,300.00,562,3,1),(217,750.00,562,3,3),(218,100.00,563,1,5),(219,44.00,563,1,2),(220,19.00,563,1,1),(221,80.00,563,1,3),(222,228.00,564,3,1),(223,342.00,564,3,2),(224,798.00,564,3,5),(225,570.00,564,3,3),(226,100.00,565,1,5),(227,20.00,565,1,1),(228,77.00,565,1,3),(229,49.00,565,1,2),(230,174.00,566,3,1),(231,609.00,566,3,5),(232,261.00,566,3,2),(233,435.00,566,3,3),(234,100.00,567,1,5),(235,22.00,567,1,1),(236,35.00,567,1,2),(237,80.00,567,1,3),(238,174.00,568,3,1),(239,261.00,568,3,2),(240,609.00,568,3,5),(241,435.00,568,3,3),(242,100.00,569,1,5),(243,44.00,569,1,2),(244,87.00,569,1,3),(245,17.00,569,1,1),(246,22.00,570,1,1),(247,40.00,570,1,2),(248,90.00,570,1,3),(249,100.00,570,1,5),(250,184.00,571,3,1),(251,276.00,571,3,2),(252,644.00,571,3,5),(253,460.00,571,3,3),(254,24.00,572,1,1),(255,87.00,572,1,3),(256,100.00,572,1,5),(257,31.00,572,1,2),(258,25.00,573,1,1),(259,87.00,573,1,3),(260,48.00,573,1,2),(261,100.00,573,1,5),(262,100.00,574,1,5),(263,25.00,574,1,1),(264,86.00,574,1,3),(265,39.00,574,1,2),(266,23.00,575,1,1),(267,44.00,575,1,2),(268,100.00,575,1,5),(269,83.00,575,1,3),(270,18.00,576,1,1),(271,39.00,576,1,2),(272,100.00,576,1,5),(273,81.00,576,1,3),(274,47.00,577,1,2),(275,83.00,577,1,3),(276,100.00,577,1,5),(277,20.00,577,1,1),(278,20.00,578,1,1),(279,44.00,578,1,2),(280,81.00,578,1,3),(281,100.00,578,1,5),(282,190.00,579,3,2),(283,317.00,579,3,3),(284,444.00,579,3,5),(285,127.00,579,3,1),(286,100.00,580,1,5),(287,17.00,580,1,1),(288,44.00,580,1,2),(289,85.00,580,1,3),(290,345.00,581,3,3),(291,207.00,581,3,2),(292,138.00,581,3,1),(293,483.00,581,3,5),(294,658.00,582,3,5),(295,470.00,582,3,3),(296,188.00,582,3,1),(297,282.00,582,3,2),(298,465.00,583,3,3),(299,279.00,583,3,2),(300,186.00,583,3,1),(301,651.00,583,3,5),(302,14.00,584,1,1),(303,83.00,584,1,3),(304,38.00,584,1,2),(305,100.00,584,1,5),(306,647.00,585,3,3),(307,906.00,585,3,5),(308,259.00,585,3,1),(309,388.00,585,3,2),(310,427.00,586,3,5),(311,122.00,586,3,1),(312,183.00,586,3,2),(313,305.00,586,3,3),(314,325.00,587,3,2),(315,542.00,587,3,3),(316,759.00,587,3,5),(317,217.00,587,3,1),(318,156.00,588,3,1),(319,390.00,588,3,3),(320,234.00,588,3,2),(321,546.00,588,3,5),(322,249.00,589,3,1),(323,373.00,589,3,2),(324,871.00,589,3,5),(325,622.00,589,3,3),(326,261.00,590,3,1),(327,652.00,590,3,3),(328,913.00,590,3,5),(329,391.00,590,3,2),(330,286.00,591,3,2),(331,668.00,591,3,5),(332,191.00,591,3,1),(333,477.00,591,3,3),(334,15.00,592,1,1),(335,46.00,592,1,2),(336,100.00,592,1,5),(337,87.00,592,1,3),(338,100.00,593,1,5),(339,20.00,593,1,1),(340,80.00,593,1,3),(341,36.00,593,1,2),(342,49.00,594,1,2),(343,10.00,594,1,1),(344,76.00,594,1,3),(345,100.00,594,1,5),(346,76.00,595,1,3),(347,21.00,595,1,1),(348,31.00,595,1,2),(349,100.00,595,1,5),(350,647.00,596,3,5),(351,277.00,596,3,2),(352,462.00,596,3,3),(353,185.00,596,3,1),(354,77.00,597,1,3),(355,32.00,597,1,2),(356,19.00,597,1,1),(357,100.00,597,1,5),(358,1036.00,598,3,5),(359,296.00,598,3,1),(360,740.00,598,3,3),(361,444.00,598,3,2),(362,155.00,599,3,1),(363,542.00,599,3,5),(364,387.00,599,3,3),(365,232.00,599,3,2),(366,462.00,600,3,5),(367,198.00,600,3,2),(368,132.00,600,3,1),(369,330.00,600,3,3),(370,171.00,601,3,1),(371,256.00,601,3,2),(372,427.00,601,3,3),(373,598.00,601,3,5),(374,262.00,602,3,2),(375,612.00,602,3,5),(376,175.00,602,3,1),(377,437.00,602,3,3),(378,25.00,603,1,1),(379,40.00,603,1,2),(380,89.00,603,1,3),(381,100.00,603,1,5),(382,791.00,604,3,5),(383,339.00,604,3,2),(384,226.00,604,3,1),(385,565.00,604,3,3),(386,1043.00,605,3,5),(387,447.00,605,3,2),(388,745.00,605,3,3),(389,298.00,605,3,1),(390,84.00,606,1,3),(391,100.00,606,1,5),(392,13.00,606,1,1),(393,49.00,606,1,2),(394,100.00,607,1,5),(395,78.00,607,1,3),(396,13.00,607,1,1),(397,46.00,607,1,2),(398,198.00,608,3,2),(399,132.00,608,3,1),(400,330.00,608,3,3),(401,462.00,608,3,5),(402,100.00,609,1,5),(403,47.00,609,1,2),(404,21.00,609,1,1),(405,84.00,609,1,3),(406,22.00,610,1,1),(407,100.00,610,1,5),(408,87.00,610,1,3),(409,39.00,610,1,2),(410,50.00,611,1,2),(411,100.00,611,1,5),(412,90.00,611,1,3),(413,11.00,611,1,1),(414,88.00,612,1,3),(415,38.00,612,1,2),(416,100.00,612,1,5),(417,19.00,612,1,1),(418,195.00,613,3,1),(419,682.00,613,3,5),(420,487.00,613,3,3),(421,292.00,613,3,2),(422,20.00,614,1,1),(423,87.00,614,1,3),(424,32.00,614,1,2),(425,100.00,614,1,5),(426,605.00,615,3,3),(427,242.00,615,3,1),(428,363.00,615,3,2),(429,847.00,615,3,5),(430,248.00,616,3,1),(431,372.00,616,3,2),(432,868.00,616,3,5),(433,620.00,616,3,3),(434,331.00,617,3,2),(435,221.00,617,3,1),(436,552.00,617,3,3),(437,773.00,617,3,5),(438,306.00,618,3,2),(439,714.00,618,3,5),(440,204.00,618,3,1),(441,510.00,618,3,3),(442,289.00,619,3,1),(443,1011.00,619,3,5),(444,433.00,619,3,2),(445,722.00,619,3,3),(446,84.00,620,1,3),(447,43.00,620,1,2),(448,100.00,620,1,5),(449,17.00,620,1,1),(450,22.00,621,1,1),(451,32.00,621,1,2),(452,90.00,621,1,3),(453,100.00,621,1,5),(454,196.00,622,3,2),(455,327.00,622,3,3),(456,458.00,622,3,5),(457,131.00,622,3,1),(458,255.00,623,3,1),(459,892.00,623,3,5),(460,637.00,623,3,3),(461,382.00,623,3,2),(462,82.00,624,1,3),(463,100.00,624,1,5),(464,47.00,624,1,2),(465,10.00,624,1,1),(466,512.00,625,3,3),(467,205.00,625,3,1),(468,307.00,625,3,2),(469,717.00,625,3,5),(470,77.00,626,1,3),(471,16.00,626,1,1),(472,35.00,626,1,2),(473,100.00,626,1,5),(474,345.00,627,3,2),(475,230.00,627,3,1),(476,575.00,627,3,3),(477,805.00,627,3,5),(478,850.00,628,3,5),(479,243.00,628,3,1),(480,364.00,628,3,2),(481,607.00,628,3,3),(482,990.00,629,3,5),(483,283.00,629,3,1),(484,424.00,629,3,2),(485,707.00,629,3,3),(486,43.00,630,1,2),(487,85.00,630,1,3),(488,100.00,630,1,5),(489,13.00,630,1,1),(490,417.00,631,3,2),(491,973.00,631,3,5),(492,278.00,631,3,1),(493,695.00,631,3,3),(494,495.00,632,3,3),(495,693.00,632,3,5),(496,198.00,632,3,1),(497,297.00,632,3,2),(498,120.00,633,3,1),(499,420.00,633,3,5),(500,180.00,633,3,2),(501,300.00,633,3,3),(502,40.00,634,1,2),(503,20.00,634,1,1),(504,88.00,634,1,3),(505,100.00,634,1,5),(506,728.00,635,3,5),(507,208.00,635,3,1),(508,520.00,635,3,3),(509,312.00,635,3,2),(510,181.00,636,3,2),(511,302.00,636,3,3),(512,423.00,636,3,5),(513,121.00,636,3,1),(514,291.00,637,3,2),(515,194.00,637,3,1),(516,679.00,637,3,5),(517,485.00,637,3,3),(518,248.00,638,3,1),(519,868.00,638,3,5),(520,372.00,638,3,2),(521,620.00,638,3,3),(522,213.00,639,3,2),(523,142.00,639,3,1),(524,355.00,639,3,3),(525,497.00,639,3,5),(526,23.00,640,1,1),(527,100.00,640,1,5),(528,89.00,640,1,3),(529,49.00,640,1,2),(530,174.00,641,3,1),(531,609.00,641,3,5),(532,435.00,641,3,3),(533,261.00,641,3,2),(534,630.00,642,3,3),(535,252.00,642,3,1),(536,882.00,642,3,5),(537,378.00,642,3,2),(538,390.00,643,3,3),(539,156.00,643,3,1),(540,234.00,643,3,2),(541,546.00,643,3,5),(542,437.00,644,3,3),(543,612.00,644,3,5),(544,175.00,644,3,1),(545,262.00,644,3,2),(546,100.00,645,1,5),(547,75.00,645,1,3),(548,14.00,645,1,1),(549,45.00,645,1,2),(550,100.00,646,1,5),(551,83.00,646,1,3),(552,47.00,646,1,2),(553,22.00,646,1,1),(554,285.00,647,3,1),(555,997.00,647,3,5),(556,712.00,647,3,3),(557,427.00,647,3,2),(558,500.00,648,3,3),(559,200.00,648,3,1),(560,700.00,648,3,5),(561,300.00,648,3,2),(562,100.00,649,1,5),(563,89.00,649,1,3),(564,50.00,649,1,2),(565,25.00,649,1,1),(566,19.00,650,1,1),(567,100.00,650,1,5),(568,50.00,650,1,2),(569,86.00,650,1,3),(570,21.00,651,1,1),(571,84.00,651,1,3),(572,35.00,651,1,2),(573,100.00,651,1,5),(574,274.00,652,3,1),(575,959.00,652,3,5),(576,685.00,652,3,3),(577,411.00,652,3,2),(578,285.00,653,3,3),(579,171.00,653,3,2),(580,114.00,653,3,1),(581,399.00,653,3,5),(582,85.00,654,1,3),(583,17.00,654,1,1),(584,43.00,654,1,2),(585,100.00,654,1,5),(586,22.00,655,1,1),(587,100.00,655,1,5),(588,50.00,655,1,2),(589,85.00,655,1,3),(590,17.00,656,1,1),(591,82.00,656,1,3),(592,100.00,656,1,5),(593,30.00,656,1,2),(594,252.00,657,3,1),(595,882.00,657,3,5),(596,630.00,657,3,3),(597,378.00,657,3,2),(598,702.00,658,3,3),(599,983.00,658,3,5),(600,281.00,658,3,1),(601,421.00,658,3,2),(602,36.00,659,1,2),(603,90.00,659,1,3),(604,24.00,659,1,1),(605,100.00,659,1,5),(606,82.00,660,1,3),(607,20.00,660,1,1),(608,40.00,660,1,2),(609,100.00,660,1,5),(610,38.00,661,1,2),(611,89.00,661,1,3),(612,100.00,661,1,5),(613,16.00,661,1,1),(614,432.00,662,3,2),(615,1008.00,662,3,5),(616,720.00,662,3,3),(617,288.00,662,3,1),(618,421.00,663,3,2),(619,702.00,663,3,3),(620,983.00,663,3,5),(621,281.00,663,3,1),(622,35.00,664,1,2),(623,12.00,664,1,1),(624,85.00,664,1,3),(625,100.00,664,1,5),(626,100.00,665,1,5),(627,35.00,665,1,2),(628,13.00,665,1,1),(629,80.00,665,1,3),(630,14.00,666,1,1),(631,100.00,666,1,5),(632,37.00,666,1,2),(633,81.00,666,1,3),(634,24.00,667,1,1),(635,48.00,667,1,2),(636,76.00,667,1,3),(637,100.00,667,1,5),(638,16.00,668,1,1),(639,89.00,668,1,3),(640,36.00,668,1,2),(641,100.00,668,1,5),(642,334.00,669,3,2),(643,557.00,669,3,3),(644,223.00,669,3,1),(645,780.00,669,3,5),(646,707.00,670,3,3),(647,283.00,670,3,1),(648,424.00,670,3,2),(649,990.00,670,3,5),(650,175.00,671,3,2),(651,409.00,671,3,5),(652,117.00,671,3,1),(653,292.00,671,3,3),(654,665.00,672,3,5),(655,190.00,672,3,1),(656,285.00,672,3,2),(657,475.00,672,3,3),(658,12.00,673,1,1),(659,40.00,673,1,2),(660,100.00,673,1,5),(661,77.00,673,1,3),(662,15.00,674,1,1),(663,76.00,674,1,3),(664,100.00,674,1,5),(665,33.00,674,1,2),(666,22.00,675,1,1),(667,34.00,675,1,2),(668,89.00,675,1,3),(669,100.00,675,1,5),(670,262.00,676,3,3),(671,157.00,676,3,2),(672,367.00,676,3,5),(673,105.00,676,3,1),(674,159.00,677,3,2),(675,265.00,677,3,3),(676,371.00,677,3,5),(677,106.00,677,3,1),(678,160.00,678,3,1),(679,240.00,678,3,2),(680,400.00,678,3,3),(681,560.00,678,3,5),(682,486.00,679,3,5),(683,208.00,679,3,2),(684,347.00,679,3,3),(685,139.00,679,3,1),(686,42.00,680,1,2),(687,100.00,680,1,5),(688,25.00,680,1,1),(689,85.00,680,1,3),(690,695.00,681,3,3),(691,973.00,681,3,5),(692,417.00,681,3,2),(693,278.00,681,3,1),(694,406.00,682,3,5),(695,116.00,682,3,1),(696,174.00,682,3,2),(697,290.00,682,3,3),(698,13.00,683,1,1),(699,36.00,683,1,2),(700,100.00,683,1,5),(701,77.00,683,1,3),(702,100.00,684,1,5),(703,32.00,684,1,2),(704,15.00,684,1,1),(705,86.00,684,1,3),(706,100.00,685,1,5),(707,38.00,685,1,2),(708,21.00,685,1,1),(709,76.00,685,1,3),(710,24.00,686,1,1),(711,100.00,686,1,5),(712,32.00,686,1,2),(713,79.00,686,1,3),(714,19.00,687,1,1),(715,30.00,687,1,2),(716,100.00,687,1,5),(717,82.00,687,1,3),(718,18.00,688,1,1),(719,42.00,688,1,2),(720,86.00,688,1,3),(721,100.00,688,1,5),(722,14.00,689,1,1),(723,38.00,689,1,2),(724,100.00,689,1,5),(725,75.00,689,1,3),(726,291.00,690,3,2),(727,485.00,690,3,3),(728,679.00,690,3,5),(729,194.00,690,3,1),(730,445.00,691,3,2),(731,297.00,691,3,1),(732,1039.00,691,3,5),(733,742.00,691,3,3),(734,384.00,692,3,2),(735,256.00,692,3,1),(736,640.00,692,3,3),(737,896.00,692,3,5),(738,20.00,693,1,1),(739,90.00,693,1,3),(740,100.00,693,1,5),(741,44.00,693,1,2),(742,340.00,694,3,3),(743,476.00,694,3,5),(744,136.00,694,3,1),(745,204.00,694,3,2),(746,532.00,695,3,3),(747,213.00,695,3,1),(748,319.00,695,3,2),(749,745.00,695,3,5),(750,103.00,696,3,1),(751,360.00,696,3,5),(752,154.00,696,3,2),(753,257.00,696,3,3),(754,80.00,697,1,3),(755,18.00,697,1,1),(756,100.00,697,1,5),(757,33.00,697,1,2),(758,189.00,698,3,2),(759,315.00,698,3,3),(760,126.00,698,3,1),(761,441.00,698,3,5),(762,150.00,699,3,1),(763,225.00,699,3,2),(764,375.00,699,3,3),(765,525.00,699,3,5),(766,239.00,700,3,1),(767,836.00,700,3,5),(768,358.00,700,3,2),(769,597.00,700,3,3),(770,11.00,701,1,1),(771,38.00,701,1,2),(772,82.00,701,1,3),(773,100.00,701,1,5),(774,367.00,702,3,5),(775,262.00,702,3,3),(776,105.00,702,3,1),(777,157.00,702,3,2),(778,290.00,703,3,1),(779,1015.00,703,3,5),(780,435.00,703,3,2),(781,725.00,703,3,3),(782,100.00,704,1,5),(783,87.00,704,1,3),(784,17.00,704,1,1),(785,34.00,704,1,2),(786,100.00,705,1,5),(787,81.00,705,1,3),(788,40.00,705,1,2),(789,15.00,705,1,1),(790,948.00,706,3,5),(791,677.00,706,3,3),(792,406.00,706,3,2),(793,271.00,706,3,1),(794,340.00,707,3,3),(795,136.00,707,3,1),(796,204.00,707,3,2),(797,476.00,707,3,5),(798,41.00,708,1,2),(799,88.00,708,1,3),(800,21.00,708,1,1),(801,100.00,708,1,5),(802,159.00,709,3,2),(803,265.00,709,3,3),(804,106.00,709,3,1),(805,371.00,709,3,5),(806,40.00,710,1,2),(807,82.00,710,1,3),(808,19.00,710,1,1),(809,100.00,710,1,5),(810,255.00,711,3,1),(811,637.00,711,3,3),(812,892.00,711,3,5),(813,382.00,711,3,2),(814,301.00,712,3,2),(815,201.00,712,3,1),(816,703.00,712,3,5),(817,502.00,712,3,3),(818,267.00,713,3,2),(819,445.00,713,3,3),(820,178.00,713,3,1),(821,623.00,713,3,5),(822,620.00,714,3,3),(823,248.00,714,3,1),(824,372.00,714,3,2),(825,868.00,714,3,5),(826,100.00,715,1,5),(827,34.00,715,1,2),(828,85.00,715,1,3),(829,19.00,715,1,1),(830,75.00,716,1,3),(831,100.00,716,1,5),(832,21.00,716,1,1),(833,34.00,716,1,2),(834,76.00,717,1,3),(835,12.00,717,1,1),(836,43.00,717,1,2),(837,100.00,717,1,5),(838,20.00,718,1,1),(839,75.00,718,1,3),(840,39.00,718,1,2),(841,100.00,718,1,5),(842,700.00,719,3,5),(843,200.00,719,3,1),(844,300.00,719,3,2),(845,500.00,719,3,3),(846,187.00,720,3,1),(847,654.00,720,3,5),(848,467.00,720,3,3),(849,280.00,720,3,2),(850,605.00,721,3,3),(851,363.00,721,3,2),(852,242.00,721,3,1),(853,847.00,721,3,5),(854,836.00,722,3,5),(855,239.00,722,3,1),(856,358.00,722,3,2),(857,597.00,722,3,3),(858,25.00,723,1,1),(859,100.00,723,1,5),(860,90.00,723,1,3),(861,49.00,723,1,2),(862,77.00,724,1,3),(863,12.00,724,1,1),(864,100.00,724,1,5),(865,48.00,724,1,2),(866,22.00,725,1,1),(867,46.00,725,1,2),(868,100.00,725,1,5),(869,80.00,725,1,3),(870,45.00,726,1,2),(871,15.00,726,1,1),(872,75.00,726,1,3),(873,100.00,726,1,5),(874,40.00,727,1,2),(875,23.00,727,1,1),(876,82.00,727,1,3),(877,100.00,727,1,5),(878,570.00,728,3,3),(879,228.00,728,3,1),(880,798.00,728,3,5),(881,342.00,728,3,2),(882,22.00,729,1,1),(883,79.00,729,1,3),(884,100.00,729,1,5),(885,34.00,729,1,2),(886,30.00,730,1,2),(887,84.00,730,1,3),(888,100.00,730,1,5),(889,24.00,730,1,1),(890,271.00,731,3,2),(891,452.00,731,3,3),(892,181.00,731,3,1),(893,633.00,731,3,5),(894,315.00,732,3,2),(895,735.00,732,3,5),(896,210.00,732,3,1),(897,525.00,732,3,3),(898,260.00,733,3,1),(899,390.00,733,3,2),(900,650.00,733,3,3),(901,910.00,733,3,5),(902,90.00,734,1,3),(903,36.00,734,1,2),(904,100.00,734,1,5),(905,15.00,734,1,1),(906,18.00,735,1,1),(907,30.00,735,1,2),(908,79.00,735,1,3),(909,100.00,735,1,5),(910,1018.00,736,3,5),(911,436.00,736,3,2),(912,291.00,736,3,1),(913,727.00,736,3,3),(914,249.00,737,3,1),(915,622.00,737,3,3),(916,871.00,737,3,5),(917,373.00,737,3,2),(918,707.00,738,3,3),(919,283.00,738,3,1),(920,424.00,738,3,2),(921,990.00,738,3,5),(922,81.00,739,1,3),(923,16.00,739,1,1),(924,42.00,739,1,2),(925,100.00,739,1,5),(926,100.00,740,1,5),(927,75.00,740,1,3),(928,10.00,740,1,1),(929,49.00,740,1,2),(930,854.00,741,3,5),(931,244.00,741,3,1),(932,366.00,741,3,2),(933,610.00,741,3,3),(934,352.00,742,3,2),(935,587.00,742,3,3),(936,235.00,742,3,1),(937,822.00,742,3,5),(938,1001.00,743,3,5),(939,286.00,743,3,1),(940,715.00,743,3,3),(941,429.00,743,3,2),(942,309.00,744,3,2),(943,721.00,744,3,5),(944,515.00,744,3,3),(945,206.00,744,3,1),(946,367.00,745,3,5),(947,157.00,745,3,2),(948,105.00,745,3,1),(949,262.00,745,3,3),(950,85.00,746,1,3),(951,13.00,746,1,1),(952,100.00,746,1,5),(953,46.00,746,1,2),(954,19.00,747,1,1),(955,82.00,747,1,3),(956,100.00,747,1,5),(957,30.00,747,1,2),(958,325.00,748,3,2),(959,542.00,748,3,3),(960,217.00,748,3,1),(961,759.00,748,3,5),(962,812.00,749,3,5),(963,232.00,749,3,1),(964,580.00,749,3,3),(965,348.00,749,3,2),(966,100.00,750,1,5),(967,25.00,750,1,1),(968,89.00,750,1,3),(969,34.00,750,1,2),(970,233.00,751,3,1),(971,582.00,751,3,3),(972,349.00,751,3,2),(973,815.00,751,3,5),(974,11.00,752,1,1),(975,41.00,752,1,2),(976,79.00,752,1,3),(977,100.00,752,1,5),(978,355.00,753,3,3),(979,213.00,753,3,2),(980,497.00,753,3,5),(981,142.00,753,3,1),(982,100.00,754,1,5),(983,21.00,754,1,1),(984,49.00,754,1,2),(985,75.00,754,1,3),(986,21.00,755,1,1),(987,41.00,755,1,2),(988,100.00,755,1,5),(989,86.00,755,1,3),(990,412.00,756,3,3),(991,247.00,756,3,2),(992,165.00,756,3,1),(993,577.00,756,3,5),(994,752.00,757,3,5),(995,215.00,757,3,1),(996,537.00,757,3,3),(997,322.00,757,3,2),(998,532.00,758,3,3),(999,319.00,758,3,2),(1000,745.00,758,3,5),(1001,213.00,758,3,1),(1002,16.00,759,1,1),(1003,87.00,759,1,3),(1004,50.00,759,1,2),(1005,100.00,759,1,5),(1006,969.00,760,3,5),(1007,415.00,760,3,2),(1008,277.00,760,3,1),(1009,692.00,760,3,3),(1010,16.00,761,1,1),(1011,100.00,761,1,5),(1012,46.00,761,1,2),(1013,77.00,761,1,3),(1014,517.00,762,3,3),(1015,207.00,762,3,1),(1016,724.00,762,3,5),(1017,310.00,762,3,2),(1018,40.00,763,1,2),(1019,100.00,763,1,5),(1020,16.00,763,1,1),(1021,89.00,763,1,3),(1022,45.00,764,1,2),(1023,17.00,764,1,1),(1024,85.00,764,1,3),(1025,100.00,764,1,5),(1026,220.00,765,3,2),(1027,367.00,765,3,3),(1028,514.00,765,3,5),(1029,147.00,765,3,1),(1030,100.00,766,1,5),(1031,44.00,766,1,2),(1032,25.00,766,1,1),(1033,89.00,766,1,3),(1034,727.00,767,3,3),(1035,291.00,767,3,1),(1036,1018.00,767,3,5),(1037,436.00,767,3,2),(1038,41.00,768,1,2),(1039,15.00,768,1,1),(1040,86.00,768,1,3),(1041,100.00,768,1,5),(1042,966.00,769,3,5),(1043,690.00,769,3,3),(1044,276.00,769,3,1),(1045,414.00,769,3,2),(1046,705.00,770,3,3),(1047,423.00,770,3,2),(1048,282.00,770,3,1),(1049,987.00,770,3,5),(1050,292.00,771,3,2),(1051,682.00,771,3,5),(1052,195.00,771,3,1),(1053,487.00,771,3,3),(1054,100.00,772,1,5),(1055,48.00,772,1,2),(1056,19.00,772,1,1),(1057,83.00,772,1,3),(1058,41.00,773,1,2),(1059,82.00,773,1,3),(1060,16.00,773,1,1),(1061,100.00,773,1,5),(1062,969.00,774,3,5),(1063,692.00,774,3,3),(1064,415.00,774,3,2),(1065,277.00,774,3,1),(1066,45.00,775,1,2),(1067,100.00,775,1,5),(1068,79.00,775,1,3),(1069,20.00,775,1,1),(1070,777.00,776,3,5),(1071,222.00,776,3,1),(1072,333.00,776,3,2),(1073,555.00,776,3,3),(1074,30.00,777,1,2),(1075,82.00,777,1,3),(1076,100.00,777,1,5),(1077,11.00,777,1,1),(1078,79.00,778,1,3),(1079,11.00,778,1,1),(1080,50.00,778,1,2),(1081,100.00,778,1,5),(1082,100.00,779,1,5),(1083,79.00,779,1,3),(1084,16.00,779,1,1),(1085,48.00,779,1,2),(1086,381.00,780,3,5),(1087,163.00,780,3,2),(1088,109.00,780,3,1),(1089,272.00,780,3,3),(1090,100.00,781,1,5),(1091,11.00,781,1,1),(1092,34.00,781,1,2),(1093,85.00,781,1,3),(1094,100.00,782,1,5),(1095,23.00,782,1,1),(1096,76.00,782,1,3),(1097,33.00,782,1,2),(1098,602.00,783,3,5),(1099,430.00,783,3,3),(1100,172.00,783,3,1),(1101,258.00,783,3,2),(1102,273.00,784,3,1),(1103,682.00,784,3,3),(1104,955.00,784,3,5),(1105,409.00,784,3,2),(1106,12.00,785,1,1),(1107,78.00,785,1,3),(1108,100.00,785,1,5),(1109,40.00,785,1,2),(1110,260.00,786,3,1),(1111,910.00,786,3,5),(1112,650.00,786,3,3),(1113,390.00,786,3,2),(1114,275.00,787,3,1),(1115,687.00,787,3,3),(1116,962.00,787,3,5),(1117,412.00,787,3,2),(1118,258.00,788,3,2),(1119,602.00,788,3,5),(1120,172.00,788,3,1),(1121,430.00,788,3,3),(1122,15.00,789,1,1),(1123,100.00,789,1,5),(1124,45.00,789,1,2),(1125,79.00,789,1,3),(1126,76.00,790,1,3),(1127,22.00,790,1,1),(1128,100.00,790,1,5),(1129,30.00,790,1,2),(1130,86.00,791,1,3),(1131,100.00,791,1,5),(1132,25.00,791,1,1),(1133,49.00,791,1,2),(1134,193.00,792,3,1),(1135,482.00,792,3,3),(1136,675.00,792,3,5),(1137,289.00,792,3,2),(1138,231.00,793,3,1),(1139,346.00,793,3,2),(1140,577.00,793,3,3),(1141,808.00,793,3,5),(1142,724.00,794,3,5),(1143,517.00,794,3,3),(1144,310.00,794,3,2),(1145,207.00,794,3,1),(1146,798.00,795,3,5),(1147,228.00,795,3,1),(1148,570.00,795,3,3),(1149,342.00,795,3,2),(1150,43.00,796,1,2),(1151,100.00,796,1,5),(1152,13.00,796,1,1),(1153,83.00,796,1,3),(1154,42.00,797,1,2),(1155,13.00,797,1,1),(1156,81.00,797,1,3),(1157,100.00,797,1,5),(1158,50.00,798,1,2),(1159,86.00,798,1,3),(1160,13.00,798,1,1),(1161,100.00,798,1,5),(1162,195.00,799,3,2),(1163,325.00,799,3,3),(1164,130.00,799,3,1),(1165,455.00,799,3,5),(1166,983.00,800,3,5),(1167,281.00,800,3,1),(1168,421.00,800,3,2),(1169,702.00,800,3,3),(1170,86.00,801,1,3),(1171,15.00,801,1,1),(1172,100.00,801,1,5),(1173,37.00,801,1,2),(1174,13.00,802,1,1),(1175,100.00,802,1,5),(1176,80.00,802,1,3),(1177,44.00,802,1,2),(1178,16.00,803,1,1),(1179,78.00,803,1,3),(1180,100.00,803,1,5),(1181,40.00,803,1,2),(1182,33.00,804,1,2),(1183,90.00,804,1,3),(1184,100.00,804,1,5),(1185,21.00,804,1,1),(1186,36.00,805,1,2),(1187,100.00,805,1,5),(1188,83.00,805,1,3),(1189,18.00,805,1,1),(1190,39.00,806,1,2),(1191,100.00,806,1,5),(1192,89.00,806,1,3),(1193,12.00,806,1,1),(1194,16.00,807,1,1),(1195,100.00,807,1,5),(1196,35.00,807,1,2),(1197,75.00,807,1,3),(1198,270.00,808,3,1),(1199,675.00,808,3,3),(1200,945.00,808,3,5),(1201,405.00,808,3,2),(1202,100.00,809,1,5),(1203,84.00,809,1,3),(1204,38.00,809,1,2),(1205,11.00,809,1,1),(1206,396.00,810,3,2),(1207,924.00,810,3,5),(1208,660.00,810,3,3),(1209,264.00,810,3,1),(1210,298.00,811,3,2),(1211,696.00,811,3,5),(1212,199.00,811,3,1),(1213,497.00,811,3,3),(1214,367.00,812,3,2),(1215,612.00,812,3,3),(1216,245.00,812,3,1),(1217,857.00,812,3,5),(1218,192.00,813,3,1),(1219,480.00,813,3,3),(1220,672.00,813,3,5),(1221,288.00,813,3,2),(1222,112.00,814,3,1),(1223,392.00,814,3,5),(1224,168.00,814,3,2),(1225,280.00,814,3,3),(1226,100.00,815,1,5),(1227,90.00,815,1,3),(1228,32.00,815,1,2),(1229,10.00,815,1,1),(1230,87.00,816,1,3),(1231,37.00,816,1,2),(1232,17.00,816,1,1),(1233,100.00,816,1,5),(1234,124.00,817,3,1),(1235,186.00,817,3,2),(1236,310.00,817,3,3),(1237,434.00,817,3,5),(1238,86.00,818,1,3),(1239,22.00,818,1,1),(1240,100.00,818,1,5),(1241,44.00,818,1,2),(1242,25.00,819,1,1),(1243,100.00,819,1,5),(1244,84.00,819,1,3),(1245,37.00,819,1,2),(1246,303.00,820,3,2),(1247,707.00,820,3,5),(1248,202.00,820,3,1),(1249,505.00,820,3,3),(1250,47.00,821,1,2),(1251,75.00,821,1,3),(1252,16.00,821,1,1),(1253,100.00,821,1,5),(1254,183.00,822,3,1),(1255,274.00,822,3,2),(1256,457.00,822,3,3),(1257,640.00,822,3,5),(1258,24.00,823,1,1),(1259,100.00,823,1,5),(1260,32.00,823,1,2),(1261,82.00,823,1,3),(1262,10.00,824,1,1),(1263,100.00,824,1,5),(1264,82.00,824,1,3),(1265,40.00,824,1,2),(1266,25.00,825,1,1),(1267,32.00,825,1,2),(1268,82.00,825,1,3),(1269,100.00,825,1,5),(1270,252.00,826,3,2),(1271,420.00,826,3,3),(1272,168.00,826,3,1),(1273,588.00,826,3,5),(1274,260.00,827,3,3),(1275,156.00,827,3,2),(1276,104.00,827,3,1),(1277,364.00,827,3,5),(1278,25.00,828,1,1),(1279,35.00,828,1,2),(1280,75.00,828,1,3),(1281,100.00,828,1,5),(1282,16.00,829,1,1),(1283,100.00,829,1,5),(1284,41.00,829,1,2),(1285,84.00,829,1,3),(1286,100.00,830,1,5),(1287,32.00,830,1,2),(1288,84.00,830,1,3),(1289,19.00,830,1,1),(1290,787.00,831,3,5),(1291,225.00,831,3,1),(1292,562.00,831,3,3),(1293,337.00,831,3,2),(1294,632.00,832,3,3),(1295,379.00,832,3,2),(1296,885.00,832,3,5),(1297,253.00,832,3,1),(1298,152.00,833,3,1),(1299,532.00,833,3,5),(1300,380.00,833,3,3),(1301,228.00,833,3,2),(1302,289.00,834,3,2),(1303,675.00,834,3,5),(1304,193.00,834,3,1),(1305,482.00,834,3,3),(1306,49.00,835,1,2),(1307,100.00,835,1,5),(1308,77.00,835,1,3),(1309,20.00,835,1,1),(1310,12.00,836,1,1),(1311,100.00,836,1,5),(1312,79.00,836,1,3),(1313,36.00,836,1,2),(1314,756.00,837,3,5),(1315,324.00,837,3,2),(1316,540.00,837,3,3),(1317,216.00,837,3,1),(1318,766.00,838,3,5),(1319,547.00,838,3,3),(1320,219.00,838,3,1),(1321,328.00,838,3,2),(1322,100.00,839,1,5),(1323,49.00,839,1,2),(1324,88.00,839,1,3),(1325,13.00,839,1,1),(1326,966.00,840,3,5),(1327,276.00,840,3,1),(1328,690.00,840,3,3),(1329,414.00,840,3,2),(1330,206.00,841,3,1),(1331,515.00,841,3,3),(1332,721.00,841,3,5),(1333,309.00,841,3,2),(1334,100.00,842,1,5),(1335,44.00,842,1,2),(1336,19.00,842,1,1),(1337,90.00,842,1,3),(1338,695.00,843,3,3),(1339,973.00,843,3,5),(1340,278.00,843,3,1),(1341,417.00,843,3,2),(1342,460.00,844,3,3),(1343,644.00,844,3,5),(1344,276.00,844,3,2),(1345,184.00,844,3,1),(1346,100.00,845,1,5),(1347,49.00,845,1,2),(1348,83.00,845,1,3),(1349,10.00,845,1,1),(1350,41.00,846,1,2),(1351,87.00,846,1,3),(1352,100.00,846,1,5),(1353,15.00,846,1,1),(1354,181.00,847,3,2),(1355,302.00,847,3,3),(1356,423.00,847,3,5),(1357,121.00,847,3,1),(1358,86.00,848,1,3),(1359,100.00,848,1,5),(1360,19.00,848,1,1),(1361,37.00,848,1,2),(1362,253.00,849,3,1),(1363,632.00,849,3,3),(1364,379.00,849,3,2),(1365,885.00,849,3,5),(1366,39.00,850,1,2),(1367,100.00,850,1,5),(1368,88.00,850,1,3),(1369,17.00,850,1,1),(1370,430.00,851,3,2),(1371,1004.00,851,3,5),(1372,287.00,851,3,1),(1373,717.00,851,3,3),(1374,47.00,852,1,2),(1375,12.00,852,1,1),(1376,100.00,852,1,5),(1377,79.00,852,1,3),(1378,42.00,853,1,2),(1379,15.00,853,1,1),(1380,85.00,853,1,3),(1381,100.00,853,1,5),(1382,672.00,854,3,3),(1383,403.00,854,3,2),(1384,269.00,854,3,1),(1385,941.00,854,3,5),(1386,285.00,855,3,1),(1387,997.00,855,3,5),(1388,427.00,855,3,2),(1389,712.00,855,3,3),(1390,199.00,856,3,2),(1391,332.00,856,3,3),(1392,465.00,856,3,5),(1393,133.00,856,3,1),(1394,140.00,857,3,1),(1395,490.00,857,3,5),(1396,210.00,857,3,2),(1397,350.00,857,3,3),(1398,78.00,858,1,3),(1399,100.00,858,1,5),(1400,42.00,858,1,2),(1401,17.00,858,1,1),(1402,373.00,859,3,2),(1403,871.00,859,3,5),(1404,622.00,859,3,3),(1405,249.00,859,3,1),(1406,203.00,860,3,1),(1407,710.00,860,3,5),(1408,304.00,860,3,2),(1409,507.00,860,3,3),(1410,79.00,861,1,3),(1411,100.00,861,1,5),(1412,33.00,861,1,2),(1413,25.00,861,1,1),(1414,77.00,862,1,3),(1415,38.00,862,1,2),(1416,18.00,862,1,1),(1417,100.00,862,1,5),(1418,260.00,863,3,3),(1419,364.00,863,3,5),(1420,156.00,863,3,2),(1421,104.00,863,3,1),(1422,437.00,864,3,3),(1423,612.00,864,3,5),(1424,175.00,864,3,1),(1425,262.00,864,3,2),(1426,264.00,865,3,2),(1427,440.00,865,3,3),(1428,616.00,865,3,5),(1429,176.00,865,3,1),(1430,209.00,866,3,1),(1431,313.00,866,3,2),(1432,731.00,866,3,5),(1433,522.00,866,3,3),(1434,39.00,867,1,2),(1435,90.00,867,1,3),(1436,24.00,867,1,1),(1437,100.00,867,1,5),(1438,393.00,868,3,2),(1439,262.00,868,3,1),(1440,655.00,868,3,3),(1441,917.00,868,3,5),(1442,254.00,869,3,1),(1443,889.00,869,3,5),(1444,635.00,869,3,3),(1445,381.00,869,3,2),(1446,243.00,870,3,2),(1447,567.00,870,3,5),(1448,405.00,870,3,3),(1449,162.00,870,3,1),(1450,39.00,871,1,2),(1451,15.00,871,1,1),(1452,90.00,871,1,3),(1453,100.00,871,1,5),(1454,337.00,872,3,3),(1455,135.00,872,3,1),(1456,472.00,872,3,5),(1457,202.00,872,3,2),(1458,203.00,873,3,1),(1459,304.00,873,3,2),(1460,507.00,873,3,3),(1461,710.00,873,3,5),(1462,47.00,874,1,2),(1463,11.00,874,1,1),(1464,85.00,874,1,3),(1465,100.00,874,1,5),(1466,37.00,875,1,2),(1467,12.00,875,1,1),(1468,85.00,875,1,3),(1469,100.00,875,1,5),(1470,88.00,876,1,3),(1471,100.00,876,1,5),(1472,23.00,876,1,1),(1473,32.00,876,1,2),(1474,195.00,877,3,2),(1475,455.00,877,3,5),(1476,325.00,877,3,3),(1477,130.00,877,3,1),(1478,76.00,878,1,3),(1479,39.00,878,1,2),(1480,25.00,878,1,1),(1481,100.00,878,1,5),(1482,44.00,879,1,2),(1483,100.00,879,1,5),(1484,77.00,879,1,3),(1485,19.00,879,1,1),(1486,37.00,880,1,2),(1487,15.00,880,1,1),(1488,100.00,880,1,5),(1489,79.00,880,1,3),(1490,39.00,881,1,2),(1491,86.00,881,1,3),(1492,16.00,881,1,1),(1493,100.00,881,1,5),(1494,16.00,882,1,1),(1495,90.00,882,1,3),(1496,48.00,882,1,2),(1497,100.00,882,1,5),(1498,100.00,883,1,5),(1499,48.00,883,1,2),(1500,83.00,883,1,3),(1501,12.00,883,1,1),(1502,100.00,884,1,5),(1503,17.00,884,1,1),(1504,35.00,884,1,2),(1505,87.00,884,1,3),(1506,10.00,885,1,1),(1507,100.00,885,1,5),(1508,33.00,885,1,2),(1509,77.00,885,1,3),(1510,90.00,886,1,3),(1511,18.00,886,1,1),(1512,100.00,886,1,5),(1513,38.00,886,1,2),(1514,50.00,887,1,2),(1515,100.00,887,1,5),(1516,80.00,887,1,3),(1517,19.00,887,1,1),(1518,100.00,888,1,5),(1519,12.00,888,1,1),(1520,77.00,888,1,3),(1521,41.00,888,1,2),(1522,358.00,889,3,2),(1523,597.00,889,3,3),(1524,836.00,889,3,5),(1525,239.00,889,3,1),(1526,980.00,890,3,5),(1527,700.00,890,3,3),(1528,420.00,890,3,2),(1529,280.00,890,3,1),(1530,100.00,891,1,5),(1531,32.00,891,1,2),(1532,15.00,891,1,1),(1533,82.00,891,1,3),(1534,151.00,892,3,2),(1535,353.00,892,3,5),(1536,101.00,892,3,1),(1537,252.00,892,3,3),(1538,100.00,893,1,5),(1539,83.00,893,1,3),(1540,25.00,893,1,1),(1541,31.00,893,1,2),(1542,429.00,894,3,2),(1543,715.00,894,3,3),(1544,1001.00,894,3,5),(1545,286.00,894,3,1),(1546,40.00,895,1,2),(1547,14.00,895,1,1),(1548,82.00,895,1,3),(1549,100.00,895,1,5),(1550,32.00,896,1,2),(1551,100.00,896,1,5),(1552,21.00,896,1,1),(1553,79.00,896,1,3),(1554,17.00,897,1,1),(1555,100.00,897,1,5),(1556,38.00,897,1,2),(1557,83.00,897,1,3),(1558,161.00,898,3,1),(1559,241.00,898,3,2),(1560,402.00,898,3,3),(1561,563.00,898,3,5),(1562,30.00,899,1,2),(1563,100.00,899,1,5),(1564,24.00,899,1,1),(1565,82.00,899,1,3),(1566,206.00,900,3,1),(1567,309.00,900,3,2),(1568,721.00,900,3,5),(1569,515.00,900,3,3),(1570,100.00,901,1,5),(1571,10.00,901,1,1),(1572,47.00,901,1,2),(1573,86.00,901,1,3),(1574,343.00,902,3,2),(1575,229.00,902,3,1),(1576,572.00,902,3,3),(1577,801.00,902,3,5),(1578,257.00,903,3,1),(1579,385.00,903,3,2),(1580,899.00,903,3,5),(1581,642.00,903,3,3),(1582,34.00,904,1,2),(1583,84.00,904,1,3),(1584,13.00,904,1,1),(1585,100.00,904,1,5),(1586,644.00,905,3,5),(1587,276.00,905,3,2),(1588,460.00,905,3,3),(1589,184.00,905,3,1),(1590,545.00,906,3,3),(1591,218.00,906,3,1),(1592,763.00,906,3,5),(1593,327.00,906,3,2),(1594,11.00,907,1,1),(1595,100.00,907,1,5),(1596,44.00,907,1,2),(1597,84.00,907,1,3),(1598,18.00,908,1,1),(1599,100.00,908,1,5),(1600,75.00,908,1,3),(1601,34.00,908,1,2),(1602,48.00,909,1,2),(1603,87.00,909,1,3),(1604,100.00,909,1,5),(1605,19.00,909,1,1),(1606,273.00,910,3,1),(1607,682.00,910,3,3),(1608,409.00,910,3,2),(1609,955.00,910,3,5),(1610,86.00,911,1,3),(1611,100.00,911,1,5),(1612,31.00,911,1,2),(1613,13.00,911,1,1),(1614,12.00,912,1,1),(1615,100.00,912,1,5),(1616,87.00,912,1,3),(1617,36.00,912,1,2),(1618,246.00,913,3,1),(1619,369.00,913,3,2),(1620,615.00,913,3,3),(1621,861.00,913,3,5),(1622,247.00,914,3,2),(1623,412.00,914,3,3),(1624,165.00,914,3,1),(1625,577.00,914,3,5),(1626,100.00,915,1,5),(1627,19.00,915,1,1),(1628,75.00,915,1,3),(1629,50.00,915,1,2),(1630,279.00,916,3,2),(1631,651.00,916,3,5),(1632,186.00,916,3,1),(1633,465.00,916,3,3),(1634,17.00,917,1,1),(1635,85.00,917,1,3),(1636,36.00,917,1,2),(1637,100.00,917,1,5),(1638,86.00,918,1,3),(1639,13.00,918,1,1),(1640,33.00,918,1,2),(1641,100.00,918,1,5),(1642,292.00,919,3,1),(1643,730.00,919,3,3),(1644,1022.00,919,3,5),(1645,438.00,919,3,2),(1646,23.00,920,1,1),(1647,76.00,920,1,3),(1648,39.00,920,1,2),(1649,100.00,920,1,5),(1650,90.00,921,1,3),(1651,44.00,921,1,2),(1652,100.00,921,1,5),(1653,22.00,921,1,1),(1654,395.00,922,3,5),(1655,169.00,922,3,2),(1656,113.00,922,3,1),(1657,282.00,922,3,3),(1658,600.00,923,3,3),(1659,360.00,923,3,2),(1660,840.00,923,3,5),(1661,240.00,923,3,1),(1662,100.00,924,1,5),(1663,14.00,924,1,1),(1664,48.00,924,1,2),(1665,82.00,924,1,3),(1666,85.00,925,1,3),(1667,10.00,925,1,1),(1668,37.00,925,1,2),(1669,100.00,925,1,5),(1670,213.00,926,3,2),(1671,142.00,926,3,1),(1672,355.00,926,3,3),(1673,497.00,926,3,5),(1674,22.00,927,1,1),(1675,100.00,927,1,5),(1676,44.00,927,1,2),(1677,76.00,927,1,3),(1678,647.00,928,3,3),(1679,259.00,928,3,1),(1680,388.00,928,3,2),(1681,906.00,928,3,5),(1682,131.00,929,3,1),(1683,327.00,929,3,3),(1684,196.00,929,3,2),(1685,458.00,929,3,5),(1686,100.00,930,1,5),(1687,16.00,930,1,1),(1688,39.00,930,1,2),(1689,80.00,930,1,3),(1690,81.00,931,1,3),(1691,100.00,931,1,5),(1692,35.00,931,1,2),(1693,24.00,931,1,1),(1694,21.00,932,1,1),(1695,33.00,932,1,2),(1696,100.00,932,1,5),(1697,87.00,932,1,3),(1698,11.00,933,1,1),(1699,42.00,933,1,2),(1700,75.00,933,1,3),(1701,100.00,933,1,5),(1702,527.00,934,3,3),(1703,211.00,934,3,1),(1704,316.00,934,3,2),(1705,738.00,934,3,5),(1706,163.00,935,3,1),(1707,570.00,935,3,5),(1708,407.00,935,3,3),(1709,244.00,935,3,2),(1710,100.00,936,1,5),(1711,86.00,936,1,3),(1712,16.00,936,1,1),(1713,49.00,936,1,2),(1714,17.00,937,1,1),(1715,86.00,937,1,3),(1716,35.00,937,1,2),(1717,100.00,937,1,5),(1718,42.00,938,1,2),(1719,11.00,938,1,1),(1720,100.00,938,1,5),(1721,90.00,938,1,3),(1722,507.00,939,3,3),(1723,710.00,939,3,5),(1724,304.00,939,3,2),(1725,203.00,939,3,1),(1726,722.00,940,3,3),(1727,1011.00,940,3,5),(1728,289.00,940,3,1),(1729,433.00,940,3,2),(1730,79.00,941,1,3),(1731,21.00,941,1,1),(1732,100.00,941,1,5),(1733,49.00,941,1,2),(1734,40.00,942,1,2),(1735,75.00,942,1,3),(1736,100.00,942,1,5),(1737,19.00,942,1,1),(1738,16.00,943,1,1),(1739,100.00,943,1,5),(1740,76.00,943,1,3),(1741,36.00,943,1,2),(1742,414.00,944,3,2),(1743,966.00,944,3,5),(1744,276.00,944,3,1),(1745,690.00,944,3,3),(1746,100.00,945,1,5),(1747,35.00,945,1,2),(1748,88.00,945,1,3),(1749,19.00,945,1,1),(1750,427.00,946,3,2),(1751,712.00,946,3,3),(1752,285.00,946,3,1),(1753,997.00,946,3,5),(1754,223.00,947,3,1),(1755,334.00,947,3,2),(1756,780.00,947,3,5),(1757,557.00,947,3,3),(1758,79.00,948,1,3),(1759,18.00,948,1,1),(1760,47.00,948,1,2),(1761,100.00,948,1,5),(1762,163.00,949,3,1),(1763,244.00,949,3,2),(1764,407.00,949,3,3),(1765,570.00,949,3,5),(1766,131.00,950,3,1),(1767,196.00,950,3,2),(1768,458.00,950,3,5),(1769,327.00,950,3,3),(1770,162.00,951,3,1),(1771,243.00,951,3,2),(1772,567.00,951,3,5),(1773,405.00,951,3,3),(1774,48.00,952,1,2),(1775,23.00,952,1,1),(1776,100.00,952,1,5),(1777,88.00,952,1,3),(1778,36.00,953,1,2),(1779,85.00,953,1,3),(1780,24.00,953,1,1),(1781,100.00,953,1,5),(1782,100.00,954,1,5),(1783,35.00,954,1,2),(1784,77.00,954,1,3),(1785,23.00,954,1,1),(1786,187.00,955,3,1),(1787,654.00,955,3,5),(1788,280.00,955,3,2),(1789,467.00,955,3,3),(1790,214.00,956,3,2),(1791,143.00,956,3,1),(1792,500.00,956,3,5),(1793,357.00,956,3,3),(1794,265.00,957,3,3),(1795,371.00,957,3,5),(1796,159.00,957,3,2),(1797,106.00,957,3,1),(1798,153.00,958,3,1),(1799,535.00,958,3,5),(1800,229.00,958,3,2),(1801,382.00,958,3,3),(1802,78.00,959,1,3),(1803,10.00,959,1,1),(1804,100.00,959,1,5),(1805,48.00,959,1,2),(1806,125.00,960,3,1),(1807,187.00,960,3,2),(1808,437.00,960,3,5),(1809,312.00,960,3,3),(1810,587.00,961,3,3),(1811,235.00,961,3,1),(1812,352.00,961,3,2),(1813,822.00,961,3,5),(1814,100.00,962,1,5),(1815,20.00,962,1,1),(1816,88.00,962,1,3),(1817,47.00,962,1,2),(1818,33.00,963,1,2),(1819,77.00,963,1,3),(1820,100.00,963,1,5),(1821,17.00,963,1,1),(1822,166.00,964,3,1),(1823,581.00,964,3,5),(1824,249.00,964,3,2),(1825,415.00,964,3,3),(1826,18.00,965,1,1),(1827,100.00,965,1,5),(1828,37.00,965,1,2),(1829,90.00,965,1,3),(1830,20.00,966,1,1),(1831,100.00,966,1,5),(1832,34.00,966,1,2),(1833,76.00,966,1,3),(1834,82.00,967,1,3),(1835,38.00,967,1,2),(1836,100.00,967,1,5),(1837,13.00,967,1,1),(1838,118.00,968,3,1),(1839,177.00,968,3,2),(1840,295.00,968,3,3),(1841,413.00,968,3,5),(1842,37.00,969,1,2),(1843,22.00,969,1,1),(1844,100.00,969,1,5),(1845,82.00,969,1,3),(1846,297.00,970,3,3),(1847,416.00,970,3,5),(1848,178.00,970,3,2),(1849,119.00,970,3,1),(1850,252.00,971,3,2),(1851,168.00,971,3,1),(1852,420.00,971,3,3),(1853,588.00,971,3,5),(1854,948.00,972,3,5),(1855,271.00,972,3,1),(1856,677.00,972,3,3),(1857,406.00,972,3,2),(1858,80.00,973,1,3),(1859,100.00,973,1,5),(1860,13.00,973,1,1),(1861,35.00,973,1,2),(1862,360.00,974,3,2),(1863,240.00,974,3,1),(1864,600.00,974,3,3),(1865,840.00,974,3,5),(1866,268.00,975,3,1),(1867,402.00,975,3,2),(1868,670.00,975,3,3),(1869,938.00,975,3,5),(1870,190.00,976,3,1),(1871,665.00,976,3,5),(1872,475.00,976,3,3),(1873,285.00,976,3,2),(1874,770.00,977,3,5),(1875,220.00,977,3,1),(1876,330.00,977,3,2),(1877,550.00,977,3,3),(1878,435.00,978,3,2),(1879,725.00,978,3,3),(1880,290.00,978,3,1),(1881,1015.00,978,3,5),(1882,42.00,979,1,2),(1883,100.00,979,1,5),(1884,83.00,979,1,3),(1885,21.00,979,1,1),(1886,609.00,980,3,5),(1887,261.00,980,3,2),(1888,435.00,980,3,3),(1889,174.00,980,3,1),(1890,22.00,981,1,1),(1891,100.00,981,1,5),(1892,86.00,981,1,3),(1893,46.00,981,1,2),(1894,402.00,982,3,2),(1895,938.00,982,3,5),(1896,268.00,982,3,1),(1897,670.00,982,3,3),(1898,49.00,983,1,2),(1899,89.00,983,1,3),(1900,11.00,983,1,1),(1901,100.00,983,1,5),(1902,249.00,984,3,1),(1903,622.00,984,3,3),(1904,871.00,984,3,5),(1905,373.00,984,3,2),(1906,263.00,985,3,1),(1907,394.00,985,3,2),(1908,920.00,985,3,5),(1909,657.00,985,3,3),(1910,22.00,986,1,1),(1911,76.00,986,1,3),(1912,100.00,986,1,5),(1913,33.00,986,1,2),(1914,665.00,987,3,3),(1915,399.00,987,3,2),(1916,266.00,987,3,1),(1917,931.00,987,3,5),(1918,17.00,988,1,1),(1919,86.00,988,1,3),(1920,100.00,988,1,5),(1921,30.00,988,1,2),(1922,15.00,989,1,1),(1923,100.00,989,1,5),(1924,77.00,989,1,3),(1925,35.00,989,1,2),(1926,379.00,990,3,2),(1927,885.00,990,3,5),(1928,253.00,990,3,1),(1929,632.00,990,3,3),(1930,24.00,991,1,1),(1931,100.00,991,1,5),(1932,30.00,991,1,2),(1933,86.00,991,1,3),(1934,1032.00,992,3,5),(1935,295.00,992,3,1),(1936,442.00,992,3,2),(1937,737.00,992,3,3),(1938,510.00,993,3,3),(1939,714.00,993,3,5),(1940,204.00,993,3,1),(1941,306.00,993,3,2),(1942,38.00,994,1,2),(1943,76.00,994,1,3),(1944,13.00,994,1,1),(1945,100.00,994,1,5),(1946,85.00,995,1,3),(1947,100.00,995,1,5),(1948,34.00,995,1,2),(1949,22.00,995,1,1),(1950,121.00,996,3,1),(1951,181.00,996,3,2),(1952,302.00,996,3,3),(1953,423.00,996,3,5),(1954,41.00,997,1,2),(1955,87.00,997,1,3),(1956,100.00,997,1,5),(1957,25.00,997,1,1),(1958,725.00,998,3,3),(1959,435.00,998,3,2),(1960,290.00,998,3,1),(1961,1015.00,998,3,5),(1962,44.00,999,1,2),(1963,100.00,999,1,5),(1964,11.00,999,1,1),(1965,79.00,999,1,3),(1966,33.00,1000,1,2),(1967,100.00,1000,1,5),(1968,82.00,1000,1,3),(1969,20.00,1000,1,1),(1970,10.00,1001,1,1),(1971,87.00,1001,1,3),(1972,40.00,1001,1,2),(1973,100.00,1001,1,5),(1974,84.00,1002,1,3),(1975,100.00,1002,1,5),(1976,40.00,1002,1,2),(1977,15.00,1002,1,1),(1978,214.00,1003,3,2),(1979,500.00,1003,3,5),(1980,357.00,1003,3,3),(1981,143.00,1003,3,1),(1982,175.00,1004,3,1),(1983,262.00,1004,3,2),(1984,437.00,1004,3,3),(1985,612.00,1004,3,5),(1986,201.00,1005,3,2),(1987,469.00,1005,3,5),(1988,335.00,1005,3,3),(1989,134.00,1005,3,1),(1990,100.00,1006,1,5),(1991,18.00,1006,1,1),(1992,86.00,1006,1,3),(1993,43.00,1006,1,2),(1994,722.00,1007,3,3),(1995,433.00,1007,3,2),(1996,1011.00,1007,3,5),(1997,289.00,1007,3,1),(1998,610.00,1008,3,3),(1999,366.00,1008,3,2),(2000,854.00,1008,3,5),(2001,244.00,1008,3,1),(2002,407.00,1009,3,3),(2003,163.00,1009,3,1),(2004,244.00,1009,3,2),(2005,570.00,1009,3,5),(2006,906.00,1010,3,5),(2007,388.00,1010,3,2),(2008,259.00,1010,3,1),(2009,647.00,1010,3,3);
/*!40000 ALTER TABLE `transfercancellationcharges` ENABLE KEYS */;
UNLOCK TABLES;

--
-- Table structure for table `transfercontract`
--

DROP TABLE IF EXISTS `transfercontract`;
/*!40101 SET @saved_cs_client     = @@character_set_client */;
/*!50503 SET character_set_client = utf8mb4 */;
CREATE TABLE `transfercontract` (
  `id` int NOT NULL AUTO_INCREMENT,
  `user_id` int NOT NULL,
  `supplier_id` int NOT NULL,
  `reference` varchar(45) NOT NULL,
  `validfrom` date DEFAULT NULL,
  `validto` date DEFAULT NULL,
  `salesfrom` date DEFAULT NULL,
  `salesto` date DEFAULT NULL,
  `markup` decimal(10,2) DEFAULT NULL,
  `createdon` timestamp NULL DEFAULT NULL,
  `updatedon` timestamp NULL DEFAULT NULL,
  `transferstatus_id` int NOT NULL,
  `transfer_id` int NOT NULL,
  `currency_id` int NOT NULL,
  `transfertype_id` int NOT NULL,
  PRIMARY KEY (`id`),
  KEY `fk_transfercontract_transferstatus1_idx` (`transferstatus_id`),
  KEY `fk_transfercontract_transfer1_idx` (`transfer_id`),
  KEY `fk_transfercontract_currency1_idx` (`currency_id`),
  KEY `fk_transfercontract_user1_idx` (`user_id`),
  KEY `fk_transfercontract_supplier1_idx` (`supplier_id`),
  KEY `fk_transfercontract_transfertype1_idx` (`transfertype_id`),
  CONSTRAINT `fk_transfercontract_currency1` FOREIGN KEY (`currency_id`) REFERENCES `currency` (`id`),
  CONSTRAINT `fk_transfercontract_supplier1` FOREIGN KEY (`supplier_id`) REFERENCES `supplier` (`id`),
  CONSTRAINT `fk_transfercontract_transfer1` FOREIGN KEY (`transfer_id`) REFERENCES `transfer` (`id`),
  CONSTRAINT `fk_transfercontract_transferstatus1` FOREIGN KEY (`transferstatus_id`) REFERENCES `transferstatus` (`id`),
  CONSTRAINT `fk_transfercontract_transfertype1` FOREIGN KEY (`transfertype_id`) REFERENCES `transfertype` (`id`),
  CONSTRAINT `fk_transfercontract_user1` FOREIGN KEY (`user_id`) REFERENCES `user` (`id`)
) ENGINE=InnoDB AUTO_INCREMENT=1011 DEFAULT CHARSET=utf8mb3;
/*!40101 SET character_set_client = @saved_cs_client */;

--
-- Dumping data for table `transfercontract`
--

LOCK TABLES `transfercontract` WRITE;
/*!40000 ALTER TABLE `transfercontract` DISABLE KEYS */;
INSERT INTO `transfercontract` VALUES (511,6,19,'TFR_BR25000017_25_001','2025-05-15','2025-08-15','2025-07-05','2025-07-31',16.00,'2025-05-10 13:26:23','2025-06-29 12:49:10',3,512,1,1),(512,6,35,'TFR_BR25000033_25_001','2025-06-09','2025-11-09','2025-11-28','2025-12-16',14.00,'2025-05-10 13:26:23','2025-05-10 13:26:23',2,513,1,4),(513,6,65,'TFR_BR25000063_25_001','2025-05-14','2025-10-14','2025-07-31','2025-08-14',20.00,'2025-05-10 13:26:23','2025-05-10 13:26:23',2,514,1,2),(514,6,42,'TFR_BR25000040_25_001','2025-05-15','2025-10-15','2025-09-08','2025-09-24',14.00,'2025-05-10 13:26:23','2025-05-10 13:26:23',2,515,1,4),(515,6,99,'TFR_BR25000097_25_001','2025-05-14','2025-09-14','2025-09-26','2025-10-02',18.00,'2025-05-10 13:26:23','2025-05-10 13:26:23',2,516,1,6),(516,6,113,'TFR_BR25000111_25_001','2025-05-24','2025-10-24','2025-08-26','2025-09-07',12.00,'2025-05-10 13:26:23','2025-05-10 13:26:23',2,517,1,3),(517,6,23,'TFR_BR25000021_25_001','2025-05-16','2025-08-16','2025-08-02','2025-08-12',25.00,'2025-05-10 13:26:23','2025-05-10 13:26:23',2,518,1,4),(518,6,44,'TFR_BR25000042_25_001','2025-06-09','2025-09-09','2025-07-01','2025-07-15',12.00,'2025-05-10 13:26:24','2025-05-10 13:26:24',2,519,1,3),(519,6,27,'TFR_BR25000025_25_001','2025-05-13','2025-08-13','2025-10-05','2025-10-14',25.00,'2025-05-10 13:26:24','2025-05-10 13:26:24',2,520,1,2),(520,6,23,'TFR_BR25000021_25_002','2025-05-27','2025-10-27','2025-11-09','2025-11-11',14.00,'2025-05-10 13:26:24','2025-05-10 13:26:24',2,521,1,1),(521,6,80,'TFR_BR25000078_25_001','2025-05-15','2025-09-15','2025-07-19','2025-07-31',22.00,'2025-05-10 13:26:24','2025-05-10 13:26:24',2,522,1,7),(522,6,89,'TFR_BR25000087_25_001','2025-05-13','2025-08-13','2025-09-05','2025-09-30',15.00,'2025-05-10 13:26:24','2025-05-10 13:26:24',2,523,1,1),(523,6,32,'TFR_BR25000030_25_001','2025-05-22','2025-09-22','2025-10-16','2025-11-12',21.00,'2025-05-10 13:26:24','2025-05-10 13:26:24',2,524,1,4),(524,6,102,'TFR_BR25000100_25_001','2025-06-07','2025-11-07','2025-12-15','2025-12-16',12.00,'2025-05-10 13:26:24','2025-05-10 13:26:24',2,525,1,3),(525,6,105,'TFR_BR25000103_25_001','2025-06-03','2025-09-03','2025-12-13','2025-12-28',24.00,'2025-05-10 13:26:24','2025-05-10 13:26:24',2,526,1,4),(526,6,80,'TFR_BR25000078_25_002','2025-05-19','2025-10-19','2025-11-30','2025-12-09',24.00,'2025-05-10 13:26:24','2025-05-10 13:26:24',2,527,1,3),(527,6,43,'TFR_BR25000041_25_001','2025-05-23','2025-08-23','2025-10-08','2025-11-06',16.00,'2025-05-10 13:26:24','2025-05-10 13:26:24',2,528,1,3),(528,6,27,'TFR_BR25000025_25_002','2025-06-03','2025-10-03','2025-08-16','2025-09-12',16.00,'2025-05-10 13:26:24','2025-05-10 13:26:24',2,529,1,3),(529,6,59,'TFR_BR25000057_25_001','2025-05-13','2025-10-13','2025-11-05','2025-11-26',15.00,'2025-05-10 13:26:24','2025-05-10 13:26:24',2,530,1,7),(530,6,35,'TFR_BR25000033_25_002','2025-06-09','2025-10-09','2025-11-22','2025-12-12',12.00,'2025-05-10 13:26:24','2025-05-10 13:26:24',2,531,1,3),(531,6,16,'TFR_BR25000014_25_001','2025-06-07','2025-11-07','2025-06-23','2025-06-30',22.00,'2025-05-10 13:26:24','2025-05-10 13:26:24',2,532,1,2),(532,6,103,'TFR_BR25000101_25_001','2025-05-24','2025-10-24','2025-09-15','2025-09-18',21.00,'2025-05-10 13:26:24','2025-05-10 13:26:24',2,533,1,6),(533,6,25,'TFR_BR25000023_25_001','2025-06-08','2025-11-08','2025-08-28','2025-09-24',16.00,'2025-05-10 13:26:24','2025-05-10 13:26:24',2,534,1,3),(534,6,107,'TFR_BR25000105_25_001','2025-05-25','2025-10-25','2025-09-08','2025-09-11',16.00,'2025-05-10 13:26:24','2025-05-10 13:26:24',2,535,1,3),(535,6,114,'TFR_BR25000112_25_001','2025-05-17','2025-08-17','2025-07-04','2025-07-30',23.00,'2025-05-10 13:26:24','2025-05-10 13:26:24',2,536,1,4),(536,6,43,'TFR_BR25000041_25_002','2025-05-16','2025-10-16','2025-06-28','2025-07-28',21.00,'2025-05-10 13:26:24','2025-05-10 13:26:24',2,537,1,4),(537,6,114,'TFR_BR25000112_25_002','2025-05-30','2025-09-30','2025-12-14','2025-12-25',23.00,'2025-05-10 13:26:24','2025-05-10 13:26:24',2,538,1,2),(538,6,80,'TFR_BR25000078_25_003','2025-05-20','2025-08-20','2025-11-07','2025-12-01',15.00,'2025-05-10 13:26:25','2025-05-10 13:26:25',2,539,1,5),(539,6,98,'TFR_BR25000096_25_001','2025-05-12','2025-09-12','2025-12-08','2026-01-04',18.00,'2025-05-10 13:26:25','2025-05-10 13:26:25',2,540,1,3),(540,6,35,'TFR_BR25000033_25_003','2025-05-29','2025-10-29','2025-09-04','2025-09-08',10.00,'2025-05-10 13:26:25','2025-05-10 13:26:25',2,541,1,2),(541,6,71,'TFR_BR25000069_25_001','2025-05-27','2025-10-27','2025-08-02','2025-08-28',15.00,'2025-05-10 13:26:25','2025-05-10 13:26:25',2,542,1,5),(542,6,19,'TFR_BR25000017_25_002','2025-05-18','2025-08-18','2025-12-04','2026-01-03',24.00,'2025-05-10 13:26:25','2025-05-10 13:26:25',2,543,1,7),(543,6,44,'TFR_BR25000042_25_002','2025-05-21','2025-08-21','2025-12-01','2025-12-09',10.00,'2025-05-10 13:26:25','2025-05-10 13:26:25',2,544,1,5),(544,6,50,'TFR_BR25000048_25_001','2025-05-21','2025-10-21','2025-11-08','2025-11-21',24.00,'2025-05-10 13:26:25','2025-05-10 13:26:25',2,545,1,2),(545,6,110,'TFR_BR25000108_25_001','2025-05-24','2025-10-24','2025-07-21','2025-07-29',21.00,'2025-05-10 13:26:25','2025-05-10 13:26:25',2,546,1,4),(546,6,40,'TFR_BR25000038_25_001','2025-05-22','2025-09-22','2025-09-21','2025-10-21',24.00,'2025-05-10 13:26:25','2025-05-10 13:26:25',2,547,1,5),(547,6,24,'TFR_BR25000022_25_001','2025-05-20','2025-08-20','2025-07-02','2025-07-10',20.00,'2025-05-10 13:26:25','2025-05-10 13:26:25',2,548,1,5),(548,6,40,'TFR_BR25000038_25_002','2025-06-05','2025-09-05','2025-11-06','2025-11-15',17.00,'2025-05-10 13:26:25','2025-05-10 13:26:25',2,549,1,4),(549,6,42,'TFR_BR25000040_25_002','2025-06-09','2025-09-09','2025-10-17','2025-11-06',12.00,'2025-05-10 13:26:25','2025-05-10 13:26:25',2,550,1,5),(550,6,115,'TFR_BR25000113_25_001','2025-06-05','2025-09-05','2025-12-16','2025-12-27',19.00,'2025-05-10 13:26:25','2025-05-10 13:26:25',2,551,1,3),(551,6,50,'TFR_BR25000048_25_002','2025-05-28','2025-10-28','2025-12-13','2026-01-06',23.00,'2025-05-10 13:26:25','2025-05-10 13:26:25',2,552,1,7),(552,6,111,'TFR_BR25000109_25_001','2025-05-20','2025-10-20','2025-11-30','2025-12-28',23.00,'2025-05-10 13:26:25','2025-05-10 13:26:25',2,553,1,4),(553,6,55,'TFR_BR25000053_25_001','2025-05-19','2025-08-19','2025-10-06','2025-10-12',16.00,'2025-05-10 13:26:25','2025-05-10 13:26:25',2,554,1,7),(554,6,35,'TFR_BR25000033_25_004','2025-06-04','2025-11-04','2025-08-07','2025-08-12',25.00,'2025-05-10 13:26:25','2025-05-10 13:26:25',2,555,1,1),(555,6,57,'TFR_BR25000055_25_001','2025-06-03','2025-11-03','2025-09-26','2025-10-04',17.00,'2025-05-10 13:26:25','2025-05-10 13:26:25',2,556,1,6),(556,6,38,'TFR_BR25000036_25_001','2025-05-25','2025-08-25','2025-11-29','2025-12-24',10.00,'2025-05-10 13:26:25','2025-05-10 13:26:25',2,557,1,2),(557,6,83,'TFR_BR25000081_25_001','2025-05-11','2025-09-11','2025-11-26','2025-12-08',11.00,'2025-05-10 13:26:26','2025-05-10 13:26:26',2,558,1,2),(558,6,105,'TFR_BR25000103_25_002','2025-06-04','2025-11-04','2025-10-24','2025-11-05',19.00,'2025-05-10 13:26:26','2025-05-10 13:26:26',2,559,1,7),(559,6,82,'TFR_BR25000080_25_001','2025-05-14','2025-09-14','2025-11-21','2025-12-15',16.00,'2025-05-10 13:26:26','2025-05-10 13:26:26',2,560,1,4),(560,6,74,'TFR_BR25000072_25_001','2025-05-29','2025-09-29','2025-07-21','2025-08-14',19.00,'2025-05-10 13:26:26','2025-05-10 13:26:26',2,561,1,2),(561,6,108,'TFR_BR25000106_25_001','2025-06-07','2025-10-07','2025-08-10','2025-08-29',16.00,'2025-05-10 13:26:26','2025-05-10 13:26:26',2,562,1,7),(562,6,110,'TFR_BR25000108_25_002','2025-05-27','2025-10-27','2025-11-30','2025-12-20',23.00,'2025-05-10 13:26:26','2025-05-10 13:26:26',2,563,1,6),(563,6,72,'TFR_BR25000070_25_001','2025-05-18','2025-10-18','2025-10-19','2025-11-01',18.00,'2025-05-10 13:26:26','2025-05-10 13:26:26',2,564,1,4),(564,6,110,'TFR_BR25000108_25_003','2025-05-26','2025-09-26','2025-10-13','2025-10-18',18.00,'2025-05-10 13:26:26','2025-05-10 13:26:26',2,565,1,1),(565,6,85,'TFR_BR25000083_25_001','2025-06-06','2025-09-06','2025-07-23','2025-08-07',25.00,'2025-05-10 13:26:26','2025-05-10 13:26:26',2,566,1,4),(566,6,54,'TFR_BR25000052_25_001','2025-05-26','2025-08-26','2025-12-16','2025-12-17',12.00,'2025-05-10 13:26:26','2025-05-10 13:26:26',2,567,1,5),(567,6,115,'TFR_BR25000113_25_002','2025-05-11','2025-08-11','2025-09-04','2025-09-21',22.00,'2025-05-10 13:26:26','2025-05-10 13:26:26',2,568,1,4),(568,6,87,'TFR_BR25000085_25_001','2025-05-22','2025-08-22','2025-07-14','2025-08-06',10.00,'2025-05-10 13:26:26','2025-05-10 13:26:26',2,569,1,4),(569,6,35,'TFR_BR25000033_25_005','2025-05-11','2025-10-11','2025-08-30','2025-09-04',24.00,'2025-05-10 13:26:26','2025-05-10 13:26:26',2,570,1,2),(570,6,79,'TFR_BR25000077_25_001','2025-05-22','2025-10-22','2025-09-29','2025-10-14',24.00,'2025-05-10 13:26:26','2025-05-10 13:26:26',2,571,1,5),(571,6,105,'TFR_BR25000103_25_003','2025-06-05','2025-10-05','2025-10-10','2025-11-08',19.00,'2025-05-10 13:26:26','2025-05-10 13:26:26',2,572,1,3),(572,6,33,'TFR_BR25000031_25_001','2025-06-07','2025-11-07','2025-09-06','2025-09-16',12.00,'2025-05-10 13:26:27','2025-05-10 13:26:27',2,573,1,6),(573,6,72,'TFR_BR25000070_25_002','2025-05-21','2025-09-21','2025-08-13','2025-09-05',12.00,'2025-05-10 13:26:27','2025-05-10 13:26:27',2,574,1,2),(574,6,90,'TFR_BR25000088_25_001','2025-05-17','2025-08-17','2025-07-25','2025-08-20',13.00,'2025-05-10 13:26:27','2025-05-10 13:26:27',2,575,1,6),(575,6,27,'TFR_BR25000025_25_003','2025-05-26','2025-09-26','2025-07-03','2025-07-31',15.00,'2025-05-10 13:26:27','2025-05-10 13:26:27',2,576,1,7),(576,6,81,'TFR_BR25000079_25_001','2025-06-06','2025-09-06','2025-11-05','2025-11-09',22.00,'2025-05-10 13:26:27','2025-05-10 13:26:27',2,577,1,3),(577,6,89,'TFR_BR25000087_25_002','2025-06-01','2025-09-01','2025-10-11','2025-11-04',10.00,'2025-05-10 13:26:27','2025-05-10 13:26:27',2,578,1,2),(578,6,99,'TFR_BR25000097_25_002','2025-05-26','2025-09-26','2025-11-17','2025-12-05',18.00,'2025-05-10 13:26:27','2025-05-10 13:26:27',2,579,1,7),(579,6,38,'TFR_BR25000036_25_002','2025-06-07','2025-09-07','2025-08-09','2025-08-28',23.00,'2025-05-10 13:26:27','2025-05-10 13:26:27',2,580,1,6),(580,6,40,'TFR_BR25000038_25_003','2025-05-30','2025-08-30','2025-11-26','2025-12-05',17.00,'2025-05-10 13:26:27','2025-05-10 13:26:27',2,581,1,1),(581,6,103,'TFR_BR25000101_25_002','2025-05-27','2025-09-27','2025-10-04','2025-10-21',12.00,'2025-05-10 13:26:27','2025-05-10 13:26:27',2,582,1,1),(582,6,19,'TFR_BR25000017_25_003','2025-05-31','2025-09-30','2025-08-11','2025-09-09',22.00,'2025-05-10 13:26:27','2025-05-10 13:26:27',2,583,1,2),(583,6,55,'TFR_BR25000053_25_002','2025-06-01','2025-11-01','2025-10-20','2025-10-22',14.00,'2025-05-10 13:26:27','2025-05-10 13:26:27',2,584,1,6),(584,6,19,'TFR_BR25000017_25_004','2025-05-22','2025-08-22','2025-09-20','2025-10-02',23.00,'2025-05-10 13:26:27','2025-05-10 13:26:27',2,585,1,4),(585,6,65,'TFR_BR25000063_25_002','2025-05-11','2025-08-11','2025-09-22','2025-10-15',10.00,'2025-05-10 13:26:27','2025-05-10 13:26:27',2,586,1,3),(586,6,54,'TFR_BR25000052_25_002','2025-05-31','2025-09-30','2025-07-02','2025-07-21',11.00,'2025-05-10 13:26:27','2025-05-10 13:26:27',2,587,1,7),(587,6,38,'TFR_BR25000036_25_003','2025-05-29','2025-10-29','2025-11-04','2025-12-01',11.00,'2025-05-10 13:26:27','2025-05-10 13:26:27',2,588,1,3),(588,6,112,'TFR_BR25000110_25_001','2025-05-25','2025-10-25','2025-10-06','2025-10-25',23.00,'2025-05-10 13:26:28','2025-05-10 13:26:28',2,589,1,2),(589,6,45,'TFR_BR25000043_25_001','2025-05-23','2025-09-23','2025-10-26','2025-11-06',20.00,'2025-05-10 13:26:28','2025-05-10 13:26:28',2,590,1,1),(590,6,98,'TFR_BR25000096_25_002','2025-06-02','2025-11-02','2025-11-05','2025-12-02',12.00,'2025-05-10 13:26:28','2025-05-10 13:26:28',2,591,1,4),(591,6,110,'TFR_BR25000108_25_004','2025-05-31','2025-09-30','2025-10-23','2025-11-04',19.00,'2025-05-10 13:26:28','2025-05-10 13:26:28',2,592,1,4),(592,6,91,'TFR_BR25000089_25_001','2025-05-29','2025-08-29','2025-07-21','2025-07-31',13.00,'2025-05-10 13:26:28','2025-05-10 13:26:28',2,593,1,6),(593,6,101,'TFR_BR25000099_25_001','2025-05-21','2025-08-21','2025-11-05','2025-11-16',17.00,'2025-05-10 13:26:28','2025-05-10 13:26:28',2,594,1,3),(594,6,23,'TFR_BR25000021_25_003','2025-06-09','2025-10-09','2025-08-16','2025-09-10',13.00,'2025-05-10 13:26:28','2025-05-10 13:26:28',2,595,1,5),(595,6,90,'TFR_BR25000088_25_002','2025-05-13','2025-08-13','2025-08-10','2025-08-11',21.00,'2025-05-10 13:26:28','2025-05-10 13:26:28',2,596,1,7),(596,6,45,'TFR_BR25000043_25_002','2025-05-19','2025-09-19','2025-09-10','2025-09-30',10.00,'2025-05-10 13:26:28','2025-05-10 13:26:28',2,597,1,5),(597,6,40,'TFR_BR25000038_25_004','2025-05-20','2025-08-20','2025-09-06','2025-09-12',24.00,'2025-05-10 13:26:28','2025-05-10 13:26:28',2,598,1,5),(598,6,38,'TFR_BR25000036_25_004','2025-05-29','2025-08-29','2025-11-12','2025-11-13',16.00,'2025-05-10 13:26:28','2025-05-10 13:26:28',2,599,1,7),(599,6,74,'TFR_BR25000072_25_002','2025-05-29','2025-10-29','2025-10-25','2025-11-08',10.00,'2025-05-10 13:26:29','2025-05-10 13:26:29',2,600,1,1),(600,6,32,'TFR_BR25000030_25_002','2025-05-24','2025-10-24','2025-07-13','2025-07-20',12.00,'2025-05-10 13:26:29','2025-05-10 13:26:29',2,601,1,3),(601,6,35,'TFR_BR25000033_25_006','2025-05-24','2025-08-24','2025-09-19','2025-10-13',22.00,'2025-05-10 13:26:29','2025-05-10 13:26:29',2,602,1,6),(602,6,103,'TFR_BR25000101_25_003','2025-06-03','2025-09-03','2025-07-18','2025-07-24',14.00,'2025-05-10 13:26:29','2025-05-10 13:26:29',2,603,1,6),(603,6,42,'TFR_BR25000040_25_003','2025-05-19','2025-08-19','2025-08-05','2025-08-25',11.00,'2025-05-10 13:26:29','2025-05-10 13:26:29',2,604,1,6),(604,6,114,'TFR_BR25000112_25_003','2025-05-16','2025-08-16','2025-11-11','2025-12-02',16.00,'2025-05-10 13:26:29','2025-05-10 13:26:29',2,605,1,3),(605,6,65,'TFR_BR25000063_25_003','2025-05-25','2025-08-25','2025-08-01','2025-08-16',18.00,'2025-05-10 13:26:29','2025-05-10 13:26:29',2,606,1,4),(606,6,73,'TFR_BR25000071_25_001','2025-05-18','2025-09-18','2025-11-03','2025-11-16',24.00,'2025-05-10 13:26:29','2025-05-10 13:26:29',2,607,1,4),(607,6,115,'TFR_BR25000113_25_003','2025-05-31','2025-10-31','2025-07-02','2025-07-19',21.00,'2025-05-10 13:26:29','2025-05-10 13:26:29',2,608,1,7),(608,6,45,'TFR_BR25000043_25_003','2025-05-31','2025-08-31','2025-07-05','2025-07-20',18.00,'2025-05-10 13:26:29','2025-05-10 13:26:29',2,609,1,1),(609,6,35,'TFR_BR25000033_25_007','2025-05-27','2025-10-27','2025-07-29','2025-08-24',12.00,'2025-05-10 13:26:29','2025-05-10 13:26:29',2,610,1,4),(610,6,55,'TFR_BR25000053_25_003','2025-06-01','2025-10-01','2025-11-17','2025-12-10',11.00,'2025-05-10 13:26:30','2025-05-10 13:26:30',2,611,1,2),(611,6,77,'TFR_BR25000075_25_001','2025-05-19','2025-10-19','2025-09-20','2025-09-26',15.00,'2025-05-10 13:26:30','2025-05-10 13:26:30',2,612,1,4),(612,6,25,'TFR_BR25000023_25_002','2025-05-22','2025-10-22','2025-06-28','2025-07-19',23.00,'2025-05-10 13:26:30','2025-05-10 13:26:30',2,613,1,1),(613,6,48,'TFR_BR25000046_25_001','2025-05-14','2025-09-14','2025-10-22','2025-11-19',17.00,'2025-05-10 13:26:30','2025-05-10 13:26:30',2,614,1,7),(614,6,77,'TFR_BR25000075_25_002','2025-05-22','2025-09-22','2025-08-14','2025-08-29',19.00,'2025-05-10 13:26:30','2025-05-10 13:26:30',2,615,1,4),(615,6,113,'TFR_BR25000111_25_002','2025-05-12','2025-10-12','2025-09-12','2025-10-02',17.00,'2025-05-10 13:26:30','2025-05-10 13:26:30',2,616,1,3),(616,6,29,'TFR_BR25000027_25_001','2025-06-04','2025-11-04','2025-08-31','2025-09-25',19.00,'2025-05-10 13:26:30','2025-05-10 13:26:30',2,617,1,4),(617,6,115,'TFR_BR25000113_25_004','2025-06-01','2025-11-01','2025-10-08','2025-10-12',12.00,'2025-05-10 13:26:30','2025-05-10 13:26:30',2,618,1,4),(618,6,83,'TFR_BR25000081_25_002','2025-05-22','2025-10-22','2025-11-19','2025-11-23',20.00,'2025-05-10 13:26:30','2025-05-10 13:26:30',2,619,1,6),(619,6,107,'TFR_BR25000105_25_002','2025-06-06','2025-11-06','2025-08-30','2025-09-08',11.00,'2025-05-10 13:26:31','2025-05-10 13:26:31',2,620,1,5),(620,6,110,'TFR_BR25000108_25_005','2025-05-11','2025-10-11','2025-09-04','2025-09-07',12.00,'2025-05-10 13:26:31','2025-05-10 13:26:31',2,621,1,7),(621,6,63,'TFR_BR25000061_25_001','2025-05-15','2025-10-15','2025-12-05','2025-12-23',13.00,'2025-05-10 13:26:31','2025-05-10 13:26:31',2,622,1,3),(622,6,30,'TFR_BR25000028_25_001','2025-05-25','2025-10-25','2025-09-01','2025-09-23',12.00,'2025-05-10 13:26:31','2025-05-10 13:26:31',2,623,1,2),(623,6,113,'TFR_BR25000111_25_003','2025-05-13','2025-10-13','2025-07-27','2025-08-18',21.00,'2025-05-10 13:26:31','2025-05-10 13:26:31',2,624,1,2),(624,6,70,'TFR_BR25000068_25_001','2025-05-11','2025-09-11','2025-11-16','2025-11-30',25.00,'2025-05-10 13:26:31','2025-05-10 13:26:31',2,625,1,2),(625,6,34,'TFR_BR25000032_25_001','2025-06-06','2025-10-06','2025-09-20','2025-09-25',15.00,'2025-05-10 13:26:31','2025-05-10 13:26:31',2,626,1,4),(626,6,102,'TFR_BR25000100_25_002','2025-05-24','2025-10-24','2025-07-03','2025-07-16',20.00,'2025-05-10 13:26:31','2025-05-10 13:26:31',2,627,1,7),(627,6,113,'TFR_BR25000111_25_004','2025-05-24','2025-08-24','2025-11-16','2025-12-05',25.00,'2025-05-10 13:26:31','2025-05-10 13:26:31',2,628,1,3),(628,6,107,'TFR_BR25000105_25_003','2025-05-29','2025-10-29','2025-11-30','2025-12-26',12.00,'2025-05-10 13:26:31','2025-05-10 13:26:31',2,629,1,7),(629,6,35,'TFR_BR25000033_25_008','2025-06-02','2025-11-02','2025-06-28','2025-07-11',24.00,'2025-05-10 13:26:31','2025-05-10 13:26:31',2,630,1,2),(630,6,24,'TFR_BR25000022_25_002','2025-05-26','2025-09-26','2025-09-20','2025-10-07',22.00,'2025-05-10 13:26:31','2025-05-10 13:26:31',2,631,1,4),(631,6,58,'TFR_BR25000056_25_001','2025-05-31','2025-09-30','2025-09-03','2025-09-16',21.00,'2025-05-10 13:26:31','2025-05-10 13:26:31',2,632,1,1),(632,6,60,'TFR_BR25000058_25_001','2025-05-23','2025-09-23','2025-09-26','2025-10-09',21.00,'2025-05-10 13:26:31','2025-05-10 13:26:31',2,633,1,3),(633,6,32,'TFR_BR25000030_25_003','2025-05-23','2025-09-23','2025-09-11','2025-10-10',21.00,'2025-05-10 13:26:32','2025-05-10 13:26:32',2,634,1,7),(634,6,53,'TFR_BR25000051_25_001','2025-05-14','2025-08-14','2025-10-20','2025-11-02',15.00,'2025-05-10 13:26:32','2025-05-10 13:26:32',2,635,1,5),(635,6,31,'TFR_BR25000029_25_001','2025-05-24','2025-10-24','2025-06-21','2025-06-27',18.00,'2025-05-10 13:26:32','2025-05-10 13:26:32',2,636,1,3),(636,6,38,'TFR_BR25000036_25_005','2025-05-30','2025-08-30','2025-12-13','2026-01-05',17.00,'2025-05-10 13:26:32','2025-05-10 13:26:32',2,637,1,5),(637,6,79,'TFR_BR25000077_25_002','2025-05-30','2025-08-30','2025-11-26','2025-12-02',11.00,'2025-05-10 13:26:32','2025-05-10 13:26:32',2,638,1,4),(638,6,59,'TFR_BR25000057_25_002','2025-06-07','2025-11-07','2025-09-13','2025-10-05',21.00,'2025-05-10 13:26:32','2025-05-10 13:26:32',2,639,1,4),(639,6,41,'TFR_BR25000039_25_001','2025-05-11','2025-10-11','2025-10-25','2025-10-26',11.00,'2025-05-10 13:26:32','2025-05-10 13:26:32',2,640,1,1),(640,6,111,'TFR_BR25000109_25_002','2025-05-17','2025-09-17','2025-07-12','2025-08-09',22.00,'2025-05-10 13:26:32','2025-05-10 13:26:32',2,641,1,5),(641,6,70,'TFR_BR25000068_25_002','2025-05-24','2025-09-24','2025-09-14','2025-09-30',13.00,'2025-05-10 13:26:32','2025-05-10 13:26:32',2,642,1,1),(642,6,30,'TFR_BR25000028_25_002','2025-05-14','2025-09-14','2025-06-23','2025-07-20',13.00,'2025-05-10 13:26:32','2025-05-10 13:26:32',2,643,1,2),(643,6,25,'TFR_BR25000023_25_003','2025-05-12','2025-08-12','2025-10-17','2025-11-10',17.00,'2025-05-10 13:26:32','2025-05-10 13:26:32',2,644,1,3),(644,6,110,'TFR_BR25000108_25_006','2025-05-12','2025-10-12','2025-08-03','2025-08-15',10.00,'2025-05-10 13:26:32','2025-05-10 13:26:32',2,645,1,5),(645,6,90,'TFR_BR25000088_25_003','2025-06-02','2025-10-02','2025-08-02','2025-08-16',12.00,'2025-05-10 13:26:32','2025-05-10 13:26:32',2,646,1,1),(646,6,111,'TFR_BR25000109_25_003','2025-05-14','2025-08-14','2025-09-10','2025-09-17',11.00,'2025-05-10 13:26:33','2025-05-10 13:26:33',2,647,1,6),(647,6,19,'TFR_BR25000017_25_005','2025-05-21','2025-09-21','2025-09-29','2025-10-18',24.00,'2025-05-10 13:26:33','2025-05-10 13:26:33',2,648,1,6),(648,6,110,'TFR_BR25000108_25_007','2025-06-03','2025-09-03','2025-09-05','2025-09-20',20.00,'2025-05-10 13:26:33','2025-05-10 13:26:33',2,649,1,5),(649,6,35,'TFR_BR25000033_25_009','2025-05-22','2025-10-22','2025-09-08','2025-09-26',24.00,'2025-05-10 13:26:33','2025-05-10 13:26:33',2,650,1,6),(650,6,100,'TFR_BR25000098_25_001','2025-05-23','2025-09-23','2025-12-09','2025-12-25',23.00,'2025-05-10 13:26:33','2025-05-10 13:26:33',2,651,1,1),(651,6,35,'TFR_BR25000033_25_010','2025-05-17','2025-10-17','2025-09-07','2025-10-01',11.00,'2025-05-10 13:26:33','2025-05-10 13:26:33',2,652,1,7),(652,6,104,'TFR_BR25000102_25_001','2025-05-17','2025-10-17','2025-08-18','2025-08-28',10.00,'2025-05-10 13:26:33','2025-05-10 13:26:33',2,653,1,3),(653,6,115,'TFR_BR25000113_25_005','2025-06-06','2025-10-06','2025-08-15','2025-08-22',10.00,'2025-05-10 13:26:33','2025-05-10 13:26:33',2,654,1,7),(654,6,53,'TFR_BR25000051_25_002','2025-05-24','2025-09-24','2025-10-03','2025-10-07',11.00,'2025-05-10 13:26:33','2025-05-10 13:26:33',2,655,1,7),(655,6,27,'TFR_BR25000025_25_004','2025-06-04','2025-10-04','2025-12-13','2025-12-14',16.00,'2025-05-10 13:26:33','2025-05-10 13:26:33',2,656,1,3),(656,6,78,'TFR_BR25000076_25_001','2025-05-21','2025-08-21','2025-07-14','2025-08-04',15.00,'2025-05-10 13:26:33','2025-05-10 13:26:33',2,657,1,2),(657,6,54,'TFR_BR25000052_25_003','2025-05-14','2025-10-14','2025-10-27','2025-11-08',25.00,'2025-05-10 13:26:34','2025-05-10 13:26:34',2,658,1,1),(658,6,50,'TFR_BR25000048_25_003','2025-05-26','2025-10-26','2025-07-26','2025-08-21',16.00,'2025-05-10 13:26:34','2025-05-10 13:26:34',2,659,1,5),(659,6,63,'TFR_BR25000061_25_002','2025-06-04','2025-10-04','2025-11-18','2025-11-21',25.00,'2025-05-10 13:26:34','2025-05-10 13:26:34',2,660,1,1),(660,6,84,'TFR_BR25000082_25_001','2025-05-20','2025-08-20','2025-10-05','2025-11-01',14.00,'2025-05-10 13:26:34','2025-05-10 13:26:34',2,661,1,2),(661,6,113,'TFR_BR25000111_25_005','2025-06-02','2025-09-02','2025-09-10','2025-09-15',22.00,'2025-05-10 13:26:34','2025-05-10 13:26:34',2,662,1,5),(662,6,115,'TFR_BR25000113_25_006','2025-05-20','2025-08-20','2025-09-15','2025-09-20',20.00,'2025-05-10 13:26:34','2025-05-10 13:26:34',2,663,1,1),(663,6,23,'TFR_BR25000021_25_004','2025-05-15','2025-10-15','2025-06-29','2025-07-09',23.00,'2025-05-10 13:26:34','2025-05-10 13:26:34',2,664,1,2),(664,6,115,'TFR_BR25000113_25_007','2025-06-03','2025-09-03','2025-11-12','2025-11-16',21.00,'2025-05-10 13:26:34','2025-05-10 13:26:34',2,665,1,1),(665,6,57,'TFR_BR25000055_25_002','2025-05-17','2025-09-17','2025-11-23','2025-12-11',24.00,'2025-05-10 13:26:34','2025-05-10 13:26:34',2,666,1,7),(666,6,25,'TFR_BR25000023_25_004','2025-05-20','2025-08-20','2025-12-01','2025-12-19',23.00,'2025-05-10 13:26:34','2025-05-10 13:26:34',2,667,1,7),(667,6,90,'TFR_BR25000088_25_004','2025-05-31','2025-10-31','2025-12-09','2025-12-16',19.00,'2025-05-10 13:26:35','2025-05-10 13:26:35',2,668,1,3),(668,6,100,'TFR_BR25000098_25_002','2025-06-03','2025-11-03','2025-06-26','2025-07-05',13.00,'2025-05-10 13:26:35','2025-05-10 13:26:35',2,669,1,4),(669,6,115,'TFR_BR25000113_25_008','2025-05-17','2025-10-17','2025-08-13','2025-09-08',20.00,'2025-05-10 13:26:35','2025-05-10 13:26:35',2,670,1,5),(670,6,81,'TFR_BR25000079_25_002','2025-05-31','2025-09-30','2025-08-30','2025-09-10',16.00,'2025-05-10 13:26:35','2025-05-10 13:26:35',2,671,1,4),(671,6,24,'TFR_BR25000022_25_003','2025-05-25','2025-08-25','2025-07-03','2025-07-08',25.00,'2025-05-10 13:26:35','2025-05-10 13:26:35',2,672,1,4),(672,6,100,'TFR_BR25000098_25_003','2025-05-18','2025-09-18','2025-07-21','2025-08-13',25.00,'2025-05-10 13:26:35','2025-05-10 13:26:35',2,673,1,3),(673,6,22,'TFR_BR25000020_25_001','2025-05-13','2025-10-13','2025-10-15','2025-10-25',16.00,'2025-05-10 13:26:35','2025-05-10 13:26:35',2,674,1,1),(674,6,41,'TFR_BR25000039_25_002','2025-06-06','2025-11-06','2025-10-28','2025-11-07',18.00,'2025-05-10 13:26:35','2025-05-10 13:26:35',2,675,1,3),(675,6,57,'TFR_BR25000055_25_003','2025-05-15','2025-09-15','2025-10-16','2025-11-04',20.00,'2025-05-10 13:26:35','2025-05-10 13:26:35',2,676,1,4),(676,6,25,'TFR_BR25000023_25_005','2025-05-19','2025-10-19','2025-07-10','2025-07-16',16.00,'2025-05-10 13:26:36','2025-05-10 13:26:36',2,677,1,3),(677,6,69,'TFR_BR25000067_25_001','2025-05-18','2025-09-18','2025-10-06','2025-10-08',14.00,'2025-05-10 13:26:36','2025-05-10 13:26:36',2,678,1,5),(678,6,107,'TFR_BR25000105_25_004','2025-05-28','2025-10-28','2025-10-15','2025-11-07',17.00,'2025-05-10 13:26:36','2025-05-10 13:26:36',2,679,1,6),(679,6,38,'TFR_BR25000036_25_006','2025-05-24','2025-08-24','2025-09-08','2025-09-23',12.00,'2025-05-10 13:26:36','2025-05-10 13:26:36',2,680,1,2),(680,6,100,'TFR_BR25000098_25_004','2025-05-21','2025-09-21','2025-08-08','2025-08-16',12.00,'2025-05-10 13:26:36','2025-05-10 13:26:36',2,681,1,7),(681,6,84,'TFR_BR25000082_25_002','2025-05-16','2025-09-16','2025-06-24','2025-07-18',16.00,'2025-05-10 13:26:36','2025-05-10 13:26:36',2,682,1,4),(682,6,80,'TFR_BR25000078_25_004','2025-06-08','2025-10-08','2025-08-12','2025-08-19',22.00,'2025-05-10 13:26:36','2025-05-10 13:26:36',2,683,1,1),(683,6,60,'TFR_BR25000058_25_002','2025-06-09','2025-10-09','2025-08-31','2025-09-20',14.00,'2025-05-10 13:26:36','2025-05-10 13:26:36',2,684,1,5),(684,6,105,'TFR_BR25000103_25_004','2025-05-20','2025-09-20','2025-07-10','2025-07-27',13.00,'2025-05-10 13:26:36','2025-05-10 13:26:36',2,685,1,6),(685,6,97,'TFR_BR25000095_25_001','2025-06-05','2025-11-05','2025-08-22','2025-09-19',25.00,'2025-05-10 13:26:37','2025-05-10 13:26:37',2,686,1,3),(686,6,109,'TFR_BR25000107_25_001','2025-06-08','2025-10-08','2025-09-04','2025-09-30',19.00,'2025-05-10 13:26:37','2025-05-10 13:26:37',2,687,1,2),(687,6,49,'TFR_BR25000047_25_001','2025-05-23','2025-08-23','2025-06-30','2025-07-18',15.00,'2025-05-10 13:26:37','2025-05-10 13:26:37',2,688,1,1),(688,6,108,'TFR_BR25000106_25_002','2025-05-20','2025-09-20','2025-06-23','2025-07-04',24.00,'2025-05-10 13:26:37','2025-05-10 13:26:37',2,689,1,7),(689,6,19,'TFR_BR25000017_25_006','2025-05-31','2025-08-31','2025-12-01','2025-12-03',13.00,'2025-05-10 13:26:37','2025-05-10 13:26:37',2,690,1,1),(690,6,70,'TFR_BR25000068_25_003','2025-06-06','2025-11-06','2025-09-17','2025-09-23',14.00,'2025-05-10 13:26:37','2025-05-10 13:26:37',2,691,1,4),(691,6,91,'TFR_BR25000089_25_002','2025-05-27','2025-08-27','2025-11-01','2025-11-24',22.00,'2025-05-10 13:26:38','2025-05-10 13:26:38',2,692,1,2),(692,6,19,'TFR_BR25000017_25_007','2025-06-08','2025-10-08','2025-08-01','2025-08-07',10.00,'2025-05-10 13:26:38','2025-05-10 13:26:38',2,693,1,4),(693,6,65,'TFR_BR25000063_25_004','2025-05-18','2025-10-18','2025-12-04','2025-12-23',15.00,'2025-05-10 13:26:38','2025-05-10 13:26:38',2,694,1,3),(694,6,26,'TFR_BR25000024_25_001','2025-05-26','2025-08-26','2025-12-04','2025-12-23',12.00,'2025-05-10 13:26:38','2025-05-10 13:26:38',2,695,1,6),(695,6,54,'TFR_BR25000052_25_004','2025-05-22','2025-10-22','2025-11-22','2025-11-30',23.00,'2025-05-10 13:26:38','2025-05-10 13:26:38',2,696,1,1),(696,6,105,'TFR_BR25000103_25_005','2025-06-02','2025-11-02','2025-09-20','2025-09-30',19.00,'2025-05-10 13:26:38','2025-05-10 13:26:38',2,697,1,7),(697,6,50,'TFR_BR25000048_25_004','2025-05-15','2025-09-15','2025-12-12','2026-01-06',14.00,'2025-05-10 13:26:38','2025-05-10 13:26:38',2,698,1,3),(698,6,32,'TFR_BR25000030_25_004','2025-05-13','2025-10-13','2025-08-18','2025-08-22',16.00,'2025-05-10 13:26:38','2025-05-10 13:26:38',2,699,1,2),(699,6,86,'TFR_BR25000084_25_001','2025-05-21','2025-08-21','2025-10-25','2025-10-29',13.00,'2025-05-10 13:26:38','2025-05-10 13:26:38',2,700,1,6),(700,6,61,'TFR_BR25000059_25_001','2025-06-07','2025-10-07','2025-09-29','2025-10-07',18.00,'2025-05-10 13:26:39','2025-05-10 13:26:39',2,701,1,2),(701,6,63,'TFR_BR25000061_25_003','2025-05-28','2025-08-28','2025-10-20','2025-11-15',16.00,'2025-05-10 13:26:39','2025-05-10 13:26:39',2,702,1,6),(702,6,108,'TFR_BR25000106_25_003','2025-05-18','2025-10-18','2025-10-26','2025-11-13',14.00,'2025-05-10 13:26:39','2025-05-10 13:26:39',2,703,1,1),(703,6,38,'TFR_BR25000036_25_007','2025-05-28','2025-08-28','2025-09-23','2025-10-05',17.00,'2025-05-10 13:26:39','2025-05-10 13:26:39',2,704,1,1),(704,6,46,'TFR_BR25000044_25_001','2025-05-31','2025-08-31','2025-09-15','2025-09-22',21.00,'2025-05-10 13:26:39','2025-05-10 13:26:39',2,705,1,2),(705,6,24,'TFR_BR25000022_25_004','2025-06-09','2025-09-09','2025-11-17','2025-12-12',14.00,'2025-05-10 13:26:39','2025-05-10 13:26:39',2,706,1,7),(706,6,36,'TFR_BR25000034_25_001','2025-06-01','2025-09-01','2025-10-27','2025-11-12',18.00,'2025-05-10 13:26:39','2025-05-10 13:26:39',2,707,1,1),(707,6,78,'TFR_BR25000076_25_002','2025-06-08','2025-10-08','2025-07-05','2025-07-07',14.00,'2025-05-10 13:26:39','2025-05-10 13:26:39',2,708,1,2),(708,6,28,'TFR_BR25000026_25_001','2025-05-18','2025-08-18','2025-08-08','2025-08-31',19.00,'2025-05-10 13:26:39','2025-05-10 13:26:39',2,709,1,1),(709,6,57,'TFR_BR25000055_25_004','2025-05-29','2025-10-29','2025-07-09','2025-07-28',23.00,'2025-05-10 13:26:39','2025-05-10 13:26:39',2,710,1,5),(710,6,19,'TFR_BR25000017_25_008','2025-05-28','2025-10-28','2025-10-24','2025-11-19',16.00,'2025-05-10 13:26:40','2025-05-10 13:26:40',2,711,1,7),(711,6,70,'TFR_BR25000068_25_004','2025-06-03','2025-10-03','2025-07-22','2025-08-05',10.00,'2025-05-10 13:26:40','2025-05-10 13:26:40',2,712,1,7),(712,6,28,'TFR_BR25000026_25_002','2025-06-01','2025-09-01','2025-11-10','2025-11-28',17.00,'2025-05-10 13:26:40','2025-05-10 13:26:40',2,713,1,6),(713,6,115,'TFR_BR25000113_25_009','2025-06-01','2025-09-01','2025-09-08','2025-09-27',14.00,'2025-05-10 13:26:40','2025-05-10 13:26:40',2,714,1,1),(714,6,65,'TFR_BR25000063_25_005','2025-05-17','2025-09-17','2025-11-17','2025-11-26',17.00,'2025-05-10 13:26:40','2025-05-10 13:26:40',2,715,1,2),(715,6,105,'TFR_BR25000103_25_006','2025-05-21','2025-09-21','2025-11-14','2025-12-02',14.00,'2025-05-10 13:26:40','2025-05-10 13:26:40',2,716,1,5),(716,6,49,'TFR_BR25000047_25_002','2025-06-01','2025-09-01','2025-10-06','2025-10-07',23.00,'2025-05-10 13:26:40','2025-05-10 13:26:40',2,717,1,6),(717,6,53,'TFR_BR25000051_25_003','2025-05-24','2025-10-24','2025-09-25','2025-10-07',12.00,'2025-05-10 13:26:40','2025-05-10 13:26:40',2,718,1,6),(718,6,32,'TFR_BR25000030_25_005','2025-06-04','2025-10-04','2025-11-26','2025-12-23',18.00,'2025-05-10 13:26:40','2025-05-10 13:26:40',2,719,1,6),(719,6,70,'TFR_BR25000068_25_005','2025-05-28','2025-09-28','2025-11-13','2025-11-23',14.00,'2025-05-10 13:26:41','2025-05-10 13:26:41',2,720,1,6),(720,6,24,'TFR_BR25000022_25_005','2025-05-26','2025-08-26','2025-08-30','2025-09-26',18.00,'2025-05-10 13:26:41','2025-05-10 13:26:41',2,721,1,1),(721,6,70,'TFR_BR25000068_25_006','2025-05-23','2025-09-23','2025-09-23','2025-10-07',14.00,'2025-05-10 13:26:41','2025-05-10 13:26:41',2,722,1,4),(722,6,100,'TFR_BR25000098_25_005','2025-06-02','2025-09-02','2025-09-12','2025-09-29',21.00,'2025-05-10 13:26:41','2025-05-10 13:26:41',2,723,1,7),(723,6,17,'TFR_BR25000015_25_001','2025-06-03','2025-10-03','2025-11-02','2025-11-16',13.00,'2025-05-10 13:26:41','2025-05-10 13:26:41',2,724,1,3),(724,6,73,'TFR_BR25000071_25_002','2025-06-09','2025-11-09','2025-08-19','2025-09-06',12.00,'2025-05-10 13:26:41','2025-05-10 13:26:41',2,725,1,7),(725,6,84,'TFR_BR25000082_25_003','2025-05-11','2025-09-11','2025-09-03','2025-09-19',20.00,'2025-05-10 13:26:41','2025-05-10 13:26:41',2,726,1,4),(726,6,108,'TFR_BR25000106_25_004','2025-05-30','2025-10-30','2025-07-06','2025-08-02',12.00,'2025-05-10 13:26:42','2025-05-10 13:26:42',2,727,1,7),(727,6,34,'TFR_BR25000032_25_002','2025-05-15','2025-08-15','2025-07-22','2025-08-19',24.00,'2025-05-10 13:26:42','2025-05-10 13:26:42',2,728,1,2),(728,6,100,'TFR_BR25000098_25_006','2025-06-02','2025-11-02','2025-10-12','2025-11-08',17.00,'2025-05-10 13:26:42','2025-05-10 13:26:42',2,729,1,3),(729,6,32,'TFR_BR25000030_25_006','2025-05-22','2025-09-22','2025-10-10','2025-10-31',22.00,'2025-05-10 13:26:42','2025-05-10 13:26:42',2,730,1,2),(730,6,56,'TFR_BR25000054_25_001','2025-05-22','2025-10-22','2025-07-29','2025-08-23',20.00,'2025-05-10 13:26:42','2025-05-10 13:26:42',2,731,1,7),(731,6,63,'TFR_BR25000061_25_004','2025-05-16','2025-08-16','2025-07-26','2025-08-23',23.00,'2025-05-10 13:26:42','2025-05-10 13:26:42',2,732,1,1),(732,6,114,'TFR_BR25000112_25_004','2025-05-22','2025-10-22','2025-08-24','2025-09-01',14.00,'2025-05-10 13:26:42','2025-05-10 13:26:42',2,733,1,3),(733,6,25,'TFR_BR25000023_25_006','2025-05-24','2025-10-24','2025-07-24','2025-08-08',22.00,'2025-05-10 13:26:43','2025-05-10 13:26:43',2,734,1,3),(734,6,100,'TFR_BR25000098_25_007','2025-05-11','2025-08-11','2025-11-23','2025-12-13',18.00,'2025-05-10 13:26:43','2025-05-10 13:26:43',2,735,1,7),(735,6,65,'TFR_BR25000063_25_006','2025-06-07','2025-09-07','2025-11-06','2025-12-02',19.00,'2025-05-10 13:26:43','2025-05-10 13:26:43',2,736,1,5),(736,6,89,'TFR_BR25000087_25_003','2025-05-22','2025-08-22','2025-08-03','2025-08-10',20.00,'2025-05-10 13:26:43','2025-05-10 13:26:43',2,737,1,1),(737,6,42,'TFR_BR25000040_25_004','2025-05-24','2025-10-24','2025-12-02','2025-12-19',18.00,'2025-05-10 13:26:43','2025-05-10 13:26:43',2,738,1,7),(738,6,91,'TFR_BR25000089_25_003','2025-05-15','2025-09-15','2025-11-20','2025-11-23',14.00,'2025-05-10 13:26:43','2025-05-10 13:26:43',2,739,1,1),(739,6,90,'TFR_BR25000088_25_005','2025-06-03','2025-09-03','2025-09-15','2025-10-07',10.00,'2025-05-10 13:26:44','2025-05-10 13:26:44',2,740,1,6),(740,6,80,'TFR_BR25000078_25_005','2025-05-23','2025-08-23','2025-11-25','2025-12-07',17.00,'2025-05-10 13:26:44','2025-05-10 13:26:44',2,741,1,5),(741,6,100,'TFR_BR25000098_25_008','2025-06-03','2025-10-03','2025-12-04','2025-12-27',18.00,'2025-05-10 13:26:44','2025-05-10 13:26:44',2,742,1,6),(742,6,100,'TFR_BR25000098_25_009','2025-05-29','2025-09-29','2025-06-23','2025-07-14',11.00,'2025-05-10 13:26:44','2025-05-10 13:26:44',2,743,1,2),(743,6,88,'TFR_BR25000086_25_001','2025-05-16','2025-10-16','2025-08-10','2025-08-13',11.00,'2025-05-10 13:26:44','2025-05-10 13:26:44',2,744,1,4),(744,6,70,'TFR_BR25000068_25_007','2025-06-03','2025-09-03','2025-08-24','2025-09-03',18.00,'2025-05-10 13:26:44','2025-05-10 13:26:44',2,745,1,6),(745,6,45,'TFR_BR25000043_25_004','2025-06-06','2025-11-06','2025-12-07','2025-12-19',24.00,'2025-05-10 13:26:44','2025-05-10 13:26:44',2,746,1,5),(746,6,105,'TFR_BR25000103_25_007','2025-05-27','2025-09-27','2025-10-16','2025-10-17',23.00,'2025-05-10 13:26:44','2025-05-10 13:26:44',2,747,1,1),(747,6,99,'TFR_BR25000097_25_003','2025-06-06','2025-09-06','2025-09-06','2025-10-04',19.00,'2025-05-10 13:26:44','2025-05-10 13:26:44',2,748,1,7),(748,6,41,'TFR_BR25000039_25_003','2025-05-31','2025-08-31','2025-07-26','2025-08-10',19.00,'2025-05-10 13:26:44','2025-05-10 13:26:44',2,749,1,6),(749,6,36,'TFR_BR25000034_25_002','2025-05-31','2025-09-30','2025-10-22','2025-11-11',19.00,'2025-05-10 13:26:45','2025-05-10 13:26:45',2,750,1,1),(750,6,94,'TFR_BR25000092_25_001','2025-06-09','2025-11-09','2025-11-18','2025-12-13',24.00,'2025-05-10 13:26:45','2025-05-10 13:26:45',2,751,1,6),(751,6,90,'TFR_BR25000088_25_006','2025-05-24','2025-08-24','2025-07-14','2025-07-21',25.00,'2025-05-10 13:26:45','2025-05-10 13:26:45',2,752,1,1),(752,6,60,'TFR_BR25000058_25_003','2025-06-08','2025-09-08','2025-07-18','2025-08-03',14.00,'2025-05-10 13:26:45','2025-05-10 13:26:45',2,753,1,7),(753,6,105,'TFR_BR25000103_25_008','2025-05-26','2025-09-26','2025-08-24','2025-09-23',11.00,'2025-05-10 13:26:45','2025-05-10 13:26:45',2,754,1,2),(754,6,49,'TFR_BR25000047_25_003','2025-05-29','2025-09-29','2025-08-18','2025-08-29',12.00,'2025-05-10 13:26:45','2025-05-10 13:26:45',2,755,1,3),(755,6,73,'TFR_BR25000071_25_003','2025-05-31','2025-10-31','2025-10-01','2025-10-25',13.00,'2025-05-10 13:26:46','2025-05-10 13:26:46',2,756,1,1),(756,6,74,'TFR_BR25000072_25_003','2025-05-26','2025-10-26','2025-11-23','2025-12-21',11.00,'2025-05-10 13:26:46','2025-05-10 13:26:46',2,757,1,4),(757,6,115,'TFR_BR25000113_25_010','2025-06-02','2025-10-02','2025-10-07','2025-10-15',25.00,'2025-05-10 13:26:46','2025-05-10 13:26:46',2,758,1,4),(758,6,70,'TFR_BR25000068_25_008','2025-05-27','2025-08-27','2025-09-07','2025-09-23',22.00,'2025-05-10 13:26:46','2025-05-10 13:26:46',2,759,1,4),(759,6,32,'TFR_BR25000030_25_007','2025-06-05','2025-09-05','2025-08-28','2025-09-22',18.00,'2025-05-10 13:26:46','2025-05-10 13:26:46',2,760,1,2),(760,6,65,'TFR_BR25000063_25_007','2025-06-01','2025-10-01','2025-10-02','2025-10-17',23.00,'2025-05-10 13:26:46','2025-05-10 13:26:46',2,761,1,6),(761,6,56,'TFR_BR25000054_25_002','2025-06-06','2025-10-06','2025-10-30','2025-10-31',10.00,'2025-05-10 13:26:46','2025-05-10 13:26:46',2,762,1,3),(762,6,27,'TFR_BR25000025_25_005','2025-05-29','2025-10-29','2025-12-07','2025-12-28',15.00,'2025-05-10 13:26:47','2025-05-10 13:26:47',2,763,1,2),(763,6,80,'TFR_BR25000078_25_006','2025-05-27','2025-10-27','2025-09-19','2025-09-27',16.00,'2025-05-10 13:26:47','2025-05-10 13:26:47',2,764,1,7),(764,6,81,'TFR_BR25000079_25_003','2025-05-18','2025-09-18','2025-10-26','2025-11-04',20.00,'2025-05-10 13:26:47','2025-05-10 13:26:47',2,765,1,6),(765,6,24,'TFR_BR25000022_25_006','2025-06-03','2025-11-03','2025-06-23','2025-07-12',23.00,'2025-05-10 13:26:47','2025-05-10 13:26:47',2,766,1,4),(766,6,90,'TFR_BR25000088_25_007','2025-06-01','2025-09-01','2025-12-10','2025-12-18',12.00,'2025-05-10 13:26:47','2025-05-10 13:26:47',2,767,1,2),(767,6,90,'TFR_BR25000088_25_008','2025-05-23','2025-08-23','2025-10-31','2025-11-13',19.00,'2025-05-10 13:26:47','2025-05-10 13:26:47',2,768,1,5),(768,6,50,'TFR_BR25000048_25_005','2025-06-04','2025-11-04','2025-11-15','2025-11-24',19.00,'2025-05-10 13:26:48','2025-05-10 13:26:48',2,769,1,3),(769,6,69,'TFR_BR25000067_25_002','2025-06-09','2025-09-09','2025-11-26','2025-12-02',25.00,'2025-05-10 13:26:48','2025-05-10 13:26:48',2,770,1,1),(770,6,97,'TFR_BR25000095_25_002','2025-05-24','2025-08-24','2025-12-09','2025-12-11',14.00,'2025-05-10 13:26:48','2025-05-10 13:26:48',2,771,1,1),(771,6,36,'TFR_BR25000034_25_003','2025-05-31','2025-09-30','2025-07-11','2025-08-04',18.00,'2025-05-10 13:26:48','2025-05-10 13:26:48',2,772,1,3),(772,6,100,'TFR_BR25000098_25_010','2025-06-04','2025-09-04','2025-10-29','2025-11-19',18.00,'2025-05-10 13:26:48','2025-05-10 13:26:48',2,773,1,2),(773,6,19,'TFR_BR25000017_25_009','2025-05-26','2025-10-26','2025-08-08','2025-08-11',19.00,'2025-05-10 13:26:48','2025-05-10 13:26:48',2,774,1,1),(774,6,40,'TFR_BR25000038_25_005','2025-06-02','2025-09-02','2025-07-24','2025-08-05',14.00,'2025-05-10 13:26:48','2025-05-10 13:26:48',2,775,1,1),(775,6,90,'TFR_BR25000088_25_009','2025-05-16','2025-08-16','2025-07-12','2025-08-01',25.00,'2025-05-10 13:26:49','2025-05-10 13:26:49',2,776,1,7),(776,6,68,'TFR_BR25000066_25_001','2025-05-20','2025-09-20','2025-06-27','2025-07-01',13.00,'2025-05-10 13:26:49','2025-05-10 13:26:49',2,777,1,6),(777,6,42,'TFR_BR25000040_25_005','2025-05-23','2025-08-23','2025-11-15','2025-12-06',20.00,'2025-05-10 13:26:49','2025-05-10 13:26:49',2,778,1,5),(778,6,24,'TFR_BR25000022_25_007','2025-05-25','2025-10-25','2025-12-17','2026-01-16',10.00,'2025-05-10 13:26:49','2025-05-10 13:26:49',2,779,1,1),(779,6,28,'TFR_BR25000026_25_003','2025-06-06','2025-11-06','2025-09-23','2025-10-22',25.00,'2025-05-10 13:26:49','2025-05-10 13:26:49',2,780,1,3),(780,6,87,'TFR_BR25000085_25_002','2025-05-20','2025-10-20','2025-10-11','2025-11-03',15.00,'2025-05-10 13:26:49','2025-05-10 13:26:49',2,781,1,4),(781,6,53,'TFR_BR25000051_25_004','2025-06-08','2025-11-08','2025-09-28','2025-10-25',17.00,'2025-05-10 13:26:50','2025-05-10 13:26:50',2,782,1,3),(782,6,83,'TFR_BR25000081_25_003','2025-06-09','2025-10-09','2025-11-26','2025-11-30',10.00,'2025-05-10 13:26:50','2025-05-10 13:26:50',2,783,1,4),(783,6,61,'TFR_BR25000059_25_002','2025-05-15','2025-09-15','2025-11-05','2025-12-05',11.00,'2025-05-10 13:26:50','2025-05-10 13:26:50',2,784,1,3),(784,6,77,'TFR_BR25000075_25_003','2025-06-09','2025-09-09','2025-07-20','2025-08-05',20.00,'2025-05-10 13:26:50','2025-05-10 13:26:50',2,785,1,2),(785,6,69,'TFR_BR25000067_25_003','2025-05-16','2025-09-16','2025-09-24','2025-10-16',23.00,'2025-05-10 13:26:50','2025-05-10 13:26:50',2,786,1,6),(786,6,107,'TFR_BR25000105_25_005','2025-05-20','2025-08-20','2025-07-19','2025-08-17',25.00,'2025-05-10 13:26:50','2025-05-10 13:26:50',2,787,1,3),(787,6,81,'TFR_BR25000079_25_004','2025-06-07','2025-09-07','2025-07-25','2025-08-15',19.00,'2025-05-10 13:26:51','2025-05-10 13:26:51',2,788,1,4),(788,6,90,'TFR_BR25000088_25_010','2025-05-30','2025-08-30','2025-09-18','2025-10-05',24.00,'2025-05-10 13:26:51','2025-05-10 13:26:51',2,789,1,5),(789,6,107,'TFR_BR25000105_25_006','2025-05-30','2025-10-30','2025-12-02','2025-12-24',23.00,'2025-05-10 13:26:51','2025-05-10 13:26:51',2,790,1,3),(790,6,41,'TFR_BR25000039_25_004','2025-05-31','2025-10-31','2025-07-03','2025-07-31',13.00,'2025-05-10 13:26:51','2025-05-10 13:26:51',2,791,1,7),(791,6,55,'TFR_BR25000053_25_004','2025-05-20','2025-10-20','2025-10-09','2025-10-23',16.00,'2025-05-10 13:26:51','2025-05-10 13:26:51',2,792,1,6),(792,6,98,'TFR_BR25000096_25_003','2025-05-23','2025-09-23','2025-11-23','2025-12-09',13.00,'2025-05-10 13:26:51','2025-05-10 13:26:51',2,793,1,2),(793,6,35,'TFR_BR25000033_25_011','2025-06-05','2025-09-05','2025-09-15','2025-09-22',20.00,'2025-05-10 13:26:52','2025-05-10 13:26:52',2,794,1,3),(794,6,113,'TFR_BR25000111_25_006','2025-05-31','2025-10-31','2025-11-14','2025-11-30',14.00,'2025-05-10 13:26:52','2025-05-10 13:26:52',2,795,1,4),(795,6,53,'TFR_BR25000051_25_005','2025-05-22','2025-09-22','2025-10-11','2025-11-08',22.00,'2025-05-10 13:26:52','2025-05-10 13:26:52',2,796,1,3),(796,6,77,'TFR_BR25000075_25_004','2025-05-15','2025-09-15','2025-10-20','2025-10-23',22.00,'2025-05-10 13:26:52','2025-05-10 13:26:52',2,797,1,4),(797,6,90,'TFR_BR25000088_25_011','2025-05-24','2025-09-24','2025-09-18','2025-10-06',18.00,'2025-05-10 13:26:52','2025-05-10 13:26:52',2,798,1,1),(798,6,59,'TFR_BR25000057_25_003','2025-05-15','2025-09-15','2025-09-13','2025-10-07',10.00,'2025-05-10 13:26:52','2025-05-10 13:26:52',2,799,1,1),(799,6,110,'TFR_BR25000108_25_008','2025-05-27','2025-08-27','2025-11-20','2025-11-24',18.00,'2025-05-10 13:26:53','2025-05-10 13:26:53',2,800,1,6),(800,6,19,'TFR_BR25000017_25_010','2025-05-20','2025-09-20','2025-11-19','2025-11-25',16.00,'2025-05-10 13:26:53','2025-05-10 13:26:53',2,801,1,1),(801,6,70,'TFR_BR25000068_25_009','2025-05-30','2025-09-30','2025-10-16','2025-11-02',13.00,'2025-05-10 13:26:53','2025-05-10 13:26:53',2,802,1,7),(802,6,91,'TFR_BR25000089_25_004','2025-06-03','2025-09-03','2025-10-31','2025-11-08',25.00,'2025-05-10 13:26:53','2025-05-10 13:26:53',2,803,1,4),(803,6,99,'TFR_BR25000097_25_004','2025-05-31','2025-08-31','2025-10-30','2025-11-17',10.00,'2025-05-10 13:26:53','2025-05-10 13:26:53',2,804,1,4),(804,6,66,'TFR_BR25000064_25_001','2025-06-01','2025-10-01','2025-09-07','2025-09-14',13.00,'2025-05-10 13:26:54','2025-05-10 13:26:54',2,805,1,6),(805,6,103,'TFR_BR25000101_25_004','2025-05-25','2025-09-25','2025-12-17','2025-12-24',17.00,'2025-05-10 13:26:54','2025-05-10 13:26:54',2,806,1,6),(806,6,64,'TFR_BR25000062_25_001','2025-05-18','2025-10-18','2025-10-22','2025-11-08',19.00,'2025-05-10 13:26:54','2025-05-10 13:26:54',2,807,1,3),(807,6,58,'TFR_BR25000056_25_002','2025-05-19','2025-09-19','2025-09-06','2025-09-09',23.00,'2025-05-10 13:26:54','2025-05-10 13:26:54',2,808,1,4),(808,6,90,'TFR_BR25000088_25_012','2025-05-29','2025-09-29','2025-07-07','2025-07-29',15.00,'2025-05-10 13:26:55','2025-05-10 13:26:55',2,809,1,4),(809,6,41,'TFR_BR25000039_25_005','2025-05-19','2025-10-19','2025-07-20','2025-07-31',11.00,'2025-05-10 13:26:55','2025-05-10 13:26:55',2,810,1,7),(810,6,93,'TFR_BR25000091_25_001','2025-06-02','2025-09-02','2025-09-25','2025-10-13',20.00,'2025-05-10 13:26:55','2025-05-10 13:26:55',2,811,1,1),(811,6,70,'TFR_BR25000068_25_010','2025-05-23','2025-10-23','2025-07-27','2025-08-24',20.00,'2025-05-10 13:26:55','2025-05-10 13:26:55',2,812,1,4),(812,6,24,'TFR_BR25000022_25_008','2025-05-16','2025-08-16','2025-08-30','2025-09-23',16.00,'2025-05-10 13:26:56','2025-05-10 13:26:56',2,813,1,4),(813,6,101,'TFR_BR25000099_25_002','2025-05-11','2025-09-11','2025-08-25','2025-08-31',15.00,'2025-05-10 13:26:56','2025-05-10 13:26:56',2,814,1,1),(814,6,27,'TFR_BR25000025_25_006','2025-05-18','2025-10-18','2025-10-14','2025-10-30',24.00,'2025-05-10 13:26:56','2025-05-10 13:26:56',2,815,1,7),(815,6,71,'TFR_BR25000069_25_002','2025-05-17','2025-08-17','2025-07-12','2025-07-13',11.00,'2025-05-10 13:26:56','2025-05-10 13:26:56',2,816,1,2),(816,6,93,'TFR_BR25000091_25_002','2025-06-04','2025-10-04','2025-10-20','2025-11-06',12.00,'2025-05-10 13:26:56','2025-05-10 13:26:56',2,817,1,4),(817,6,70,'TFR_BR25000068_25_011','2025-06-03','2025-09-03','2025-06-23','2025-07-16',17.00,'2025-05-10 13:26:56','2025-05-10 13:26:56',2,818,1,6),(818,6,35,'TFR_BR25000033_25_012','2025-06-04','2025-11-04','2025-06-27','2025-07-02',24.00,'2025-05-10 13:26:56','2025-05-10 13:26:56',2,819,1,2),(819,6,50,'TFR_BR25000048_25_006','2025-05-26','2025-10-26','2025-07-15','2025-07-27',18.00,'2025-05-10 13:26:57','2025-05-10 13:26:57',2,820,1,1),(820,6,18,'TFR_BR25000016_25_001','2025-06-03','2025-09-03','2025-10-04','2025-10-21',16.00,'2025-05-10 13:26:57','2025-05-10 13:26:57',2,821,1,6),(821,6,100,'TFR_BR25000098_25_011','2025-06-05','2025-09-05','2025-09-21','2025-10-07',20.00,'2025-05-10 13:26:57','2025-05-10 13:26:57',2,822,1,4),(822,6,89,'TFR_BR25000087_25_004','2025-06-03','2025-11-03','2025-11-14','2025-12-14',16.00,'2025-05-10 13:26:57','2025-05-10 13:26:57',2,823,1,3),(823,6,90,'TFR_BR25000088_25_013','2025-06-05','2025-09-05','2025-09-21','2025-10-01',11.00,'2025-05-10 13:26:57','2025-05-10 13:26:57',2,824,1,1),(824,6,84,'TFR_BR25000082_25_004','2025-05-17','2025-09-17','2025-07-16','2025-08-05',24.00,'2025-05-10 13:26:57','2025-05-10 13:26:57',2,825,1,4),(825,6,80,'TFR_BR25000078_25_007','2025-05-15','2025-09-15','2025-07-21','2025-07-30',22.00,'2025-05-10 13:26:57','2025-05-10 13:26:57',2,826,1,3),(826,6,35,'TFR_BR25000033_25_013','2025-05-29','2025-08-29','2025-09-03','2025-09-17',10.00,'2025-05-10 13:26:58','2025-05-10 13:26:58',2,827,1,7),(827,6,64,'TFR_BR25000062_25_002','2025-05-16','2025-10-16','2025-09-30','2025-10-13',25.00,'2025-05-10 13:26:58','2025-05-10 13:26:58',2,828,1,6),(828,6,58,'TFR_BR25000056_25_003','2025-05-23','2025-09-23','2025-10-02','2025-10-26',16.00,'2025-05-10 13:26:58','2025-05-10 13:26:58',2,829,1,3),(829,6,77,'TFR_BR25000075_25_005','2025-05-16','2025-08-16','2025-07-26','2025-08-13',14.00,'2025-05-10 13:26:58','2025-05-10 13:26:58',2,830,1,2),(830,6,102,'TFR_BR25000100_25_003','2025-05-26','2025-09-26','2025-08-03','2025-08-20',11.00,'2025-05-10 13:26:58','2025-05-10 13:26:58',2,831,1,6),(831,6,103,'TFR_BR25000101_25_005','2025-05-20','2025-08-20','2025-10-11','2025-10-13',21.00,'2025-05-10 13:26:58','2025-05-10 13:26:58',2,832,1,5),(832,6,83,'TFR_BR25000081_25_004','2025-05-30','2025-08-30','2025-08-31','2025-09-17',16.00,'2025-05-10 13:26:58','2025-05-10 13:26:58',2,833,1,5),(833,6,19,'TFR_BR25000017_25_011','2025-05-31','2025-09-30','2025-07-11','2025-07-30',10.00,'2025-05-10 13:26:58','2025-05-10 13:26:58',2,834,1,4),(834,6,68,'TFR_BR25000066_25_002','2025-05-20','2025-10-20','2025-08-26','2025-09-08',23.00,'2025-05-10 13:26:59','2025-05-10 13:26:59',2,835,1,3),(835,6,76,'TFR_BR25000074_25_001','2025-05-13','2025-09-13','2025-09-22','2025-09-29',16.00,'2025-05-10 13:26:59','2025-05-10 13:26:59',2,836,1,1),(836,6,112,'TFR_BR25000110_25_002','2025-05-22','2025-08-22','2025-09-17','2025-10-12',15.00,'2025-05-10 13:26:59','2025-05-10 13:26:59',2,837,1,3),(837,6,63,'TFR_BR25000061_25_005','2025-05-31','2025-08-31','2025-11-27','2025-12-13',14.00,'2025-05-10 13:26:59','2025-05-10 13:26:59',2,838,1,7),(838,6,31,'TFR_BR25000029_25_002','2025-06-04','2025-09-04','2025-12-12','2025-12-16',17.00,'2025-05-10 13:26:59','2025-05-10 13:26:59',2,839,1,4),(839,6,105,'TFR_BR25000103_25_009','2025-06-06','2025-10-06','2025-07-24','2025-07-25',17.00,'2025-05-10 13:26:59','2025-05-10 13:26:59',2,840,1,6),(840,6,25,'TFR_BR25000023_25_007','2025-06-09','2025-10-09','2025-06-22','2025-07-15',22.00,'2025-05-10 13:26:59','2025-05-10 13:26:59',2,841,1,1),(841,6,35,'TFR_BR25000033_25_014','2025-06-07','2025-09-07','2025-09-18','2025-10-08',14.00,'2025-05-10 13:26:59','2025-05-10 13:26:59',2,842,1,2),(842,6,59,'TFR_BR25000057_25_004','2025-05-15','2025-09-15','2025-09-10','2025-09-11',16.00,'2025-05-10 13:27:00','2025-05-10 13:27:00',2,843,1,6),(843,6,26,'TFR_BR25000024_25_002','2025-05-18','2025-09-18','2025-11-06','2025-11-11',25.00,'2025-05-10 13:27:00','2025-05-10 13:27:00',2,844,1,2),(844,6,35,'TFR_BR25000033_25_015','2025-05-31','2025-08-31','2025-09-17','2025-10-07',19.00,'2025-05-10 13:27:00','2025-05-10 13:27:00',2,845,1,5),(845,6,34,'TFR_BR25000032_25_003','2025-05-31','2025-09-30','2025-07-19','2025-08-14',18.00,'2025-05-10 13:27:00','2025-05-10 13:27:00',2,846,1,6),(846,6,110,'TFR_BR25000108_25_009','2025-05-11','2025-09-11','2025-08-18','2025-08-27',15.00,'2025-05-10 13:27:00','2025-05-10 13:27:00',2,847,1,7),(847,6,44,'TFR_BR25000042_25_003','2025-06-07','2025-11-07','2025-07-14','2025-08-08',17.00,'2025-05-10 13:27:00','2025-05-10 13:27:00',2,848,1,2),(848,6,36,'TFR_BR25000034_25_004','2025-05-28','2025-09-28','2025-10-22','2025-10-30',15.00,'2025-05-10 13:27:00','2025-05-10 13:27:00',2,849,1,1),(849,6,63,'TFR_BR25000061_25_006','2025-05-31','2025-09-30','2025-06-28','2025-07-21',13.00,'2025-05-10 13:27:00','2025-05-10 13:27:00',2,850,1,2),(850,6,100,'TFR_BR25000098_25_012','2025-05-31','2025-10-31','2025-07-18','2025-07-20',13.00,'2025-05-10 13:27:00','2025-05-10 13:27:00',2,851,1,3),(851,6,43,'TFR_BR25000041_25_003','2025-05-31','2025-10-31','2025-10-13','2025-10-14',15.00,'2025-05-10 13:27:01','2025-05-10 13:27:01',2,852,1,5),(852,6,25,'TFR_BR25000023_25_008','2025-05-17','2025-08-17','2025-10-30','2025-11-29',19.00,'2025-05-10 13:27:01','2025-05-10 13:27:01',2,853,1,6),(853,6,50,'TFR_BR25000048_25_007','2025-05-22','2025-10-22','2025-11-01','2025-11-25',20.00,'2025-05-10 13:27:01','2025-05-10 13:27:01',2,854,1,1),(854,6,59,'TFR_BR25000057_25_005','2025-06-08','2025-09-08','2025-09-21','2025-09-22',19.00,'2025-05-10 13:27:01','2025-05-10 13:27:01',2,855,1,7),(855,6,66,'TFR_BR25000064_25_002','2025-06-01','2025-11-01','2025-08-20','2025-09-10',16.00,'2025-05-10 13:27:01','2025-05-10 13:27:01',2,856,1,6),(856,6,90,'TFR_BR25000088_25_014','2025-06-09','2025-10-09','2025-07-17','2025-07-29',11.00,'2025-05-10 13:27:01','2025-05-10 13:27:01',2,857,1,6),(857,6,73,'TFR_BR25000071_25_004','2025-05-23','2025-10-23','2025-10-28','2025-11-23',13.00,'2025-05-10 13:27:01','2025-05-10 13:27:01',2,858,1,5),(858,6,17,'TFR_BR25000015_25_002','2025-06-07','2025-11-07','2025-07-21','2025-07-24',23.00,'2025-05-10 13:27:01','2025-05-10 13:27:01',2,859,1,1),(859,6,44,'TFR_BR25000042_25_004','2025-06-08','2025-11-08','2025-10-21','2025-11-17',25.00,'2025-05-10 13:27:01','2025-05-10 13:27:01',2,860,1,3),(860,6,64,'TFR_BR25000062_25_003','2025-05-14','2025-09-14','2025-11-28','2025-12-02',14.00,'2025-05-10 13:27:02','2025-05-10 13:27:02',2,861,1,4),(861,6,60,'TFR_BR25000058_25_004','2025-05-18','2025-09-18','2025-09-05','2025-10-05',23.00,'2025-05-10 13:27:02','2025-05-10 13:27:02',2,862,1,5),(862,6,99,'TFR_BR25000097_25_005','2025-05-26','2025-08-26','2025-09-08','2025-09-24',19.00,'2025-05-10 13:27:02','2025-05-10 13:27:02',2,863,1,3),(863,6,100,'TFR_BR25000098_25_013','2025-06-09','2025-10-09','2025-12-04','2025-12-25',15.00,'2025-05-10 13:27:02','2025-05-10 13:27:02',2,864,1,3),(864,6,87,'TFR_BR25000085_25_003','2025-06-06','2025-10-06','2025-08-16','2025-09-09',22.00,'2025-05-10 13:27:02','2025-05-10 13:27:02',2,865,1,2),(865,6,50,'TFR_BR25000048_25_008','2025-05-17','2025-08-17','2025-11-09','2025-12-08',14.00,'2025-05-10 13:27:02','2025-05-10 13:27:02',2,866,1,2),(866,6,63,'TFR_BR25000061_25_007','2025-05-26','2025-08-26','2025-12-15','2025-12-25',22.00,'2025-05-10 13:27:03','2025-05-10 13:27:03',2,867,1,3),(867,6,90,'TFR_BR25000088_25_015','2025-05-28','2025-10-28','2025-10-03','2025-10-28',11.00,'2025-05-10 13:27:03','2025-05-10 13:27:03',2,868,1,1),(868,6,99,'TFR_BR25000097_25_006','2025-05-11','2025-09-11','2025-12-05','2025-12-07',11.00,'2025-05-10 13:27:03','2025-05-10 13:27:03',2,869,1,2),(869,6,49,'TFR_BR25000047_25_004','2025-05-16','2025-10-16','2025-12-02','2025-12-29',14.00,'2025-05-10 13:27:03','2025-05-10 13:27:03',2,870,1,2),(870,6,92,'TFR_BR25000090_25_001','2025-05-23','2025-09-23','2025-11-10','2025-11-18',22.00,'2025-05-10 13:27:03','2025-05-10 13:27:03',2,871,1,3),(871,6,107,'TFR_BR25000105_25_007','2025-05-13','2025-08-13','2025-07-27','2025-08-15',23.00,'2025-05-10 13:27:03','2025-05-10 13:27:03',2,872,1,7),(872,6,22,'TFR_BR25000020_25_002','2025-06-09','2025-09-09','2025-10-15','2025-10-23',22.00,'2025-05-10 13:27:03','2025-05-10 13:27:03',2,873,1,7),(873,6,83,'TFR_BR25000081_25_005','2025-05-16','2025-09-16','2025-10-10','2025-10-23',10.00,'2025-05-10 13:27:04','2025-05-10 13:27:04',2,874,1,6),(874,6,35,'TFR_BR25000033_25_016','2025-05-30','2025-09-30','2025-07-19','2025-07-31',14.00,'2025-05-10 13:27:04','2025-05-10 13:27:04',2,875,1,7),(875,6,32,'TFR_BR25000030_25_008','2025-06-06','2025-10-06','2025-12-06','2025-12-26',18.00,'2025-05-10 13:27:04','2025-05-10 13:27:04',2,876,1,5),(876,6,98,'TFR_BR25000096_25_004','2025-05-20','2025-08-20','2025-07-27','2025-07-29',12.00,'2025-05-10 13:27:04','2025-05-10 13:27:04',2,877,1,3),(877,6,67,'TFR_BR25000065_25_001','2025-06-01','2025-09-01','2025-07-27','2025-08-08',24.00,'2025-05-10 13:27:04','2025-05-10 13:27:04',2,878,1,6),(878,6,38,'TFR_BR25000036_25_008','2025-05-12','2025-09-12','2025-09-03','2025-09-25',25.00,'2025-05-10 13:27:04','2025-05-10 13:27:04',2,879,1,6),(879,6,53,'TFR_BR25000051_25_006','2025-05-19','2025-10-19','2025-09-13','2025-09-25',15.00,'2025-05-10 13:27:04','2025-05-10 13:27:04',2,880,1,3),(880,6,83,'TFR_BR25000081_25_006','2025-05-30','2025-08-30','2025-07-07','2025-08-02',14.00,'2025-05-10 13:27:04','2025-05-10 13:27:04',2,881,1,5),(881,6,69,'TFR_BR25000067_25_004','2025-05-18','2025-10-18','2025-07-01','2025-07-02',16.00,'2025-05-10 13:27:05','2025-05-10 13:27:05',2,882,1,1),(882,6,91,'TFR_BR25000089_25_005','2025-05-16','2025-10-16','2025-06-23','2025-07-10',24.00,'2025-05-10 13:27:05','2025-05-10 13:27:05',2,883,1,5),(883,6,50,'TFR_BR25000048_25_009','2025-06-08','2025-09-08','2025-11-29','2025-12-19',16.00,'2025-05-10 13:27:05','2025-05-10 13:27:05',2,884,1,5),(884,6,43,'TFR_BR25000041_25_004','2025-05-14','2025-08-14','2025-09-10','2025-09-30',10.00,'2025-05-10 13:27:05','2025-05-10 13:27:05',2,885,1,1),(885,6,94,'TFR_BR25000092_25_002','2025-05-22','2025-09-22','2025-09-28','2025-10-10',21.00,'2025-05-10 13:27:05','2025-05-10 13:27:05',2,886,1,7),(886,6,83,'TFR_BR25000081_25_007','2025-05-27','2025-10-27','2025-09-03','2025-09-29',23.00,'2025-05-10 13:27:05','2025-05-10 13:27:05',2,887,1,4),(887,6,27,'TFR_BR25000025_25_007','2025-05-20','2025-08-20','2025-09-04','2025-09-07',17.00,'2025-05-10 13:27:05','2025-05-10 13:27:05',2,888,1,5),(888,6,27,'TFR_BR25000025_25_008','2025-05-21','2025-09-21','2025-11-22','2025-12-21',24.00,'2025-05-10 13:27:05','2025-05-10 13:27:05',2,889,1,6),(889,6,53,'TFR_BR25000051_25_007','2025-06-04','2025-09-04','2025-06-25','2025-07-09',10.00,'2025-05-10 13:27:05','2025-05-10 13:27:05',2,890,1,6),(890,6,32,'TFR_BR25000030_25_009','2025-06-07','2025-09-07','2025-09-30','2025-10-12',10.00,'2025-05-10 13:27:06','2025-05-10 13:27:06',2,891,1,6),(891,6,60,'TFR_BR25000058_25_005','2025-05-16','2025-08-16','2025-10-30','2025-11-17',18.00,'2025-05-10 13:27:06','2025-05-10 13:27:06',2,892,1,2),(892,6,50,'TFR_BR25000048_25_010','2025-05-26','2025-08-26','2025-12-11','2026-01-03',23.00,'2025-05-10 13:27:06','2025-05-10 13:27:06',2,893,1,1),(893,6,24,'TFR_BR25000022_25_009','2025-05-23','2025-09-23','2025-10-12','2025-11-10',16.00,'2025-05-10 13:27:06','2025-05-10 13:27:06',2,894,1,5),(894,6,50,'TFR_BR25000048_25_011','2025-06-07','2025-10-07','2025-08-07','2025-08-24',17.00,'2025-05-10 13:27:06','2025-05-10 13:27:06',2,895,1,2),(895,6,32,'TFR_BR25000030_25_010','2025-05-24','2025-10-24','2025-09-04','2025-10-03',25.00,'2025-05-10 13:27:06','2025-05-10 13:27:06',2,896,1,1),(896,6,29,'TFR_BR25000027_25_002','2025-06-07','2025-09-07','2025-08-14','2025-08-15',25.00,'2025-05-10 13:27:06','2025-05-10 13:27:06',2,897,1,4),(897,6,109,'TFR_BR25000107_25_002','2025-05-14','2025-08-14','2025-08-05','2025-08-13',13.00,'2025-05-10 13:27:06','2025-05-10 13:27:06',2,898,1,3),(898,6,80,'TFR_BR25000078_25_008','2025-05-16','2025-08-16','2025-08-25','2025-09-01',18.00,'2025-05-10 13:27:06','2025-05-10 13:27:06',2,899,1,4),(899,6,32,'TFR_BR25000030_25_011','2025-05-13','2025-10-13','2025-07-03','2025-07-13',25.00,'2025-05-10 13:27:07','2025-05-10 13:27:07',2,900,1,4),(900,6,65,'TFR_BR25000063_25_008','2025-05-20','2025-10-20','2025-08-04','2025-09-02',19.00,'2025-05-10 13:27:07','2025-05-10 13:27:07',2,901,1,6),(901,6,103,'TFR_BR25000101_25_006','2025-05-19','2025-09-19','2025-06-24','2025-07-18',20.00,'2025-05-10 13:27:07','2025-05-10 13:27:07',2,902,1,4),(902,6,84,'TFR_BR25000082_25_005','2025-05-26','2025-10-26','2025-08-23','2025-08-24',24.00,'2025-05-10 13:27:07','2025-05-10 13:27:07',2,903,1,6),(903,6,87,'TFR_BR25000085_25_004','2025-05-13','2025-08-13','2025-10-25','2025-11-18',18.00,'2025-05-10 13:27:07','2025-05-10 13:27:07',2,904,1,7),(904,6,100,'TFR_BR25000098_25_014','2025-05-27','2025-08-27','2025-09-13','2025-10-08',12.00,'2025-05-10 13:27:07','2025-05-10 13:27:07',2,905,1,1),(905,6,25,'TFR_BR25000023_25_009','2025-05-27','2025-09-27','2025-08-02','2025-08-26',21.00,'2025-05-10 13:27:07','2025-05-10 13:27:07',2,906,1,5),(906,6,100,'TFR_BR25000098_25_015','2025-05-24','2025-09-24','2025-11-06','2025-11-19',16.00,'2025-05-10 13:27:07','2025-05-10 13:27:07',2,907,1,5),(907,6,39,'TFR_BR25000037_25_001','2025-05-23','2025-08-23','2025-07-14','2025-08-07',25.00,'2025-05-10 13:27:07','2025-05-10 13:27:07',2,908,1,5),(908,6,113,'TFR_BR25000111_25_007','2025-05-31','2025-09-30','2025-08-21','2025-09-08',15.00,'2025-05-10 13:27:07','2025-05-10 13:27:07',2,909,1,3),(909,6,100,'TFR_BR25000098_25_016','2025-06-05','2025-10-05','2025-08-19','2025-09-08',17.00,'2025-05-10 13:27:07','2025-05-10 13:27:07',2,910,1,1),(910,6,50,'TFR_BR25000048_25_012','2025-05-19','2025-10-19','2025-10-12','2025-10-28',18.00,'2025-05-10 13:27:07','2025-05-10 13:27:07',2,911,1,7),(911,6,100,'TFR_BR25000098_25_017','2025-06-04','2025-11-04','2025-07-20','2025-08-07',24.00,'2025-05-10 13:27:07','2025-05-10 13:27:07',2,912,1,4),(912,6,55,'TFR_BR25000053_25_005','2025-05-13','2025-08-13','2025-12-03','2025-12-14',11.00,'2025-05-10 13:27:08','2025-05-10 13:27:08',2,913,1,4),(913,6,89,'TFR_BR25000087_25_005','2025-05-19','2025-10-19','2025-07-10','2025-07-13',17.00,'2025-05-10 13:27:08','2025-05-10 13:27:08',2,914,1,7),(914,6,87,'TFR_BR25000085_25_005','2025-05-29','2025-08-29','2025-11-07','2025-11-16',18.00,'2025-05-10 13:27:08','2025-05-10 13:27:08',2,915,1,2),(915,6,103,'TFR_BR25000101_25_007','2025-05-11','2025-10-11','2025-09-30','2025-10-06',20.00,'2025-05-10 13:27:08','2025-05-10 13:27:08',2,916,1,5),(916,6,89,'TFR_BR25000087_25_006','2025-05-20','2025-10-20','2025-09-16','2025-09-19',18.00,'2025-05-10 13:27:08','2025-05-10 13:27:08',2,917,1,2),(917,6,34,'TFR_BR25000032_25_004','2025-06-02','2025-09-02','2025-11-02','2025-11-28',19.00,'2025-05-10 13:27:08','2025-05-10 13:27:08',2,918,1,4),(918,6,56,'TFR_BR25000054_25_003','2025-05-20','2025-09-20','2025-08-10','2025-08-11',14.00,'2025-05-10 13:27:08','2025-05-10 13:27:08',2,919,1,7),(919,6,57,'TFR_BR25000055_25_005','2025-05-27','2025-09-27','2025-07-19','2025-08-03',17.00,'2025-05-10 13:27:08','2025-05-10 13:27:08',2,920,1,6),(920,6,27,'TFR_BR25000025_25_009','2025-05-30','2025-08-30','2025-12-08','2025-12-19',14.00,'2025-05-10 13:27:08','2025-05-10 13:27:08',2,921,1,3),(921,6,93,'TFR_BR25000091_25_003','2025-05-22','2025-08-22','2025-08-08','2025-08-17',11.00,'2025-05-10 13:27:08','2025-05-10 13:27:08',2,922,1,4),(922,6,100,'TFR_BR25000098_25_018','2025-06-04','2025-09-04','2025-09-19','2025-10-01',21.00,'2025-05-10 13:27:08','2025-05-10 13:27:08',2,923,1,2),(923,6,61,'TFR_BR25000059_25_003','2025-05-11','2025-10-11','2025-10-24','2025-10-26',16.00,'2025-05-10 13:27:08','2025-05-10 13:27:08',2,924,1,4),(924,6,83,'TFR_BR25000081_25_008','2025-06-05','2025-09-05','2025-12-16','2025-12-18',19.00,'2025-05-10 13:27:08','2025-05-10 13:27:08',2,925,1,5),(925,6,100,'TFR_BR25000098_25_019','2025-06-06','2025-11-06','2025-11-22','2025-11-27',16.00,'2025-05-10 13:27:08','2025-05-10 13:27:08',2,926,1,2),(926,6,90,'TFR_BR25000088_25_016','2025-05-31','2025-10-31','2025-08-18','2025-09-06',19.00,'2025-05-10 13:27:09','2025-05-10 13:27:09',2,927,1,7),(927,6,25,'TFR_BR25000023_25_010','2025-05-12','2025-08-12','2025-06-30','2025-07-18',19.00,'2025-05-10 13:27:09','2025-05-10 13:27:09',2,928,1,2),(928,6,35,'TFR_BR25000033_25_017','2025-06-02','2025-09-02','2025-08-11','2025-08-16',22.00,'2025-05-10 13:27:09','2025-05-10 13:27:09',2,929,1,7),(929,6,31,'TFR_BR25000029_25_003','2025-05-18','2025-10-18','2025-08-09','2025-09-08',13.00,'2025-05-10 13:27:09','2025-05-10 13:27:09',2,930,1,1),(930,6,80,'TFR_BR25000078_25_009','2025-06-06','2025-09-06','2025-09-21','2025-10-04',17.00,'2025-05-10 13:27:09','2025-05-10 13:27:09',2,931,1,5),(931,6,49,'TFR_BR25000047_25_005','2025-06-02','2025-09-02','2025-11-03','2025-11-09',24.00,'2025-05-10 13:27:09','2025-05-10 13:27:09',2,932,1,1),(932,6,105,'TFR_BR25000103_25_010','2025-06-04','2025-11-04','2025-07-28','2025-08-16',25.00,'2025-05-10 13:27:09','2025-05-10 13:27:09',2,933,1,1),(933,6,43,'TFR_BR25000041_25_005','2025-05-26','2025-09-26','2025-11-10','2025-11-27',10.00,'2025-05-10 13:27:09','2025-05-10 13:27:09',2,934,1,5),(934,6,98,'TFR_BR25000096_25_005','2025-06-06','2025-10-06','2025-08-17','2025-09-14',25.00,'2025-05-10 13:27:09','2025-05-10 13:27:09',2,935,1,6),(935,6,104,'TFR_BR25000102_25_002','2025-05-30','2025-09-30','2025-08-02','2025-09-01',21.00,'2025-05-10 13:27:09','2025-05-10 13:27:09',2,936,1,7),(936,6,57,'TFR_BR25000055_25_006','2025-06-01','2025-09-01','2025-07-28','2025-08-02',15.00,'2025-05-10 13:27:09','2025-05-10 13:27:09',2,937,1,1),(937,6,16,'TFR_BR25000014_25_002','2025-06-04','2025-10-04','2025-08-21','2025-09-14',16.00,'2025-05-10 13:27:10','2025-05-10 13:27:10',2,938,1,6),(938,6,27,'TFR_BR25000025_25_010','2025-05-14','2025-09-14','2025-07-04','2025-07-19',11.00,'2025-05-10 13:27:10','2025-05-10 13:27:10',2,939,1,6),(939,6,90,'TFR_BR25000088_25_017','2025-05-26','2025-08-26','2025-08-23','2025-08-26',11.00,'2025-05-10 13:27:10','2025-05-10 13:27:10',2,940,1,3),(940,6,40,'TFR_BR25000038_25_006','2025-05-12','2025-08-12','2025-09-25','2025-10-24',20.00,'2025-05-10 13:27:10','2025-05-10 13:27:10',2,941,1,4),(941,6,40,'TFR_BR25000038_25_007','2025-05-31','2025-08-31','2025-10-13','2025-10-30',21.00,'2025-05-10 13:27:10','2025-05-10 13:27:10',2,942,1,4),(942,6,29,'TFR_BR25000027_25_003','2025-05-17','2025-10-17','2025-09-28','2025-10-25',20.00,'2025-05-10 13:27:10','2025-05-10 13:27:10',2,943,1,5),(943,6,74,'TFR_BR25000072_25_004','2025-05-13','2025-09-13','2025-11-23','2025-12-18',24.00,'2025-05-10 13:27:10','2025-05-10 13:27:10',2,944,1,1),(944,6,113,'TFR_BR25000111_25_008','2025-05-12','2025-09-12','2025-10-18','2025-10-28',15.00,'2025-05-10 13:27:10','2025-05-10 13:27:10',2,945,1,1),(945,6,93,'TFR_BR25000091_25_004','2025-05-25','2025-10-25','2025-10-27','2025-11-04',19.00,'2025-05-10 13:27:10','2025-05-10 13:27:10',2,946,1,4),(946,6,104,'TFR_BR25000102_25_003','2025-05-28','2025-09-28','2025-10-04','2025-10-12',14.00,'2025-05-10 13:27:10','2025-05-10 13:27:10',2,947,1,3),(947,6,66,'TFR_BR25000064_25_003','2025-05-13','2025-09-13','2025-11-11','2025-11-28',18.00,'2025-05-10 13:27:10','2025-05-10 13:27:10',2,948,1,3),(948,6,19,'TFR_BR25000017_25_012','2025-05-14','2025-08-14','2025-07-29','2025-07-30',19.00,'2025-05-10 13:27:10','2025-05-10 13:27:10',2,949,1,4),(949,6,47,'TFR_BR25000045_25_001','2025-05-28','2025-08-28','2025-10-20','2025-11-02',25.00,'2025-05-10 13:27:11','2025-05-10 13:27:11',2,950,1,6),(950,6,59,'TFR_BR25000057_25_006','2025-06-06','2025-09-06','2025-10-30','2025-10-31',22.00,'2025-05-10 13:27:11','2025-05-10 13:27:11',2,951,1,7),(951,6,44,'TFR_BR25000042_25_005','2025-06-08','2025-10-08','2025-10-12','2025-11-05',15.00,'2025-05-10 13:27:11','2025-05-10 13:27:11',2,952,1,3),(952,6,85,'TFR_BR25000083_25_002','2025-06-06','2025-10-06','2025-12-11','2026-01-10',21.00,'2025-05-10 13:27:11','2025-05-10 13:27:11',2,953,1,3),(953,6,103,'TFR_BR25000101_25_008','2025-05-11','2025-10-11','2025-12-04','2025-12-19',21.00,'2025-05-10 13:27:11','2025-05-10 13:27:11',2,954,1,3),(954,6,109,'TFR_BR25000107_25_003','2025-06-03','2025-09-03','2025-11-01','2025-11-15',11.00,'2025-05-10 13:27:11','2025-05-10 13:27:11',2,955,1,7),(955,6,90,'TFR_BR25000088_25_018','2025-05-23','2025-09-23','2025-12-03','2025-12-28',14.00,'2025-05-10 13:27:11','2025-05-10 13:27:11',2,956,1,4),(956,6,99,'TFR_BR25000097_25_007','2025-05-21','2025-10-21','2025-08-26','2025-09-18',22.00,'2025-05-10 13:27:11','2025-05-10 13:27:11',2,957,1,4),(957,6,74,'TFR_BR25000072_25_005','2025-05-13','2025-10-13','2025-07-06','2025-07-17',18.00,'2025-05-10 13:27:11','2025-05-10 13:27:11',2,958,1,3),(958,6,23,'TFR_BR25000021_25_005','2025-06-02','2025-10-02','2025-08-18','2025-08-31',17.00,'2025-05-10 13:27:11','2025-05-10 13:27:11',2,959,1,4),(959,6,80,'TFR_BR25000078_25_010','2025-06-01','2025-09-01','2025-08-27','2025-08-29',22.00,'2025-05-10 13:27:11','2025-05-10 13:27:11',2,960,1,7),(960,6,79,'TFR_BR25000077_25_003','2025-05-26','2025-10-26','2025-11-29','2025-12-28',23.00,'2025-05-10 13:27:11','2025-05-10 13:27:11',2,961,1,3),(961,6,80,'TFR_BR25000078_25_011','2025-05-28','2025-08-28','2025-08-24','2025-09-14',10.00,'2025-05-10 13:27:12','2025-05-10 13:27:12',2,962,1,1),(962,6,111,'TFR_BR25000109_25_004','2025-06-02','2025-09-02','2025-07-07','2025-07-24',12.00,'2025-05-10 13:27:12','2025-05-10 13:27:12',2,963,1,1),(963,6,58,'TFR_BR25000056_25_004','2025-05-17','2025-09-17','2025-08-30','2025-09-21',25.00,'2025-05-10 13:27:12','2025-05-10 13:27:12',2,964,1,2),(964,6,93,'TFR_BR25000091_25_005','2025-05-20','2025-08-20','2025-10-23','2025-11-20',24.00,'2025-05-10 13:27:12','2025-05-10 13:27:12',2,965,1,2),(965,6,110,'TFR_BR25000108_25_010','2025-06-07','2025-09-07','2025-08-10','2025-08-25',22.00,'2025-05-10 13:27:12','2025-05-10 13:27:12',2,966,1,7),(966,6,60,'TFR_BR25000058_25_006','2025-05-23','2025-10-23','2025-08-16','2025-09-05',13.00,'2025-05-10 13:27:12','2025-05-10 13:27:12',2,967,1,2),(967,6,104,'TFR_BR25000102_25_004','2025-05-16','2025-09-16','2025-11-01','2025-11-25',18.00,'2025-05-10 13:27:12','2025-05-10 13:27:12',2,968,1,1),(968,6,49,'TFR_BR25000047_25_006','2025-05-26','2025-08-26','2025-11-05','2025-11-07',23.00,'2025-05-10 13:27:12','2025-05-10 13:27:12',2,969,1,7),(969,6,84,'TFR_BR25000082_25_006','2025-05-20','2025-08-20','2025-10-05','2025-10-29',21.00,'2025-05-10 13:27:12','2025-05-10 13:27:12',2,970,1,1),(970,6,29,'TFR_BR25000027_25_004','2025-05-28','2025-08-28','2025-10-20','2025-11-15',12.00,'2025-05-10 13:27:13','2025-05-10 13:27:13',2,971,1,1),(971,6,38,'TFR_BR25000036_25_009','2025-05-28','2025-09-28','2025-10-04','2025-11-01',15.00,'2025-05-10 13:27:13','2025-05-10 13:27:13',2,972,1,7),(972,6,73,'TFR_BR25000071_25_005','2025-05-24','2025-10-24','2025-12-01','2025-12-03',13.00,'2025-05-10 13:27:13','2025-05-10 13:27:13',2,973,1,5),(973,6,46,'TFR_BR25000044_25_002','2025-06-02','2025-11-02','2025-11-08','2025-11-20',12.00,'2025-05-10 13:27:13','2025-05-10 13:27:13',2,974,1,1),(974,6,100,'TFR_BR25000098_25_020','2025-05-20','2025-08-20','2025-07-24','2025-08-20',24.00,'2025-05-10 13:27:13','2025-05-10 13:27:13',2,975,1,5),(975,6,30,'TFR_BR25000028_25_003','2025-05-19','2025-08-19','2025-10-04','2025-10-11',20.00,'2025-05-10 13:27:13','2025-05-10 13:27:13',2,976,1,2),(976,6,38,'TFR_BR25000036_25_010','2025-05-27','2025-10-27','2025-08-28','2025-09-11',23.00,'2025-05-10 13:27:13','2025-05-10 13:27:13',2,977,1,6),(977,6,47,'TFR_BR25000045_25_002','2025-05-11','2025-08-11','2025-07-14','2025-08-03',20.00,'2025-05-10 13:27:13','2025-05-10 13:27:13',2,978,1,3),(978,6,43,'TFR_BR25000041_25_006','2025-05-20','2025-09-20','2025-09-23','2025-10-18',11.00,'2025-05-10 13:27:13','2025-05-10 13:27:13',2,979,1,2),(979,6,75,'TFR_BR25000073_25_001','2025-05-22','2025-09-22','2025-08-02','2025-08-09',10.00,'2025-05-10 13:27:13','2025-05-10 13:27:13',2,980,1,1),(980,6,109,'TFR_BR25000107_25_004','2025-05-12','2025-09-12','2025-10-06','2025-10-24',10.00,'2025-05-10 13:27:13','2025-05-10 13:27:13',2,981,1,7),(981,6,96,'TFR_BR25000094_25_001','2025-05-23','2025-10-23','2025-08-10','2025-08-18',16.00,'2025-05-10 13:27:13','2025-05-10 13:27:13',2,982,1,4),(982,6,32,'TFR_BR25000030_25_012','2025-06-01','2025-10-01','2025-10-08','2025-10-25',10.00,'2025-05-10 13:27:14','2025-05-10 13:27:14',2,983,1,7),(983,6,34,'TFR_BR25000032_25_005','2025-05-25','2025-08-25','2025-07-25','2025-08-24',16.00,'2025-05-10 13:27:14','2025-05-10 13:27:14',2,984,1,5),(984,6,73,'TFR_BR25000071_25_006','2025-06-08','2025-11-08','2025-07-18','2025-07-28',14.00,'2025-05-10 13:27:14','2025-05-10 13:27:14',2,985,1,4),(985,6,38,'TFR_BR25000036_25_011','2025-05-22','2025-09-22','2025-07-22','2025-08-11',15.00,'2025-05-10 13:27:14','2025-05-10 13:27:14',2,986,1,5),(986,6,86,'TFR_BR25000084_25_002','2025-05-27','2025-08-27','2025-09-04','2025-09-14',21.00,'2025-05-10 13:27:14','2025-05-10 13:27:14',2,987,1,5),(987,6,45,'TFR_BR25000043_25_005','2025-05-23','2025-09-23','2025-09-30','2025-10-20',22.00,'2025-05-10 13:27:14','2025-05-10 13:27:14',2,988,1,4),(988,6,43,'TFR_BR25000041_25_007','2025-06-08','2025-09-08','2025-10-01','2025-10-11',19.00,'2025-05-10 13:27:14','2025-05-10 13:27:14',2,989,1,4),(989,6,90,'TFR_BR25000088_25_019','2025-05-13','2025-10-13','2025-07-20','2025-08-07',14.00,'2025-05-10 13:27:14','2025-05-10 13:27:14',2,990,1,6),(990,6,79,'TFR_BR25000077_25_004','2025-06-02','2025-09-02','2025-07-11','2025-08-09',18.00,'2025-05-10 13:27:14','2025-05-10 13:27:14',2,991,1,6),(991,6,36,'TFR_BR25000034_25_005','2025-05-25','2025-10-25','2025-07-02','2025-07-31',22.00,'2025-05-10 13:27:14','2025-05-10 13:27:14',2,992,1,3),(992,6,53,'TFR_BR25000051_25_008','2025-05-30','2025-09-30','2025-12-12','2026-01-11',15.00,'2025-05-10 13:27:15','2025-05-10 13:27:15',2,993,1,3),(993,6,23,'TFR_BR25000021_25_006','2025-05-13','2025-08-13','2025-10-20','2025-10-22',25.00,'2025-05-10 13:27:15','2025-05-10 13:27:15',2,994,1,5),(994,6,16,'TFR_BR25000014_25_003','2025-05-26','2025-08-26','2025-09-11','2025-09-18',19.00,'2025-05-10 13:27:15','2025-05-10 13:27:15',2,995,1,1),(995,6,108,'TFR_BR25000106_25_005','2025-05-27','2025-09-27','2025-08-06','2025-08-08',18.00,'2025-05-10 13:27:15','2025-05-10 13:27:15',2,996,1,2),(996,6,108,'TFR_BR25000106_25_006','2025-06-05','2025-09-05','2025-12-05','2025-12-23',10.00,'2025-05-10 13:27:15','2025-05-10 13:27:15',2,997,1,3),(997,6,68,'TFR_BR25000066_25_003','2025-06-02','2025-09-02','2025-11-26','2025-12-20',25.00,'2025-05-10 13:27:15','2025-05-10 13:27:15',2,998,1,6),(998,6,80,'TFR_BR25000078_25_012','2025-05-29','2025-08-29','2025-10-07','2025-10-10',16.00,'2025-05-10 13:27:15','2025-05-10 13:27:15',2,999,1,7),(999,6,23,'TFR_BR25000021_25_007','2025-05-23','2025-10-23','2025-08-26','2025-09-01',18.00,'2025-05-10 13:27:15','2025-05-10 13:27:15',2,1000,1,1),(1000,6,113,'TFR_BR25000111_25_009','2025-05-26','2025-10-26','2025-06-28','2025-07-15',18.00,'2025-05-10 13:27:15','2025-05-10 13:27:15',2,1001,1,4),(1001,6,69,'TFR_BR25000067_25_005','2025-05-19','2025-10-19','2025-07-08','2025-07-18',20.00,'2025-05-10 13:27:15','2025-05-10 13:27:15',2,1002,1,5),(1002,6,16,'TFR_BR25000014_25_004','2025-05-26','2025-09-26','2025-08-26','2025-09-21',13.00,'2025-05-10 13:27:16','2025-05-10 13:27:16',2,1003,1,5),(1003,6,74,'TFR_BR25000072_25_006','2025-05-28','2025-08-28','2025-09-29','2025-10-10',10.00,'2025-05-10 13:27:16','2025-05-10 13:27:16',2,1004,1,4),(1004,6,40,'TFR_BR25000038_25_008','2025-06-05','2025-10-05','2025-10-23','2025-10-29',12.00,'2025-05-10 13:27:16','2025-05-10 13:27:16',2,1005,1,1),(1005,6,83,'TFR_BR25000081_25_009','2025-05-13','2025-10-13','2025-11-05','2025-11-30',21.00,'2025-05-10 13:27:16','2025-05-10 13:27:16',2,1006,1,3),(1006,6,24,'TFR_BR25000022_25_010','2025-05-20','2025-09-20','2025-11-03','2025-11-21',10.00,'2025-05-10 13:27:16','2025-05-10 13:27:16',2,1007,1,2),(1007,6,23,'TFR_BR25000021_25_008','2025-05-20','2025-09-20','2025-09-12','2025-09-26',16.00,'2025-05-10 13:27:16','2025-05-10 13:27:16',2,1008,1,2),(1008,6,50,'TFR_BR25000048_25_013','2025-05-12','2025-09-12','2025-07-03','2025-07-19',23.00,'2025-05-10 13:27:16','2025-05-10 13:27:16',2,1009,1,4),(1009,6,60,'TFR_BR25000058_25_007','2025-05-15','2025-08-15','2025-12-08','2025-12-14',23.00,'2025-05-10 13:27:16','2025-05-10 13:27:16',2,1010,1,6),(1010,6,56,'TFR_BR25000054_25_004','2025-05-15','2025-08-15','2025-09-25','2025-10-06',18.00,'2025-05-10 13:27:16','2025-05-10 13:27:16',2,1011,1,4);
/*!40000 ALTER TABLE `transfercontract` ENABLE KEYS */;
UNLOCK TABLES;

--
-- Table structure for table `transferdiscount`
--

DROP TABLE IF EXISTS `transferdiscount`;
/*!40101 SET @saved_cs_client     = @@character_set_client */;
/*!50503 SET character_set_client = utf8mb4 */;
CREATE TABLE `transferdiscount` (
  `id` int NOT NULL AUTO_INCREMENT,
  `amount` decimal(10,2) DEFAULT NULL,
  `transferdiscounttype_id` int NOT NULL,
  `transfercontract_id` int NOT NULL,
  `ratetype_id` int NOT NULL,
  PRIMARY KEY (`id`),
  KEY `fk_transferdiscount_transferdiscounttype1_idx` (`transferdiscounttype_id`),
  KEY `fk_transferdiscount_transfercontract1_idx` (`transfercontract_id`),
  KEY `fk_transferdiscount_ratetype1_idx` (`ratetype_id`),
  CONSTRAINT `fk_transferdiscount_ratetype1` FOREIGN KEY (`ratetype_id`) REFERENCES `ratetype` (`id`),
  CONSTRAINT `fk_transferdiscount_transfercontract1` FOREIGN KEY (`transfercontract_id`) REFERENCES `transfercontract` (`id`),
  CONSTRAINT `fk_transferdiscount_transferdiscounttype1` FOREIGN KEY (`transferdiscounttype_id`) REFERENCES `transferdiscounttype` (`id`)
) ENGINE=InnoDB AUTO_INCREMENT=3008 DEFAULT CHARSET=utf8mb3;
/*!40101 SET character_set_client = @saved_cs_client */;

--
-- Dumping data for table `transferdiscount`
--

LOCK TABLES `transferdiscount` WRITE;
/*!40000 ALTER TABLE `transferdiscount` DISABLE KEYS */;
INSERT INTO `transferdiscount` VALUES (8,44.00,1,511,1),(9,8.00,3,511,3),(10,19.00,2,511,1),(11,18.00,5,511,1),(12,18.00,6,511,1),(13,16.00,4,511,1),(14,20.00,3,512,3),(15,16.00,6,512,3),(16,6.00,2,512,3),(17,21.00,5,512,1),(18,48.00,1,512,1),(19,20.00,4,512,3),(20,9.00,3,513,3),(21,8.00,1,513,3),(22,18.00,4,513,1),(23,20.00,6,513,3),(24,13.00,2,513,1),(25,28.00,5,513,1),(26,21.00,2,514,1),(27,16.00,4,514,1),(28,15.00,5,514,1),(29,8.00,3,514,3),(30,39.00,1,514,1),(31,14.00,6,514,3),(32,11.00,4,515,1),(33,11.00,2,515,1),(34,13.00,6,515,1),(35,13.00,3,515,3),(36,7.00,1,515,3),(37,12.00,5,515,3),(38,25.00,5,516,3),(39,8.00,6,516,1),(40,17.00,4,516,1),(41,11.00,1,516,3),(42,25.00,2,516,1),(43,31.00,3,516,1),(44,23.00,2,517,1),(45,12.00,1,517,3),(46,15.00,5,517,3),(47,19.00,6,517,1),(48,16.00,3,517,1),(49,10.00,4,517,1),(50,22.00,5,518,1),(51,11.00,2,518,3),(52,12.00,4,518,1),(53,13.00,6,518,1),(54,7.00,1,518,3),(55,30.00,3,518,1),(56,8.00,6,519,1),(57,22.00,5,519,3),(58,22.00,4,519,3),(59,34.00,3,519,1),(60,42.00,1,519,1),(61,15.00,2,519,1),(62,25.00,1,520,1),(63,17.00,6,520,1),(64,14.00,5,520,3),(65,9.00,2,520,3),(66,14.00,3,520,3),(67,12.00,4,520,1),(68,7.00,6,521,1),(69,23.00,2,521,1),(70,15.00,4,521,3),(71,10.00,1,521,3),(72,25.00,5,521,1),(73,16.00,3,521,3),(74,23.00,5,522,1),(75,30.00,3,522,1),(76,16.00,4,522,3),(77,17.00,2,522,1),(78,29.00,1,522,1),(79,12.00,6,522,3),(80,20.00,2,523,1),(81,13.00,6,523,1),(82,25.00,5,523,1),(83,10.00,4,523,1),(84,12.00,1,523,3),(85,23.00,3,523,1),(86,13.00,4,524,1),(87,11.00,3,524,3),(88,16.00,6,524,1),(89,5.00,1,524,3),(90,24.00,5,524,3),(91,18.00,2,524,1),(92,23.00,5,525,1),(93,8.00,2,525,3),(94,22.00,4,525,3),(95,10.00,1,525,3),(96,25.00,3,525,1),(97,10.00,6,525,3),(98,44.00,1,526,1),(99,8.00,2,526,3),(100,15.00,4,526,3),(101,35.00,3,526,1),(102,13.00,6,526,3),(103,11.00,5,526,3),(104,16.00,2,527,1),(105,29.00,1,527,1),(106,20.00,3,527,1),(107,15.00,5,527,3),(108,10.00,4,527,1),(109,12.00,6,527,3),(110,11.00,4,528,1),(111,10.00,6,528,3),(112,17.00,5,528,1),(113,24.00,3,528,1),(114,13.00,1,528,3),(115,8.00,2,528,3),(116,9.00,6,529,1),(117,28.00,5,529,1),(118,14.00,4,529,1),(119,14.00,1,529,3),(120,23.00,2,529,1),(121,17.00,3,529,3),(122,12.00,3,530,3),(123,16.00,2,530,1),(124,29.00,1,530,1),(125,17.00,4,530,1),(126,28.00,5,530,1),(127,19.00,6,530,3),(128,18.00,3,531,1),(129,42.00,1,531,1),(130,15.00,2,531,1),(131,29.00,4,531,3),(132,23.00,5,531,3),(133,10.00,6,531,3),(134,17.00,6,532,3),(135,24.00,2,532,1),(136,33.00,1,532,1),(137,29.00,3,532,1),(138,18.00,4,532,1),(139,26.00,5,532,1),(140,23.00,5,533,1),(141,12.00,1,533,3),(142,24.00,4,533,3),(143,17.00,2,533,1),(144,19.00,6,533,3),(145,24.00,3,533,1),(146,30.00,3,534,1),(147,25.00,4,534,3),(148,22.00,2,534,1),(149,14.00,6,534,3),(150,22.00,5,534,1),(151,30.00,1,534,1),(152,19.00,3,535,1),(153,10.00,6,535,3),(154,11.00,2,535,3),(155,11.00,1,535,3),(156,12.00,4,535,1),(157,10.00,5,535,3),(158,28.00,4,536,3),(159,20.00,3,536,3),(160,17.00,6,536,3),(161,25.00,5,536,1),(162,5.00,1,536,3),(163,24.00,2,536,1),(164,35.00,1,537,1),(165,17.00,4,537,1),(166,19.00,3,537,1),(167,12.00,6,537,3),(168,26.00,5,537,1),(169,21.00,2,537,1),(170,12.00,5,538,3),(171,26.00,1,538,1),(172,20.00,4,538,1),(173,19.00,6,538,3),(174,32.00,3,538,1),(175,5.00,2,538,3),(176,17.00,5,539,1),(177,14.00,1,539,3),(178,27.00,3,539,1),(179,23.00,2,539,1),(180,15.00,4,539,1),(181,11.00,6,539,1),(182,17.00,4,540,1),(183,5.00,1,540,3),(184,15.00,3,540,1),(185,19.00,5,540,3),(186,5.00,2,540,3),(187,14.00,6,540,1),(188,9.00,2,541,3),(189,26.00,1,541,1),(190,10.00,4,541,1),(191,23.00,5,541,3),(192,24.00,3,541,1),(193,11.00,6,541,3),(194,13.00,6,542,3),(195,40.00,1,542,1),(196,28.00,4,542,3),(197,11.00,2,542,3),(198,14.00,3,542,3),(199,19.00,5,542,1),(200,26.00,1,543,1),(201,14.00,6,543,1),(202,13.00,4,543,1),(203,9.00,3,543,3),(204,8.00,2,543,3),(205,12.00,5,543,3),(206,29.00,4,544,3),(207,30.00,5,544,1),(208,10.00,6,544,3),(209,18.00,3,544,3),(210,18.00,2,544,1),(211,48.00,1,544,1),(212,19.00,4,545,3),(213,14.00,6,545,3),(214,13.00,3,545,3),(215,24.00,5,545,1),(216,5.00,1,545,3),(217,9.00,2,545,3),(218,10.00,6,546,3),(219,26.00,1,546,1),(220,18.00,5,546,3),(221,20.00,4,546,3),(222,20.00,3,546,3),(223,21.00,2,546,1),(224,24.00,5,547,3),(225,12.00,3,547,3),(226,11.00,1,547,3),(227,7.00,2,547,3),(228,15.00,4,547,1),(229,15.00,6,547,3),(230,23.00,2,548,1),(231,8.00,3,548,3),(232,7.00,1,548,3),(233,13.00,6,548,1),(234,20.00,5,548,1),(235,12.00,4,548,1),(236,13.00,1,549,3),(237,21.00,4,549,3),(238,18.00,3,549,1),(239,18.00,6,549,3),(240,5.00,2,549,3),(241,22.00,5,549,3),(242,23.00,3,550,1),(243,19.00,6,550,3),(244,11.00,2,550,3),(245,19.00,4,550,3),(246,8.00,1,550,3),(247,11.00,5,550,3),(248,11.00,6,551,1),(249,20.00,4,551,3),(250,14.00,2,551,1),(251,13.00,5,551,3),(252,6.00,1,551,3),(253,14.00,3,551,3),(254,31.00,1,552,1),(255,5.00,6,552,1),(256,26.00,4,552,3),(257,27.00,5,552,1),(258,18.00,3,552,3),(259,11.00,2,552,1),(260,28.00,5,553,1),(261,19.00,3,553,3),(262,14.00,4,553,1),(263,10.00,1,553,3),(264,11.00,2,553,3),(265,20.00,6,553,3),(266,20.00,4,554,1),(267,20.00,2,554,1),(268,29.00,3,554,1),(269,11.00,5,554,3),(270,11.00,1,554,3),(271,18.00,6,554,3),(272,20.00,6,555,3),(273,6.00,2,555,3),(274,14.00,3,555,3),(275,16.00,4,555,1),(276,16.00,5,555,3),(277,15.00,1,555,3),(278,11.00,4,556,1),(279,12.00,2,556,3),(280,15.00,5,556,1),(281,15.00,6,556,3),(282,35.00,1,556,1),(283,22.00,3,556,1),(284,44.00,1,557,1),(285,30.00,3,557,1),(286,17.00,5,557,3),(287,9.00,2,557,3),(288,10.00,4,557,1),(289,12.00,6,557,3),(290,10.00,1,558,3),(291,7.00,2,558,3),(292,26.00,5,558,1),(293,13.00,4,558,1),(294,20.00,3,558,1),(295,12.00,6,558,1),(296,5.00,6,559,1),(297,24.00,3,559,1),(298,9.00,1,559,3),(299,16.00,4,559,3),(300,17.00,5,559,1),(301,11.00,2,559,3),(302,12.00,6,560,3),(303,27.00,3,560,1),(304,7.00,1,560,3),(305,15.00,4,560,3),(306,13.00,2,560,1),(307,22.00,5,560,1),(308,18.00,6,561,3),(309,13.00,1,561,3),(310,18.00,3,561,3),(311,24.00,5,561,3),(312,15.00,4,561,1),(313,8.00,2,561,3),(314,19.00,6,562,3),(315,12.00,4,562,1),(316,28.00,5,562,1),(317,31.00,1,562,1),(318,20.00,2,562,1),(319,19.00,3,562,1),(320,42.00,1,563,1),(321,28.00,3,563,1),(322,29.00,5,563,1),(323,16.00,6,563,3),(324,14.00,2,563,1),(325,16.00,4,563,3),(326,17.00,5,564,3),(327,17.00,6,564,3),(328,24.00,3,564,1),(329,18.00,4,564,1),(330,49.00,1,564,1),(331,9.00,2,564,3),(332,9.00,2,565,3),(333,22.00,3,565,1),(334,25.00,4,565,3),(335,40.00,1,565,1),(336,15.00,6,565,3),(337,15.00,5,565,3),(338,20.00,2,566,1),(339,20.00,6,566,1),(340,16.00,3,566,3),(341,40.00,1,566,1),(342,11.00,5,566,3),(343,21.00,4,566,3),(344,31.00,1,567,1),(345,32.00,3,567,1),(346,15.00,5,567,1),(347,10.00,2,567,3),(348,20.00,4,567,1),(349,14.00,6,567,1),(350,9.00,3,568,3),(351,16.00,6,568,3),(352,23.00,2,568,1),(353,35.00,1,568,1),(354,19.00,4,568,3),(355,15.00,5,568,1),(356,22.00,5,569,1),(357,10.00,3,569,3),(358,9.00,1,569,3),(359,12.00,4,569,1),(360,9.00,6,569,1),(361,18.00,2,569,1),(362,34.00,3,570,1),(363,20.00,5,570,3),(364,24.00,4,570,3),(365,15.00,6,570,3),(366,13.00,1,570,3),(367,12.00,2,570,3),(368,15.00,4,571,1),(369,21.00,5,571,1),(370,7.00,1,571,3),(371,11.00,3,571,3),(372,10.00,2,571,1),(373,20.00,6,571,1),(374,34.00,1,572,1),(375,23.00,2,572,1),(376,34.00,3,572,1),(377,17.00,4,572,1),(378,16.00,6,572,1),(379,13.00,5,572,3),(380,20.00,4,573,1),(381,9.00,3,573,3),(382,11.00,1,573,3),(383,20.00,6,573,3),(384,19.00,2,573,1),(385,25.00,5,573,1),(386,19.00,4,574,3),(387,11.00,6,574,1),(388,7.00,1,574,3),(389,20.00,3,574,1),(390,15.00,5,574,1),(391,12.00,2,574,1),(392,17.00,4,575,1),(393,10.00,1,575,3),(394,15.00,2,575,1),(395,27.00,5,575,1),(396,17.00,3,575,1),(397,13.00,6,575,3),(398,8.00,2,576,3),(399,18.00,6,576,1),(400,9.00,1,576,3),(401,22.00,5,576,1),(402,19.00,4,576,1),(403,18.00,3,576,3),(404,30.00,1,577,1),(405,8.00,2,577,3),(406,23.00,3,577,1),(407,6.00,6,577,1),(408,27.00,4,577,3),(409,21.00,5,577,1),(410,11.00,2,578,1),(411,29.00,3,578,1),(412,24.00,5,578,1),(413,32.00,1,578,1),(414,11.00,6,578,3),(415,18.00,4,578,1),(416,20.00,3,579,1),(417,14.00,6,579,1),(418,22.00,2,579,1),(419,45.00,1,579,1),(420,24.00,5,579,3),(421,29.00,4,579,3),(422,12.00,6,580,1),(423,7.00,1,580,3),(424,16.00,4,580,1),(425,22.00,5,580,1),(426,8.00,2,580,3),(427,22.00,3,580,1),(428,32.00,1,581,1),(429,20.00,4,581,1),(430,11.00,6,581,3),(431,7.00,2,581,3),(432,10.00,3,581,3),(433,22.00,5,581,3),(434,12.00,6,582,3),(435,19.00,4,582,3),(436,25.00,5,582,1),(437,16.00,2,582,1),(438,21.00,3,582,1),(439,7.00,1,582,3),(440,44.00,1,583,1),(441,7.00,2,583,3),(442,14.00,6,583,3),(443,13.00,5,583,3),(444,12.00,4,583,1),(445,25.00,3,583,1),(446,8.00,2,584,3),(447,28.00,3,584,1),(448,14.00,6,584,1),(449,41.00,1,584,1),(450,23.00,5,584,3),(451,23.00,4,584,3),(452,9.00,3,585,3),(453,15.00,1,585,3),(454,15.00,5,585,3),(455,16.00,6,585,3),(456,12.00,2,585,1),(457,13.00,4,585,1),(458,13.00,6,586,3),(459,19.00,3,586,3),(460,14.00,4,586,1),(461,28.00,1,586,1),(462,11.00,2,586,3),(463,18.00,5,586,3),(464,15.00,6,587,1),(465,34.00,3,587,1),(466,20.00,5,587,3),(467,49.00,1,587,1),(468,24.00,4,587,3),(469,10.00,2,587,3),(470,5.00,1,588,3),(471,14.00,2,588,1),(472,16.00,3,588,1),(473,17.00,6,588,3),(474,16.00,4,588,1),(475,29.00,5,588,1),(476,16.00,5,589,3),(477,29.00,4,589,3),(478,26.00,1,589,1),(479,5.00,2,589,3),(480,20.00,6,589,3),(481,12.00,3,589,3),(482,10.00,5,590,3),(483,7.00,2,590,3),(484,10.00,1,590,3),(485,11.00,6,590,3),(486,20.00,3,590,1),(487,14.00,4,590,1),(488,9.00,2,591,3),(489,25.00,4,591,3),(490,43.00,1,591,1),(491,35.00,3,591,1),(492,25.00,5,591,1),(493,10.00,6,591,3),(494,10.00,1,592,3),(495,22.00,3,592,1),(496,15.00,5,592,3),(497,10.00,2,592,3),(498,13.00,4,592,1),(499,20.00,6,592,1),(500,33.00,3,593,1),(501,26.00,4,593,3),(502,21.00,5,593,3),(503,8.00,6,593,1),(504,11.00,2,593,1),(505,14.00,1,593,3),(506,9.00,2,594,3),(507,10.00,1,594,3),(508,13.00,4,594,1),(509,8.00,6,594,1),(510,23.00,5,594,1),(511,8.00,3,594,3),(512,18.00,2,595,1),(513,14.00,6,595,1),(514,23.00,5,595,3),(515,12.00,3,595,3),(516,12.00,4,595,1),(517,10.00,1,595,3),(518,20.00,3,596,1),(519,13.00,2,596,1),(520,16.00,6,596,1),(521,18.00,4,596,1),(522,14.00,1,596,3),(523,22.00,5,596,3),(524,18.00,3,597,3),(525,5.00,1,597,3),(526,7.00,2,597,3),(527,23.00,4,597,3),(528,22.00,5,597,3),(529,18.00,6,597,3),(530,8.00,2,598,3),(531,32.00,3,598,1),(532,24.00,4,598,3),(533,48.00,1,598,1),(534,17.00,5,598,3),(535,10.00,6,598,3),(536,20.00,5,599,1),(537,18.00,6,599,3),(538,13.00,2,599,1),(539,15.00,3,599,1),(540,18.00,4,599,1),(541,50.00,1,599,1),(542,41.00,1,600,1),(543,5.00,2,600,3),(544,13.00,3,600,3),(545,14.00,6,600,3),(546,23.00,4,600,3),(547,19.00,5,600,1),(548,7.00,1,601,3),(549,17.00,6,601,3),(550,10.00,4,601,1),(551,6.00,2,601,3),(552,19.00,3,601,1),(553,20.00,5,601,3),(554,22.00,4,602,3),(555,19.00,5,602,3),(556,9.00,1,602,3),(557,17.00,6,602,3),(558,11.00,2,602,3),(559,19.00,3,602,1),(560,28.00,3,603,1),(561,8.00,2,603,3),(562,19.00,4,603,3),(563,19.00,5,603,3),(564,49.00,1,603,1),(565,19.00,6,603,3),(566,19.00,5,604,1),(567,8.00,1,604,3),(568,14.00,4,604,1),(569,33.00,3,604,1),(570,14.00,6,604,3),(571,12.00,2,604,3),(572,12.00,1,605,3),(573,10.00,6,605,3),(574,9.00,2,605,3),(575,17.00,3,605,1),(576,15.00,4,605,1),(577,15.00,5,605,3),(578,17.00,5,606,1),(579,29.00,1,606,1),(580,11.00,2,606,1),(581,12.00,3,606,3),(582,17.00,4,606,3),(583,17.00,6,606,1),(584,20.00,6,607,3),(585,30.00,5,607,1),(586,16.00,4,607,3),(587,20.00,3,607,1),(588,31.00,1,607,1),(589,11.00,2,607,1),(590,5.00,2,608,3),(591,12.00,4,608,1),(592,5.00,1,608,3),(593,20.00,6,608,1),(594,23.00,5,608,3),(595,33.00,3,608,1),(596,33.00,3,609,1),(597,18.00,4,609,1),(598,17.00,2,609,1),(599,41.00,1,609,1),(600,26.00,5,609,1),(601,16.00,6,609,3),(602,7.00,2,610,3),(603,15.00,6,610,1),(604,12.00,4,610,1),(605,13.00,3,610,3),(606,43.00,1,610,1),(607,28.00,5,610,1),(608,21.00,2,611,1),(609,11.00,1,611,3),(610,20.00,6,611,1),(611,16.00,3,611,1),(612,22.00,4,611,3),(613,16.00,5,611,1),(614,25.00,5,612,3),(615,11.00,4,612,1),(616,12.00,2,612,3),(617,11.00,3,612,3),(618,10.00,6,612,1),(619,35.00,1,612,1),(620,8.00,6,613,1),(621,39.00,1,613,1),(622,24.00,2,613,1),(623,15.00,5,613,3),(624,31.00,3,613,1),(625,13.00,4,613,1),(626,24.00,3,614,1),(627,24.00,2,614,1),(628,8.00,6,614,1),(629,11.00,1,614,3),(630,15.00,5,614,3),(631,20.00,4,614,1),(632,48.00,1,615,1),(633,23.00,3,615,1),(634,20.00,6,615,3),(635,16.00,4,615,3),(636,10.00,2,615,3),(637,25.00,5,615,1),(638,18.00,4,616,1),(639,15.00,5,616,3),(640,13.00,1,616,3),(641,20.00,3,616,3),(642,15.00,6,616,3),(643,15.00,2,616,1),(644,12.00,4,617,1),(645,10.00,2,617,3),(646,14.00,3,617,3),(647,8.00,1,617,3),(648,17.00,5,617,1),(649,11.00,6,617,3),(650,29.00,1,618,1),(651,15.00,4,618,1),(652,27.00,3,618,1),(653,24.00,5,618,3),(654,12.00,6,618,3),(655,11.00,2,618,3),(656,14.00,3,619,3),(657,22.00,5,619,1),(658,14.00,2,619,1),(659,14.00,6,619,1),(660,39.00,1,619,1),(661,16.00,4,619,1),(662,25.00,2,620,1),(663,21.00,5,620,3),(664,17.00,6,620,3),(665,11.00,3,620,3),(666,16.00,4,620,1),(667,31.00,1,620,1),(668,30.00,5,621,1),(669,34.00,3,621,1),(670,15.00,6,621,1),(671,14.00,1,621,3),(672,15.00,2,621,1),(673,12.00,4,621,1),(674,13.00,6,622,1),(675,15.00,1,622,3),(676,34.00,3,622,1),(677,13.00,4,622,1),(678,25.00,5,622,3),(679,12.00,2,622,1),(680,5.00,2,623,3),(681,10.00,6,623,3),(682,28.00,3,623,1),(683,15.00,4,623,1),(684,22.00,5,623,1),(685,10.00,1,623,3),(686,23.00,4,624,3),(687,8.00,1,624,3),(688,25.00,5,624,3),(689,24.00,2,624,1),(690,19.00,3,624,1),(691,13.00,6,624,3),(692,15.00,5,625,1),(693,12.00,6,625,3),(694,31.00,1,625,1),(695,28.00,4,625,3),(696,20.00,2,625,1),(697,25.00,3,625,1),(698,6.00,1,626,3),(699,17.00,2,626,1),(700,19.00,6,626,3),(701,14.00,5,626,3),(702,24.00,3,626,1),(703,17.00,4,626,1),(704,11.00,2,627,1),(705,39.00,1,627,1),(706,13.00,3,627,3),(707,21.00,5,627,1),(708,24.00,4,627,3),(709,9.00,6,627,1),(710,36.00,1,628,1),(711,27.00,4,628,3),(712,28.00,3,628,1),(713,18.00,5,628,1),(714,14.00,6,628,3),(715,8.00,2,628,3),(716,15.00,2,629,1),(717,30.00,4,629,3),(718,18.00,6,629,3),(719,30.00,5,629,1),(720,13.00,1,629,3),(721,19.00,3,629,3),(722,12.00,4,630,1),(723,23.00,2,630,1),(724,30.00,5,630,1),(725,15.00,6,630,1),(726,13.00,1,630,3),(727,17.00,3,630,3),(728,25.00,4,631,3),(729,11.00,2,631,3),(730,14.00,3,631,3),(731,12.00,5,631,3),(732,7.00,6,631,1),(733,36.00,1,631,1),(734,17.00,4,632,3),(735,7.00,1,632,3),(736,8.00,2,632,3),(737,25.00,3,632,1),(738,14.00,6,632,1),(739,18.00,5,632,3),(740,5.00,6,633,1),(741,13.00,2,633,1),(742,19.00,4,633,3),(743,15.00,5,633,3),(744,10.00,3,633,3),(745,8.00,1,633,3),(746,25.00,4,634,3),(747,18.00,5,634,1),(748,20.00,2,634,1),(749,11.00,3,634,3),(750,14.00,6,634,3),(751,8.00,1,634,3),(752,6.00,2,635,3),(753,16.00,6,635,3),(754,9.00,3,635,3),(755,15.00,5,635,1),(756,10.00,1,635,3),(757,11.00,4,635,1),(758,18.00,6,636,1),(759,14.00,3,636,3),(760,14.00,5,636,3),(761,12.00,2,636,1),(762,19.00,4,636,1),(763,46.00,1,636,1),(764,23.00,4,637,3),(765,20.00,6,637,1),(766,8.00,3,637,3),(767,6.00,1,637,3),(768,8.00,2,637,3),(769,15.00,5,637,3),(770,18.00,2,638,1),(771,18.00,4,638,1),(772,25.00,3,638,1),(773,43.00,1,638,1),(774,17.00,5,638,1),(775,17.00,6,638,1),(776,14.00,4,639,1),(777,11.00,6,639,1),(778,13.00,1,639,3),(779,9.00,2,639,3),(780,29.00,3,639,1),(781,18.00,5,639,3),(782,20.00,5,640,3),(783,14.00,2,640,1),(784,20.00,4,640,1),(785,45.00,1,640,1),(786,29.00,3,640,1),(787,19.00,6,640,3),(788,16.00,3,641,3),(789,16.00,2,641,1),(790,47.00,1,641,1),(791,15.00,5,641,3),(792,13.00,6,641,3),(793,19.00,4,641,1),(794,18.00,6,642,3),(795,13.00,1,642,3),(796,35.00,3,642,1),(797,12.00,5,642,3),(798,5.00,2,642,3),(799,30.00,4,642,3),(800,28.00,1,643,1),(801,14.00,6,643,1),(802,16.00,3,643,3),(803,11.00,2,643,1),(804,29.00,5,643,1),(805,15.00,4,643,1),(806,19.00,2,644,1),(807,18.00,4,644,3),(808,14.00,6,644,3),(809,20.00,3,644,3),(810,11.00,1,644,3),(811,21.00,5,644,3),(812,18.00,2,645,1),(813,15.00,5,645,1),(814,16.00,4,645,3),(815,14.00,6,645,3),(816,34.00,1,645,1),(817,14.00,3,645,3),(818,9.00,3,646,3),(819,25.00,5,646,1),(820,22.00,4,646,3),(821,40.00,1,646,1),(822,11.00,2,646,1),(823,14.00,6,646,1),(824,18.00,3,647,3),(825,6.00,1,647,3),(826,7.00,2,647,3),(827,24.00,5,647,1),(828,16.00,6,647,1),(829,21.00,4,647,3),(830,15.00,5,648,3),(831,19.00,3,648,3),(832,15.00,4,648,1),(833,11.00,2,648,3),(834,18.00,6,648,3),(835,14.00,1,648,3),(836,11.00,4,649,1),(837,10.00,2,649,1),(838,26.00,5,649,1),(839,18.00,6,649,3),(840,5.00,1,649,3),(841,12.00,3,649,3),(842,35.00,3,650,1),(843,16.00,5,650,1),(844,30.00,1,650,1),(845,18.00,4,650,1),(846,17.00,6,650,1),(847,7.00,2,650,3),(848,16.00,4,651,1),(849,24.00,5,651,3),(850,9.00,3,651,3),(851,7.00,6,651,1),(852,5.00,2,651,3),(853,45.00,1,651,1),(854,7.00,2,652,3),(855,23.00,5,652,1),(856,13.00,3,652,3),(857,33.00,1,652,1),(858,11.00,4,652,1),(859,13.00,6,652,1),(860,21.00,5,653,3),(861,22.00,4,653,3),(862,15.00,2,653,1),(863,26.00,1,653,1),(864,14.00,6,653,1),(865,9.00,3,653,3),(866,41.00,1,654,1),(867,25.00,3,654,1),(868,14.00,5,654,3),(869,13.00,6,654,1),(870,8.00,2,654,3),(871,13.00,4,654,1),(872,12.00,1,655,3),(873,15.00,6,655,1),(874,12.00,2,655,3),(875,26.00,4,655,3),(876,23.00,5,655,1),(877,22.00,3,655,1),(878,31.00,1,656,1),(879,27.00,3,656,1),(880,23.00,5,656,1),(881,15.00,4,656,1),(882,9.00,2,656,3),(883,18.00,6,656,3),(884,10.00,4,657,1),(885,10.00,3,657,3),(886,11.00,2,657,1),(887,25.00,5,657,3),(888,12.00,6,657,3),(889,30.00,1,657,1),(890,21.00,2,658,1),(891,15.00,5,658,3),(892,7.00,1,658,3),(893,16.00,3,658,3),(894,28.00,4,658,3),(895,19.00,6,658,1),(896,14.00,3,659,3),(897,7.00,6,659,1),(898,8.00,2,659,3),(899,10.00,1,659,3),(900,14.00,4,659,1),(901,11.00,5,659,3),(902,10.00,3,660,3),(903,13.00,1,660,3),(904,11.00,2,660,3),(905,29.00,5,660,1),(906,16.00,6,660,3),(907,29.00,4,660,3),(908,18.00,2,661,1),(909,48.00,1,661,1),(910,8.00,6,661,1),(911,12.00,5,661,3),(912,17.00,3,661,1),(913,14.00,4,661,1),(914,11.00,6,662,3),(915,6.00,1,662,3),(916,5.00,2,662,3),(917,18.00,4,662,3),(918,30.00,3,662,1),(919,12.00,5,662,3),(920,11.00,3,663,3),(921,14.00,4,663,1),(922,16.00,6,663,3),(923,17.00,5,663,3),(924,10.00,2,663,3),(925,12.00,1,663,3),(926,16.00,3,664,3),(927,13.00,2,664,1),(928,13.00,4,664,1),(929,15.00,6,664,3),(930,24.00,5,664,1),(931,15.00,1,664,3),(932,15.00,4,665,1),(933,13.00,6,665,1),(934,11.00,5,665,3),(935,13.00,1,665,3),(936,17.00,2,665,1),(937,13.00,3,665,3),(938,9.00,1,666,3),(939,10.00,4,666,1),(940,16.00,5,666,3),(941,13.00,2,666,1),(942,9.00,6,666,1),(943,10.00,3,666,3),(944,6.00,2,667,3),(945,24.00,3,667,1),(946,37.00,1,667,1),(947,10.00,4,667,1),(948,25.00,5,667,3),(949,14.00,6,667,3),(950,11.00,6,668,1),(951,10.00,5,668,3),(952,22.00,2,668,1),(953,27.00,1,668,1),(954,13.00,4,668,1),(955,8.00,3,668,3),(956,18.00,6,669,3),(957,27.00,3,669,1),(958,18.00,4,669,3),(959,5.00,1,669,3),(960,19.00,5,669,3),(961,21.00,2,669,1),(962,12.00,5,670,3),(963,8.00,2,670,3),(964,24.00,3,670,1),(965,10.00,4,670,1),(966,25.00,1,670,1),(967,20.00,6,670,3),(968,20.00,4,671,1),(969,12.00,6,671,1),(970,35.00,1,671,1),(971,25.00,5,671,3),(972,12.00,2,671,1),(973,19.00,3,671,1),(974,14.00,5,672,3),(975,12.00,6,672,3),(976,24.00,2,672,1),(977,16.00,4,672,1),(978,25.00,1,672,1),(979,14.00,3,672,3),(980,34.00,3,673,1),(981,19.00,5,673,1),(982,14.00,1,673,3),(983,12.00,4,673,1),(984,11.00,2,673,1),(985,20.00,6,673,1),(986,8.00,2,674,3),(987,13.00,3,674,3),(988,15.00,1,674,3),(989,20.00,4,674,3),(990,23.00,5,674,3),(991,7.00,6,674,1),(992,10.00,3,675,3),(993,19.00,4,675,3),(994,30.00,5,675,1),(995,17.00,6,675,3),(996,45.00,1,675,1),(997,15.00,2,675,1),(998,28.00,5,676,1),(999,38.00,1,676,1),(1000,24.00,3,676,1),(1001,29.00,4,676,3),(1002,8.00,2,676,3),(1003,7.00,6,676,1),(1004,13.00,3,677,3),(1005,6.00,2,677,3),(1006,16.00,5,677,1),(1007,13.00,6,677,1),(1008,14.00,1,677,3),(1009,13.00,4,677,1),(1010,10.00,2,678,3),(1011,15.00,3,678,3),(1012,18.00,4,678,3),(1013,29.00,5,678,1),(1014,15.00,1,678,3),(1015,17.00,6,678,1),(1016,17.00,4,679,1),(1017,11.00,2,679,3),(1018,21.00,5,679,3),(1019,10.00,6,679,1),(1020,29.00,3,679,1),(1021,13.00,1,679,3),(1022,6.00,1,680,3),(1023,6.00,2,680,3),(1024,21.00,5,680,1),(1025,16.00,4,680,3),(1026,6.00,6,680,1),(1027,14.00,3,680,3),(1028,12.00,2,681,3),(1029,12.00,4,681,1),(1030,14.00,3,681,3),(1031,14.00,6,681,3),(1032,22.00,5,681,1),(1033,14.00,1,681,3),(1034,14.00,1,682,3),(1035,22.00,2,682,1),(1036,14.00,3,682,3),(1037,19.00,4,682,3),(1038,16.00,6,682,3),(1039,17.00,5,682,3),(1040,6.00,2,683,3),(1041,13.00,3,683,3),(1042,16.00,6,683,1),(1043,45.00,1,683,1),(1044,17.00,4,683,1),(1045,22.00,5,683,3),(1046,44.00,1,684,1),(1047,13.00,5,684,3),(1048,16.00,3,684,3),(1049,11.00,4,684,1),(1050,10.00,2,684,3),(1051,5.00,6,684,1),(1052,20.00,4,685,3),(1053,21.00,2,685,1),(1054,17.00,5,685,1),(1055,5.00,1,685,3),(1056,12.00,3,685,3),(1057,15.00,6,685,1),(1058,15.00,3,686,1),(1059,11.00,6,686,1),(1060,11.00,1,686,3),(1061,30.00,4,686,3),(1062,12.00,2,686,1),(1063,25.00,5,686,3),(1064,17.00,5,687,1),(1065,24.00,2,687,1),(1066,19.00,6,687,1),(1067,32.00,1,687,1),(1068,23.00,4,687,3),(1069,21.00,3,687,1),(1070,29.00,3,688,1),(1071,10.00,4,688,1),(1072,29.00,1,688,1),(1073,15.00,5,688,3),(1074,11.00,2,688,3),(1075,15.00,6,688,3),(1076,50.00,1,689,1),(1077,6.00,2,689,3),(1078,22.00,5,689,3),(1079,15.00,6,689,1),(1080,18.00,4,689,1),(1081,20.00,3,689,3),(1082,12.00,5,690,3),(1083,18.00,3,690,3),(1084,23.00,2,690,1),(1085,50.00,1,690,1),(1086,28.00,4,690,3),(1087,5.00,6,690,1),(1088,34.00,1,691,1),(1089,16.00,6,691,3),(1090,13.00,4,691,1),(1091,18.00,5,691,1),(1092,30.00,3,691,1),(1093,5.00,2,691,3),(1094,12.00,6,692,3),(1095,20.00,5,692,1),(1096,31.00,3,692,1),(1097,9.00,2,692,3),(1098,18.00,4,692,3),(1099,13.00,1,692,3),(1100,12.00,6,693,3),(1101,17.00,2,693,1),(1102,14.00,5,693,3),(1103,15.00,3,693,3),(1104,25.00,4,693,3),(1105,30.00,1,693,1),(1106,17.00,2,694,1),(1107,25.00,5,694,1),(1108,32.00,1,694,1),(1109,18.00,4,694,3),(1110,11.00,6,694,3),(1111,9.00,3,694,3),(1112,13.00,4,695,1),(1113,16.00,2,695,1),(1114,11.00,6,695,1),(1115,15.00,1,695,3),(1116,13.00,5,695,3),(1117,25.00,3,695,1),(1118,10.00,2,696,3),(1119,9.00,3,696,3),(1120,15.00,4,696,1),(1121,9.00,1,696,3),(1122,18.00,6,696,3),(1123,18.00,5,696,3),(1124,15.00,2,697,1),(1125,32.00,1,697,1),(1126,24.00,4,697,3),(1127,16.00,6,697,1),(1128,18.00,5,697,1),(1129,9.00,3,697,3),(1130,24.00,5,698,3),(1131,9.00,3,698,3),(1132,13.00,6,698,3),(1133,19.00,4,698,3),(1134,47.00,1,698,1),(1135,10.00,2,698,1),(1136,6.00,2,699,3),(1137,20.00,6,699,3),(1138,20.00,3,699,1),(1139,19.00,4,699,1),(1140,19.00,5,699,3),(1141,15.00,1,699,3),(1142,14.00,6,700,3),(1143,13.00,3,700,3),(1144,20.00,2,700,1),(1145,15.00,5,700,3),(1146,25.00,4,700,3),(1147,28.00,1,700,1),(1148,30.00,1,701,1),(1149,12.00,3,701,3),(1150,9.00,6,701,1),(1151,30.00,4,701,3),(1152,8.00,2,701,3),(1153,14.00,5,701,3),(1154,20.00,4,702,3),(1155,10.00,2,702,3),(1156,22.00,5,702,1),(1157,30.00,3,702,1),(1158,19.00,6,702,3),(1159,7.00,1,702,3),(1160,14.00,1,703,3),(1161,18.00,4,703,1),(1162,10.00,6,703,3),(1163,27.00,3,703,1),(1164,11.00,2,703,3),(1165,24.00,5,703,3),(1166,14.00,1,704,3),(1167,19.00,6,704,3),(1168,25.00,2,704,1),(1169,25.00,5,704,1),(1170,25.00,4,704,3),(1171,31.00,3,704,1),(1172,20.00,2,705,1),(1173,12.00,6,705,3),(1174,24.00,3,705,1),(1175,26.00,1,705,1),(1176,24.00,5,705,1),(1177,11.00,4,705,1),(1178,8.00,2,706,3),(1179,29.00,5,706,1),(1180,41.00,1,706,1),(1181,15.00,4,706,1),(1182,19.00,6,706,1),(1183,22.00,3,706,1),(1184,25.00,4,707,3),(1185,17.00,2,707,1),(1186,15.00,6,707,1),(1187,25.00,5,707,1),(1188,28.00,3,707,1),(1189,7.00,1,707,3),(1190,24.00,5,708,1),(1191,30.00,1,708,1),(1192,18.00,6,708,3),(1193,28.00,4,708,3),(1194,24.00,3,708,1),(1195,9.00,2,708,3),(1196,20.00,5,709,1),(1197,19.00,2,709,1),(1198,33.00,3,709,1),(1199,11.00,1,709,3),(1200,15.00,4,709,1),(1201,17.00,6,709,3),(1202,16.00,5,710,1),(1203,11.00,2,710,3),(1204,28.00,3,710,1),(1205,50.00,1,710,1),(1206,20.00,4,710,3),(1207,13.00,6,710,3),(1208,11.00,6,711,1),(1209,19.00,3,711,3),(1210,13.00,5,711,3),(1211,20.00,4,711,1),(1212,11.00,2,711,3),(1213,8.00,1,711,3),(1214,11.00,2,712,3),(1215,45.00,1,712,1),(1216,22.00,5,712,3),(1217,19.00,6,712,3),(1218,28.00,4,712,3),(1219,20.00,3,712,1),(1220,11.00,2,713,1),(1221,6.00,1,713,3),(1222,15.00,5,713,3),(1223,31.00,3,713,1),(1224,16.00,6,713,1),(1225,14.00,4,713,1),(1226,18.00,6,714,1),(1227,11.00,2,714,3),(1228,21.00,4,714,3),(1229,43.00,1,714,1),(1230,23.00,3,714,1),(1231,27.00,5,714,1),(1232,13.00,4,715,1),(1233,11.00,1,715,3),(1234,9.00,2,715,3),(1235,20.00,6,715,1),(1236,12.00,5,715,3),(1237,19.00,3,715,3),(1238,30.00,4,716,3),(1239,19.00,6,716,1),(1240,12.00,2,716,3),(1241,5.00,1,716,3),(1242,24.00,5,716,1),(1243,19.00,3,716,1),(1244,28.00,3,717,1),(1245,12.00,5,717,3),(1246,12.00,4,717,1),(1247,18.00,6,717,1),(1248,17.00,2,717,1),(1249,44.00,1,717,1),(1250,11.00,3,718,3),(1251,40.00,1,718,1),(1252,10.00,6,718,3),(1253,24.00,5,718,1),(1254,8.00,2,718,3),(1255,24.00,4,718,3),(1256,12.00,2,719,3),(1257,16.00,5,719,3),(1258,19.00,3,719,1),(1259,9.00,6,719,1),(1260,38.00,1,719,1),(1261,19.00,4,719,1),(1262,21.00,3,720,1),(1263,13.00,6,720,3),(1264,41.00,1,720,1),(1265,17.00,4,720,3),(1266,13.00,5,720,3),(1267,25.00,2,720,1),(1268,19.00,6,721,3),(1269,5.00,2,721,3),(1270,12.00,4,721,1),(1271,9.00,3,721,3),(1272,8.00,1,721,3),(1273,10.00,5,721,3),(1274,15.00,5,722,1),(1275,34.00,3,722,1),(1276,17.00,6,722,3),(1277,14.00,1,722,3),(1278,11.00,4,722,1),(1279,5.00,2,722,3),(1280,25.00,1,723,1),(1281,18.00,5,723,3),(1282,17.00,4,723,1),(1283,12.00,6,723,1),(1284,17.00,3,723,3),(1285,24.00,2,723,1),(1286,29.00,3,724,1),(1287,16.00,6,724,1),(1288,50.00,1,724,1),(1289,23.00,5,724,3),(1290,26.00,4,724,3),(1291,10.00,2,724,3),(1292,18.00,6,725,3),(1293,50.00,1,725,1),(1294,20.00,4,725,1),(1295,13.00,5,725,3),(1296,10.00,2,725,1),(1297,12.00,3,725,3),(1298,22.00,5,726,3),(1299,8.00,1,726,3),(1300,12.00,6,726,3),(1301,17.00,3,726,1),(1302,29.00,4,726,3),(1303,5.00,2,726,3),(1304,5.00,2,727,3),(1305,14.00,6,727,3),(1306,16.00,4,727,3),(1307,35.00,3,727,1),(1308,21.00,5,727,1),(1309,15.00,1,727,3),(1310,11.00,3,728,3),(1311,19.00,4,728,3),(1312,46.00,1,728,1),(1313,14.00,6,728,3),(1314,21.00,2,728,1),(1315,27.00,5,728,1),(1316,24.00,3,729,1),(1317,21.00,5,729,1),(1318,8.00,2,729,3),(1319,48.00,1,729,1),(1320,19.00,4,729,3),(1321,11.00,6,729,1),(1322,29.00,1,730,1),(1323,22.00,2,730,1),(1324,20.00,3,730,1),(1325,24.00,5,730,3),(1326,16.00,6,730,3),(1327,24.00,4,730,3),(1328,10.00,5,731,3),(1329,10.00,2,731,3),(1330,15.00,1,731,3),(1331,12.00,3,731,3),(1332,15.00,6,731,1),(1333,26.00,4,731,3),(1334,22.00,5,732,3),(1335,18.00,3,732,3),(1336,17.00,4,732,3),(1337,14.00,6,732,3),(1338,9.00,1,732,3),(1339,11.00,2,732,1),(1340,23.00,2,733,1),(1341,7.00,1,733,3),(1342,13.00,3,733,3),(1343,11.00,4,733,1),(1344,16.00,5,733,1),(1345,7.00,6,733,1),(1346,11.00,1,734,3),(1347,26.00,4,734,3),(1348,35.00,3,734,1),(1349,17.00,5,734,3),(1350,10.00,6,734,1),(1351,5.00,2,734,3),(1352,6.00,2,735,3),(1353,19.00,6,735,3),(1354,33.00,3,735,1),(1355,15.00,5,735,1),(1356,46.00,1,735,1),(1357,12.00,4,735,1),(1358,28.00,5,736,1),(1359,13.00,2,736,1),(1360,33.00,3,736,1),(1361,48.00,1,736,1),(1362,14.00,4,736,1),(1363,8.00,6,736,1),(1364,24.00,5,737,3),(1365,16.00,3,737,3),(1366,21.00,4,737,3),(1367,30.00,1,737,1),(1368,14.00,6,737,1),(1369,9.00,2,737,3),(1370,10.00,4,738,1),(1371,25.00,2,738,1),(1372,14.00,1,738,3),(1373,29.00,3,738,1),(1374,15.00,6,738,1),(1375,21.00,5,738,1),(1376,32.00,1,739,1),(1377,20.00,4,739,1),(1378,21.00,5,739,1),(1379,16.00,6,739,3),(1380,32.00,3,739,1),(1381,7.00,2,739,3),(1382,15.00,1,740,3),(1383,7.00,2,740,3),(1384,16.00,6,740,3),(1385,17.00,3,740,3),(1386,30.00,4,740,3),(1387,22.00,5,740,1),(1388,9.00,3,741,3),(1389,17.00,4,741,3),(1390,36.00,1,741,1),(1391,15.00,5,741,1),(1392,14.00,6,741,3),(1393,18.00,2,741,1),(1394,14.00,3,742,3),(1395,14.00,4,742,1),(1396,48.00,1,742,1),(1397,17.00,5,742,3),(1398,23.00,2,742,1),(1399,8.00,6,742,1),(1400,13.00,1,743,3),(1401,16.00,3,743,3),(1402,15.00,6,743,3),(1403,5.00,2,743,3),(1404,19.00,5,743,1),(1405,15.00,4,743,1),(1406,10.00,2,744,3),(1407,28.00,3,744,1),(1408,19.00,4,744,3),(1409,24.00,5,744,1),(1410,13.00,6,744,1),(1411,11.00,1,744,3),(1412,10.00,1,745,3),(1413,15.00,3,745,3),(1414,8.00,6,745,1),(1415,7.00,2,745,3),(1416,26.00,4,745,3),(1417,20.00,5,745,1),(1418,18.00,2,746,1),(1419,27.00,3,746,1),(1420,13.00,5,746,3),(1421,13.00,4,746,1),(1422,19.00,6,746,3),(1423,13.00,1,746,3),(1424,13.00,6,747,3),(1425,27.00,1,747,1),(1426,19.00,2,747,1),(1427,16.00,4,747,1),(1428,12.00,3,747,3),(1429,15.00,5,747,1),(1430,14.00,1,748,3),(1431,11.00,2,748,3),(1432,23.00,4,748,3),(1433,15.00,6,748,3),(1434,28.00,3,748,1),(1435,17.00,5,748,1),(1436,19.00,6,749,1),(1437,11.00,5,749,3),(1438,21.00,4,749,3),(1439,35.00,3,749,1),(1440,45.00,1,749,1),(1441,7.00,2,749,3),(1442,19.00,4,750,3),(1443,20.00,2,750,1),(1444,20.00,5,750,3),(1445,16.00,6,750,3),(1446,18.00,3,750,3),(1447,14.00,1,750,3),(1448,47.00,1,751,1),(1449,16.00,2,751,1),(1450,19.00,6,751,3),(1451,19.00,4,751,1),(1452,19.00,5,751,3),(1453,8.00,3,751,3),(1454,19.00,3,752,3),(1455,23.00,5,752,1),(1456,19.00,2,752,1),(1457,15.00,6,752,3),(1458,44.00,1,752,1),(1459,27.00,4,752,3),(1460,44.00,1,753,1),(1461,32.00,3,753,1),(1462,13.00,4,753,1),(1463,14.00,2,753,1),(1464,13.00,6,753,1),(1465,21.00,5,753,1),(1466,11.00,2,754,3),(1467,19.00,6,754,3),(1468,7.00,1,754,3),(1469,16.00,3,754,3),(1470,19.00,4,754,1),(1471,12.00,5,754,3),(1472,14.00,4,755,1),(1473,16.00,6,755,3),(1474,26.00,1,755,1),(1475,12.00,2,755,3),(1476,16.00,5,755,3),(1477,10.00,3,755,3),(1478,5.00,1,756,3),(1479,17.00,4,756,1),(1480,15.00,2,756,1),(1481,15.00,5,756,3),(1482,18.00,3,756,1),(1483,13.00,6,756,3),(1484,17.00,6,757,3),(1485,29.00,3,757,1),(1486,25.00,1,757,1),(1487,19.00,4,757,1),(1488,22.00,2,757,1),(1489,29.00,5,757,1),(1490,16.00,2,758,1),(1491,32.00,3,758,1),(1492,28.00,4,758,3),(1493,10.00,6,758,3),(1494,15.00,1,758,3),(1495,23.00,5,758,3),(1496,14.00,1,759,3),(1497,12.00,4,759,1),(1498,24.00,5,759,1),(1499,11.00,2,759,3),(1500,17.00,6,759,1),(1501,26.00,3,759,1),(1502,35.00,1,760,1),(1503,10.00,2,760,3),(1504,16.00,4,760,3),(1505,19.00,3,760,3),(1506,28.00,5,760,1),(1507,19.00,6,760,1),(1508,49.00,1,761,1),(1509,10.00,5,761,3),(1510,15.00,6,761,1),(1511,21.00,2,761,1),(1512,8.00,3,761,3),(1513,15.00,4,761,1),(1514,17.00,4,762,1),(1515,18.00,3,762,1),(1516,25.00,5,762,1),(1517,18.00,6,762,3),(1518,6.00,2,762,3),(1519,36.00,1,762,1),(1520,5.00,2,763,3),(1521,8.00,1,763,3),(1522,8.00,3,763,3),(1523,7.00,6,763,1),(1524,20.00,5,763,1),(1525,19.00,4,763,1),(1526,23.00,5,764,1),(1527,6.00,2,764,3),(1528,17.00,3,764,3),(1529,15.00,1,764,3),(1530,15.00,4,764,1),(1531,17.00,6,764,1),(1532,13.00,4,765,1),(1533,18.00,3,765,3),(1534,10.00,6,765,3),(1535,8.00,1,765,3),(1536,11.00,2,765,3),(1537,25.00,5,765,1),(1538,15.00,6,766,3),(1539,6.00,2,766,3),(1540,44.00,1,766,1),(1541,15.00,3,766,3),(1542,23.00,4,766,3),(1543,10.00,5,766,3),(1544,16.00,6,767,1),(1545,34.00,1,767,1),(1546,8.00,2,767,3),(1547,30.00,3,767,1),(1548,15.00,4,767,1),(1549,22.00,5,767,1),(1550,25.00,5,768,3),(1551,12.00,3,768,3),(1552,17.00,4,768,1),(1553,41.00,1,768,1),(1554,5.00,2,768,3),(1555,18.00,6,768,1),(1556,23.00,2,769,1),(1557,22.00,3,769,1),(1558,5.00,1,769,3),(1559,15.00,5,769,3),(1560,30.00,4,769,3),(1561,14.00,6,769,3),(1562,30.00,4,770,3),(1563,5.00,1,770,3),(1564,19.00,6,770,1),(1565,9.00,2,770,3),(1566,22.00,5,770,3),(1567,20.00,3,770,3),(1568,19.00,3,771,1),(1569,10.00,2,771,1),(1570,14.00,6,771,3),(1571,28.00,5,771,1),(1572,34.00,1,771,1),(1573,21.00,4,771,3),(1574,13.00,6,772,3),(1575,11.00,4,772,1),(1576,26.00,5,772,1),(1577,17.00,3,772,1),(1578,28.00,1,772,1),(1579,23.00,2,772,1),(1580,5.00,2,773,3),(1581,14.00,5,773,3),(1582,17.00,4,773,3),(1583,12.00,6,773,1),(1584,33.00,3,773,1),(1585,33.00,1,773,1),(1586,11.00,4,774,1),(1587,35.00,3,774,1),(1588,13.00,1,774,3),(1589,22.00,5,774,3),(1590,12.00,6,774,1),(1591,7.00,2,774,3),(1592,46.00,1,775,1),(1593,21.00,2,775,1),(1594,17.00,5,775,3),(1595,27.00,4,775,3),(1596,22.00,3,775,1),(1597,14.00,6,775,1),(1598,13.00,3,776,3),(1599,15.00,4,776,1),(1600,15.00,6,776,1),(1601,15.00,1,776,3),(1602,7.00,2,776,3),(1603,25.00,5,776,3),(1604,46.00,1,777,1),(1605,7.00,2,777,3),(1606,34.00,3,777,1),(1607,12.00,4,777,1),(1608,17.00,6,777,3),(1609,18.00,5,777,3),(1610,5.00,2,778,3),(1611,23.00,5,778,1),(1612,10.00,4,778,1),(1613,31.00,1,778,1),(1614,18.00,3,778,1),(1615,18.00,6,778,3),(1616,14.00,1,779,3),(1617,12.00,6,779,1),(1618,10.00,2,779,3),(1619,28.00,3,779,1),(1620,16.00,4,779,1),(1621,22.00,5,779,1),(1622,12.00,4,780,1),(1623,19.00,2,780,1),(1624,17.00,5,780,1),(1625,44.00,1,780,1),(1626,15.00,6,780,1),(1627,8.00,3,780,3),(1628,32.00,1,781,1),(1629,17.00,6,781,1),(1630,16.00,5,781,3),(1631,30.00,3,781,1),(1632,19.00,4,781,3),(1633,15.00,2,781,1),(1634,10.00,4,782,1),(1635,16.00,6,782,3),(1636,6.00,1,782,3),(1637,19.00,2,782,1),(1638,10.00,3,782,3),(1639,10.00,5,782,3),(1640,15.00,3,783,3),(1641,43.00,1,783,1),(1642,10.00,6,783,1),(1643,12.00,4,783,1),(1644,21.00,2,783,1),(1645,17.00,5,783,3),(1646,22.00,2,784,1),(1647,26.00,3,784,1),(1648,12.00,6,784,3),(1649,13.00,4,784,1),(1650,41.00,1,784,1),(1651,22.00,5,784,3),(1652,16.00,4,785,3),(1653,16.00,3,785,3),(1654,21.00,2,785,1),(1655,12.00,6,785,1),(1656,15.00,5,785,1),(1657,10.00,1,785,3),(1658,25.00,4,786,3),(1659,16.00,5,786,3),(1660,13.00,6,786,1),(1661,16.00,3,786,1),(1662,21.00,2,786,1),(1663,13.00,1,786,3),(1664,9.00,1,787,3),(1665,22.00,5,787,3),(1666,20.00,4,787,1),(1667,11.00,2,787,3),(1668,11.00,6,787,3),(1669,17.00,3,787,1),(1670,38.00,1,788,1),(1671,29.00,5,788,1),(1672,5.00,2,788,3),(1673,17.00,4,788,1),(1674,20.00,6,788,3),(1675,23.00,3,788,1),(1676,11.00,5,789,3),(1677,16.00,6,789,1),(1678,9.00,3,789,3),(1679,8.00,1,789,3),(1680,25.00,4,789,3),(1681,19.00,2,789,1),(1682,23.00,5,790,3),(1683,22.00,3,790,1),(1684,11.00,1,790,3),(1685,10.00,2,790,1),(1686,19.00,4,790,1),(1687,6.00,6,790,1),(1688,8.00,2,791,3),(1689,10.00,3,791,3),(1690,17.00,4,791,3),(1691,16.00,6,791,3),(1692,22.00,5,791,1),(1693,14.00,1,791,3),(1694,16.00,6,792,3),(1695,23.00,4,792,3),(1696,22.00,5,792,3),(1697,40.00,1,792,1),(1698,30.00,3,792,1),(1699,21.00,2,792,1),(1700,20.00,4,793,3),(1701,22.00,3,793,1),(1702,13.00,6,793,1),(1703,49.00,1,793,1),(1704,7.00,2,793,3),(1705,11.00,5,793,3),(1706,15.00,1,794,3),(1707,20.00,3,794,1),(1708,10.00,6,794,3),(1709,24.00,2,794,1),(1710,18.00,4,794,3),(1711,13.00,5,794,3),(1712,18.00,3,795,3),(1713,38.00,1,795,1),(1714,20.00,2,795,1),(1715,17.00,6,795,3),(1716,28.00,4,795,3),(1717,16.00,5,795,1),(1718,10.00,2,796,1),(1719,15.00,5,796,1),(1720,14.00,6,796,1),(1721,12.00,4,796,1),(1722,29.00,3,796,1),(1723,10.00,1,796,3),(1724,17.00,4,797,1),(1725,15.00,1,797,3),(1726,27.00,3,797,1),(1727,17.00,6,797,1),(1728,30.00,5,797,1),(1729,19.00,2,797,1),(1730,11.00,1,798,3),(1731,18.00,4,798,1),(1732,14.00,5,798,3),(1733,9.00,2,798,3),(1734,18.00,6,798,1),(1735,18.00,3,798,1),(1736,19.00,5,799,3),(1737,34.00,3,799,1),(1738,7.00,1,799,3),(1739,21.00,2,799,1),(1740,23.00,4,799,3),(1741,9.00,6,799,1),(1742,28.00,3,800,1),(1743,25.00,5,800,3),(1744,11.00,6,800,1),(1745,16.00,2,800,1),(1746,20.00,4,800,1),(1747,48.00,1,800,1),(1748,15.00,3,801,3),(1749,25.00,4,801,3),(1750,10.00,6,801,1),(1751,29.00,5,801,1),(1752,33.00,1,801,1),(1753,5.00,2,801,3),(1754,10.00,4,802,1),(1755,26.00,3,802,1),(1756,17.00,5,802,1),(1757,12.00,6,802,1),(1758,13.00,1,802,3),(1759,18.00,2,802,1),(1760,27.00,4,803,3),(1761,18.00,6,803,3),(1762,5.00,1,803,3),(1763,15.00,2,803,1),(1764,23.00,5,803,1),(1765,15.00,3,803,1),(1766,11.00,4,804,1),(1767,16.00,6,804,3),(1768,18.00,5,804,3),(1769,5.00,1,804,3),(1770,25.00,2,804,1),(1771,22.00,3,804,1),(1772,6.00,1,805,3),(1773,16.00,2,805,1),(1774,26.00,4,805,3),(1775,19.00,6,805,3),(1776,14.00,3,805,3),(1777,16.00,5,805,1),(1778,20.00,3,806,3),(1779,11.00,1,806,3),(1780,22.00,4,806,3),(1781,18.00,2,806,1),(1782,16.00,6,806,1),(1783,10.00,5,806,3),(1784,11.00,5,807,3),(1785,21.00,4,807,3),(1786,6.00,2,807,3),(1787,50.00,1,807,1),(1788,19.00,3,807,3),(1789,12.00,6,807,3),(1790,17.00,6,808,3),(1791,16.00,4,808,3),(1792,15.00,1,808,3),(1793,13.00,3,808,3),(1794,21.00,5,808,1),(1795,9.00,2,808,3),(1796,39.00,1,809,1),(1797,19.00,2,809,1),(1798,19.00,3,809,3),(1799,28.00,4,809,3),(1800,25.00,5,809,1),(1801,18.00,6,809,3),(1802,15.00,1,810,3),(1803,7.00,6,810,1),(1804,11.00,2,810,3),(1805,20.00,3,810,1),(1806,22.00,5,810,1),(1807,10.00,4,810,1),(1808,24.00,5,811,3),(1809,11.00,4,811,1),(1810,14.00,1,811,3),(1811,8.00,3,811,3),(1812,23.00,2,811,1),(1813,10.00,6,811,3),(1814,23.00,5,812,3),(1815,50.00,1,812,1),(1816,23.00,2,812,1),(1817,13.00,4,812,1),(1818,19.00,3,812,3),(1819,17.00,6,812,3),(1820,13.00,4,813,1),(1821,15.00,6,813,1),(1822,6.00,1,813,3),(1823,23.00,5,813,3),(1824,6.00,2,813,3),(1825,30.00,3,813,1),(1826,29.00,5,814,1),(1827,11.00,2,814,1),(1828,14.00,1,814,3),(1829,17.00,4,814,1),(1830,14.00,3,814,3),(1831,9.00,6,814,1),(1832,7.00,2,815,3),(1833,20.00,6,815,3),(1834,24.00,3,815,1),(1835,23.00,5,815,1),(1836,18.00,4,815,1),(1837,40.00,1,815,1),(1838,19.00,4,816,3),(1839,19.00,5,816,1),(1840,13.00,6,816,3),(1841,16.00,2,816,1),(1842,32.00,3,816,1),(1843,6.00,1,816,3),(1844,19.00,5,817,1),(1845,25.00,1,817,1),(1846,7.00,2,817,3),(1847,19.00,4,817,1),(1848,27.00,3,817,1),(1849,12.00,6,817,1),(1850,27.00,5,818,1),(1851,5.00,1,818,3),(1852,8.00,2,818,3),(1853,17.00,4,818,1),(1854,19.00,6,818,3),(1855,19.00,3,818,3),(1856,16.00,3,819,3),(1857,17.00,4,819,3),(1858,19.00,5,819,3),(1859,13.00,6,819,3),(1860,11.00,2,819,3),(1861,47.00,1,819,1),(1862,10.00,4,820,1),(1863,14.00,6,820,3),(1864,15.00,1,820,3),(1865,22.00,5,820,3),(1866,24.00,3,820,1),(1867,12.00,2,820,3),(1868,11.00,1,821,3),(1869,12.00,4,821,1),(1870,20.00,2,821,1),(1871,12.00,5,821,3),(1872,11.00,6,821,1),(1873,35.00,3,821,1),(1874,15.00,3,822,1),(1875,24.00,2,822,1),(1876,10.00,4,822,1),(1877,5.00,1,822,3),(1878,27.00,5,822,1),(1879,15.00,6,822,3),(1880,20.00,2,823,1),(1881,13.00,3,823,3),(1882,35.00,1,823,1),(1883,14.00,6,823,1),(1884,21.00,5,823,3),(1885,14.00,4,823,1),(1886,5.00,2,824,3),(1887,16.00,3,824,1),(1888,15.00,4,824,3),(1889,19.00,5,824,3),(1890,14.00,1,824,3),(1891,17.00,6,824,1),(1892,19.00,5,825,1),(1893,13.00,4,825,1),(1894,20.00,3,825,3),(1895,25.00,2,825,1),(1896,7.00,6,825,1),(1897,13.00,1,825,3),(1898,23.00,5,826,3),(1899,14.00,2,826,1),(1900,7.00,6,826,1),(1901,41.00,1,826,1),(1902,21.00,3,826,1),(1903,19.00,4,826,1),(1904,17.00,4,827,1),(1905,27.00,1,827,1),(1906,12.00,2,827,3),(1907,18.00,5,827,3),(1908,19.00,3,827,3),(1909,16.00,6,827,3),(1910,27.00,5,828,1),(1911,33.00,3,828,1),(1912,10.00,6,828,3),(1913,10.00,1,828,3),(1914,9.00,2,828,3),(1915,17.00,4,828,3),(1916,20.00,4,829,1),(1917,11.00,6,829,1),(1918,21.00,3,829,1),(1919,8.00,1,829,3),(1920,19.00,2,829,1),(1921,22.00,5,829,1),(1922,14.00,6,830,3),(1923,7.00,1,830,3),(1924,25.00,3,830,1),(1925,20.00,2,830,1),(1926,16.00,4,830,1),(1927,22.00,5,830,1),(1928,21.00,3,831,1),(1929,12.00,4,831,1),(1930,20.00,5,831,1),(1931,18.00,6,831,1),(1932,10.00,1,831,3),(1933,5.00,2,831,3),(1934,42.00,1,832,1),(1935,22.00,5,832,1),(1936,19.00,6,832,1),(1937,10.00,2,832,1),(1938,16.00,3,832,3),(1939,18.00,4,832,1),(1940,27.00,5,833,1),(1941,8.00,2,833,3),(1942,20.00,4,833,3),(1943,9.00,6,833,1),(1944,19.00,3,833,3),(1945,48.00,1,833,1),(1946,15.00,4,834,1),(1947,16.00,2,834,1),(1948,30.00,3,834,1),(1949,12.00,6,834,3),(1950,15.00,5,834,3),(1951,13.00,1,834,3),(1952,27.00,4,835,3),(1953,6.00,2,835,3),(1954,17.00,5,835,1),(1955,9.00,1,835,3),(1956,34.00,3,835,1),(1957,7.00,6,835,1),(1958,14.00,3,836,3),(1959,23.00,4,836,3),(1960,38.00,1,836,1),(1961,28.00,5,836,1),(1962,9.00,6,836,1),(1963,11.00,2,836,3),(1964,16.00,4,837,1),(1965,8.00,2,837,3),(1966,16.00,6,837,3),(1967,12.00,1,837,3),(1968,24.00,3,837,1),(1969,16.00,5,837,1),(1970,30.00,4,838,3),(1971,15.00,3,838,1),(1972,26.00,5,838,1),(1973,48.00,1,838,1),(1974,10.00,6,838,3),(1975,9.00,2,838,3),(1976,21.00,3,839,1),(1977,20.00,2,839,1),(1978,19.00,6,839,3),(1979,14.00,4,839,1),(1980,15.00,5,839,1),(1981,14.00,1,839,3),(1982,17.00,4,840,3),(1983,19.00,2,840,1),(1984,9.00,3,840,3),(1985,14.00,6,840,3),(1986,26.00,1,840,1),(1987,22.00,5,840,1),(1988,15.00,4,841,1),(1989,5.00,1,841,3),(1990,17.00,5,841,1),(1991,10.00,6,841,3),(1992,12.00,2,841,1),(1993,27.00,3,841,1),(1994,43.00,1,842,1),(1995,24.00,4,842,3),(1996,13.00,2,842,1),(1997,15.00,5,842,1),(1998,34.00,3,842,1),(1999,13.00,6,842,1),(2000,18.00,3,843,3),(2001,5.00,6,843,1),(2002,33.00,1,843,1),(2003,10.00,4,843,1),(2004,21.00,5,843,3),(2005,5.00,2,843,3),(2006,13.00,6,844,3),(2007,15.00,1,844,3),(2008,6.00,2,844,3),(2009,15.00,4,844,3),(2010,9.00,3,844,3),(2011,10.00,5,844,3),(2012,7.00,2,845,3),(2013,15.00,4,845,1),(2014,11.00,5,845,3),(2015,10.00,6,845,3),(2016,19.00,3,845,1),(2017,41.00,1,845,1),(2018,9.00,1,846,3),(2019,10.00,4,846,1),(2020,17.00,5,846,1),(2021,10.00,2,846,1),(2022,6.00,6,846,1),(2023,12.00,3,846,3),(2024,35.00,3,847,1),(2025,14.00,5,847,3),(2026,17.00,6,847,3),(2027,13.00,1,847,3),(2028,12.00,4,847,1),(2029,14.00,2,847,1),(2030,16.00,4,848,3),(2031,28.00,1,848,1),(2032,5.00,6,848,1),(2033,27.00,5,848,1),(2034,8.00,2,848,3),(2035,25.00,3,848,1),(2036,7.00,2,849,3),(2037,33.00,3,849,1),(2038,16.00,4,849,3),(2039,18.00,6,849,3),(2040,11.00,5,849,3),(2041,39.00,1,849,1),(2042,27.00,5,850,1),(2043,18.00,3,850,3),(2044,12.00,6,850,1),(2045,21.00,2,850,1),(2046,14.00,4,850,1),(2047,42.00,1,850,1),(2048,33.00,3,851,1),(2049,18.00,2,851,1),(2050,14.00,6,851,3),(2051,50.00,1,851,1),(2052,21.00,5,851,1),(2053,18.00,4,851,1),(2054,16.00,6,852,1),(2055,25.00,5,852,3),(2056,7.00,2,852,3),(2057,13.00,1,852,3),(2058,21.00,4,852,3),(2059,27.00,3,852,1),(2060,12.00,6,853,1),(2061,9.00,2,853,3),(2062,10.00,5,853,3),(2063,41.00,1,853,1),(2064,22.00,4,853,3),(2065,20.00,3,853,3),(2066,7.00,1,854,3),(2067,23.00,4,854,3),(2068,10.00,2,854,1),(2069,11.00,3,854,3),(2070,17.00,5,854,3),(2071,18.00,6,854,3),(2072,16.00,6,855,3),(2073,19.00,3,855,3),(2074,18.00,4,855,1),(2075,14.00,2,855,1),(2076,13.00,5,855,3),(2077,34.00,1,855,1),(2078,10.00,2,856,1),(2079,33.00,1,856,1),(2080,17.00,6,856,1),(2081,19.00,4,856,3),(2082,15.00,3,856,3),(2083,15.00,5,856,3),(2084,7.00,1,857,3),(2085,19.00,4,857,1),(2086,25.00,5,857,1),(2087,10.00,6,857,3),(2088,15.00,3,857,3),(2089,11.00,2,857,3),(2090,31.00,3,858,1),(2091,29.00,5,858,1),(2092,20.00,2,858,1),(2093,33.00,1,858,1),(2094,19.00,6,858,1),(2095,19.00,4,858,3),(2096,10.00,1,859,3),(2097,15.00,5,859,1),(2098,29.00,3,859,1),(2099,7.00,2,859,3),(2100,19.00,6,859,3),(2101,17.00,4,859,1),(2102,12.00,6,860,1),(2103,14.00,5,860,3),(2104,12.00,4,860,1),(2105,15.00,2,860,1),(2106,11.00,3,860,3),(2107,6.00,1,860,3),(2108,8.00,1,861,3),(2109,16.00,3,861,3),(2110,18.00,6,861,3),(2111,30.00,4,861,3),(2112,22.00,5,861,1),(2113,16.00,2,861,1),(2114,22.00,5,862,1),(2115,14.00,6,862,1),(2116,12.00,1,862,3),(2117,8.00,2,862,3),(2118,32.00,3,862,1),(2119,16.00,4,862,1),(2120,10.00,3,863,3),(2121,11.00,6,863,3),(2122,12.00,2,863,3),(2123,30.00,1,863,1),(2124,17.00,4,863,1),(2125,21.00,5,863,3),(2126,7.00,1,864,3),(2127,10.00,6,864,1),(2128,22.00,5,864,1),(2129,17.00,4,864,1),(2130,16.00,2,864,1),(2131,18.00,3,864,3),(2132,34.00,1,865,1),(2133,15.00,6,865,3),(2134,23.00,2,865,1),(2135,16.00,5,865,1),(2136,10.00,3,865,3),(2137,13.00,4,865,1),(2138,33.00,1,866,1),(2139,16.00,2,866,1),(2140,25.00,4,866,3),(2141,25.00,3,866,1),(2142,27.00,5,866,1),(2143,18.00,6,866,1),(2144,27.00,4,867,3),(2145,13.00,5,867,3),(2146,18.00,2,867,1),(2147,29.00,1,867,1),(2148,20.00,3,867,3),(2149,7.00,6,867,1),(2150,25.00,4,868,3),(2151,14.00,2,868,1),(2152,33.00,1,868,1),(2153,14.00,6,868,1),(2154,17.00,3,868,3),(2155,19.00,5,868,3),(2156,11.00,6,869,1),(2157,11.00,3,869,3),(2158,27.00,5,869,1),(2159,14.00,4,869,1),(2160,7.00,1,869,3),(2161,9.00,2,869,3),(2162,8.00,2,870,3),(2163,30.00,4,870,3),(2164,22.00,5,870,3),(2165,19.00,3,870,1),(2166,14.00,1,870,3),(2167,16.00,6,870,3),(2168,16.00,4,871,1),(2169,9.00,1,871,3),(2170,15.00,5,871,3),(2171,20.00,2,871,1),(2172,16.00,3,871,3),(2173,12.00,6,871,1),(2174,19.00,6,872,1),(2175,11.00,4,872,1),(2176,12.00,1,872,3),(2177,5.00,2,872,3),(2178,20.00,5,872,1),(2179,26.00,3,872,1),(2180,14.00,6,873,3),(2181,11.00,5,873,3),(2182,10.00,3,873,3),(2183,7.00,2,873,3),(2184,7.00,1,873,3),(2185,29.00,4,873,3),(2186,20.00,4,874,1),(2187,8.00,2,874,3),(2188,15.00,6,874,3),(2189,20.00,3,874,3),(2190,22.00,5,874,1),(2191,8.00,1,874,3),(2192,13.00,6,875,3),(2193,9.00,1,875,3),(2194,13.00,2,875,1),(2195,29.00,3,875,1),(2196,20.00,4,875,1),(2197,26.00,5,875,1),(2198,15.00,2,876,1),(2199,18.00,3,876,1),(2200,10.00,6,876,3),(2201,10.00,1,876,3),(2202,12.00,4,876,1),(2203,22.00,5,876,1),(2204,24.00,2,877,1),(2205,46.00,1,877,1),(2206,17.00,4,877,1),(2207,25.00,5,877,3),(2208,17.00,6,877,3),(2209,15.00,3,877,3),(2210,20.00,3,878,1),(2211,17.00,5,878,3),(2212,16.00,4,878,1),(2213,12.00,6,878,3),(2214,13.00,2,878,1),(2215,14.00,1,878,3),(2216,22.00,5,879,3),(2217,36.00,1,879,1),(2218,18.00,4,879,1),(2219,5.00,2,879,3),(2220,20.00,6,879,3),(2221,35.00,3,879,1),(2222,5.00,1,880,3),(2223,29.00,4,880,3),(2224,10.00,2,880,3),(2225,17.00,5,880,3),(2226,18.00,3,880,1),(2227,9.00,6,880,1),(2228,6.00,6,881,1),(2229,31.00,3,881,1),(2230,10.00,5,881,3),(2231,20.00,2,881,1),(2232,30.00,1,881,1),(2233,27.00,4,881,3),(2234,24.00,3,882,1),(2235,15.00,5,882,1),(2236,10.00,4,882,1),(2237,6.00,2,882,3),(2238,42.00,1,882,1),(2239,10.00,6,882,1),(2240,13.00,6,883,1),(2241,19.00,3,883,1),(2242,6.00,1,883,3),(2243,5.00,2,883,3),(2244,20.00,4,883,1),(2245,20.00,5,883,1),(2246,33.00,1,884,1),(2247,11.00,2,884,1),(2248,22.00,5,884,3),(2249,17.00,3,884,3),(2250,19.00,6,884,1),(2251,29.00,4,884,3),(2252,45.00,1,885,1),(2253,19.00,6,885,1),(2254,29.00,4,885,3),(2255,10.00,2,885,3),(2256,18.00,3,885,3),(2257,28.00,5,885,1),(2258,13.00,6,886,3),(2259,44.00,1,886,1),(2260,21.00,5,886,1),(2261,25.00,3,886,1),(2262,18.00,2,886,1),(2263,30.00,4,886,3),(2264,12.00,3,887,3),(2265,27.00,4,887,3),(2266,15.00,6,887,3),(2267,22.00,5,887,3),(2268,8.00,2,887,3),(2269,8.00,1,887,3),(2270,17.00,3,888,3),(2271,17.00,4,888,3),(2272,5.00,2,888,3),(2273,7.00,6,888,1),(2274,25.00,5,888,3),(2275,14.00,1,888,3),(2276,46.00,1,889,1),(2277,23.00,2,889,1),(2278,15.00,4,889,1),(2279,13.00,6,889,1),(2280,21.00,5,889,3),(2281,22.00,3,889,1),(2282,10.00,2,890,1),(2283,19.00,4,890,1),(2284,14.00,3,890,3),(2285,48.00,1,890,1),(2286,30.00,5,890,1),(2287,15.00,6,890,3),(2288,15.00,4,891,3),(2289,24.00,2,891,1),(2290,25.00,3,891,1),(2291,24.00,5,891,3),(2292,14.00,1,891,3),(2293,8.00,6,891,1),(2294,25.00,5,892,1),(2295,26.00,4,892,3),(2296,9.00,6,892,1),(2297,18.00,2,892,1),(2298,25.00,3,892,1),(2299,43.00,1,892,1),(2300,21.00,5,893,1),(2301,24.00,3,893,1),(2302,12.00,2,893,3),(2303,26.00,4,893,3),(2304,13.00,6,893,3),(2305,43.00,1,893,1),(2306,14.00,1,894,3),(2307,14.00,4,894,1),(2308,10.00,2,894,1),(2309,8.00,3,894,3),(2310,26.00,5,894,1),(2311,14.00,6,894,3),(2312,25.00,4,895,3),(2313,16.00,3,895,3),(2314,13.00,1,895,3),(2315,6.00,6,895,1),(2316,7.00,2,895,3),(2317,27.00,5,895,1),(2318,41.00,1,896,1),(2319,14.00,4,896,1),(2320,8.00,3,896,3),(2321,5.00,2,896,3),(2322,22.00,5,896,1),(2323,10.00,6,896,3),(2324,15.00,2,897,1),(2325,40.00,1,897,1),(2326,18.00,3,897,1),(2327,18.00,4,897,1),(2328,8.00,6,897,1),(2329,18.00,5,897,1),(2330,44.00,1,898,1),(2331,13.00,5,898,3),(2332,25.00,2,898,1),(2333,9.00,6,898,1),(2334,12.00,3,898,3),(2335,12.00,4,898,1),(2336,16.00,3,899,3),(2337,26.00,5,899,1),(2338,8.00,2,899,3),(2339,13.00,4,899,1),(2340,20.00,6,899,3),(2341,12.00,1,899,3),(2342,29.00,1,900,1),(2343,28.00,3,900,1),(2344,11.00,2,900,1),(2345,14.00,4,900,1),(2346,10.00,5,900,3),(2347,20.00,6,900,3),(2348,12.00,6,901,1),(2349,14.00,1,901,3),(2350,14.00,5,901,3),(2351,19.00,2,901,1),(2352,21.00,3,901,1),(2353,15.00,4,901,3),(2354,18.00,4,902,1),(2355,24.00,5,902,3),(2356,5.00,1,902,3),(2357,9.00,3,902,3),(2358,11.00,2,902,3),(2359,18.00,6,902,3),(2360,23.00,2,903,1),(2361,13.00,6,903,3),(2362,18.00,3,903,3),(2363,6.00,1,903,3),(2364,12.00,4,903,1),(2365,28.00,5,903,1),(2366,19.00,6,904,3),(2367,25.00,3,904,1),(2368,42.00,1,904,1),(2369,12.00,4,904,1),(2370,24.00,5,904,3),(2371,15.00,2,904,1),(2372,5.00,2,905,3),(2373,15.00,5,905,3),(2374,8.00,6,905,1),(2375,6.00,1,905,3),(2376,22.00,3,905,1),(2377,29.00,4,905,3),(2378,10.00,6,906,1),(2379,15.00,3,906,3),(2380,43.00,1,906,1),(2381,14.00,5,906,3),(2382,5.00,2,906,3),(2383,10.00,4,906,1),(2384,10.00,1,907,3),(2385,12.00,4,907,1),(2386,27.00,3,907,1),(2387,9.00,2,907,3),(2388,29.00,5,907,1),(2389,17.00,6,907,3),(2390,9.00,6,908,1),(2391,24.00,2,908,1),(2392,28.00,1,908,1),(2393,22.00,5,908,3),(2394,9.00,3,908,3),(2395,15.00,4,908,1),(2396,19.00,4,909,1),(2397,31.00,1,909,1),(2398,22.00,2,909,1),(2399,19.00,3,909,1),(2400,18.00,6,909,1),(2401,20.00,5,909,3),(2402,14.00,2,910,1),(2403,20.00,5,910,1),(2404,31.00,3,910,1),(2405,18.00,6,910,1),(2406,7.00,1,910,3),(2407,21.00,4,910,3),(2408,28.00,3,911,1),(2409,16.00,4,911,3),(2410,18.00,5,911,3),(2411,45.00,1,911,1),(2412,5.00,2,911,3),(2413,16.00,6,911,1),(2414,9.00,1,912,3),(2415,27.00,4,912,3),(2416,20.00,5,912,1),(2417,34.00,3,912,1),(2418,11.00,6,912,3),(2419,5.00,2,912,3),(2420,12.00,2,913,1),(2421,13.00,3,913,3),(2422,14.00,5,913,3),(2423,13.00,1,913,3),(2424,14.00,4,913,1),(2425,19.00,6,913,3),(2426,11.00,1,914,3),(2427,16.00,5,914,1),(2428,13.00,6,914,3),(2429,25.00,4,914,3),(2430,30.00,3,914,1),(2431,20.00,2,914,1),(2432,13.00,4,915,1),(2433,8.00,3,915,3),(2434,14.00,6,915,3),(2435,29.00,5,915,1),(2436,9.00,1,915,3),(2437,13.00,2,915,1),(2438,15.00,6,916,1),(2439,29.00,4,916,3),(2440,19.00,5,916,3),(2441,8.00,2,916,3),(2442,17.00,3,916,3),(2443,30.00,1,916,1),(2444,5.00,2,917,3),(2445,12.00,4,917,1),(2446,15.00,1,917,3),(2447,14.00,5,917,3),(2448,14.00,6,917,1),(2449,20.00,3,917,1),(2450,15.00,6,918,3),(2451,27.00,5,918,1),(2452,8.00,1,918,3),(2453,8.00,2,918,3),(2454,18.00,3,918,1),(2455,19.00,4,918,1),(2456,18.00,5,919,3),(2457,46.00,1,919,1),(2458,10.00,6,919,3),(2459,15.00,4,919,1),(2460,5.00,2,919,3),(2461,19.00,3,919,3),(2462,18.00,5,920,1),(2463,20.00,4,920,3),(2464,5.00,2,920,3),(2465,14.00,6,920,3),(2466,23.00,3,920,1),(2467,29.00,1,920,1),(2468,26.00,3,921,1),(2469,17.00,4,921,1),(2470,11.00,2,921,3),(2471,5.00,1,921,3),(2472,17.00,5,921,3),(2473,19.00,6,921,3),(2474,15.00,5,922,3),(2475,20.00,3,922,3),(2476,19.00,6,922,3),(2477,6.00,1,922,3),(2478,12.00,2,922,3),(2479,27.00,4,922,3),(2480,16.00,3,923,3),(2481,8.00,1,923,3),(2482,16.00,4,923,1),(2483,16.00,6,923,1),(2484,10.00,2,923,3),(2485,14.00,5,923,3),(2486,23.00,5,924,1),(2487,10.00,3,924,3),(2488,11.00,2,924,3),(2489,15.00,4,924,1),(2490,16.00,6,924,3),(2491,34.00,1,924,1),(2492,14.00,2,925,1),(2493,15.00,5,925,1),(2494,14.00,6,925,3),(2495,19.00,3,925,3),(2496,30.00,4,925,3),(2497,48.00,1,925,1),(2498,16.00,6,926,1),(2499,20.00,4,926,1),(2500,28.00,3,926,1),(2501,24.00,5,926,1),(2502,49.00,1,926,1),(2503,6.00,2,926,3),(2504,23.00,4,927,3),(2505,42.00,1,927,1),(2506,16.00,6,927,1),(2507,19.00,3,927,1),(2508,11.00,2,927,3),(2509,25.00,5,927,3),(2510,11.00,6,928,3),(2511,25.00,1,928,1),(2512,10.00,2,928,3),(2513,24.00,5,928,3),(2514,14.00,4,928,1),(2515,10.00,3,928,3),(2516,28.00,1,929,1),(2517,29.00,5,929,1),(2518,18.00,4,929,3),(2519,16.00,2,929,1),(2520,18.00,3,929,3),(2521,11.00,6,929,1),(2522,34.00,1,930,1),(2523,14.00,6,930,3),(2524,21.00,2,930,1),(2525,15.00,4,930,3),(2526,27.00,5,930,1),(2527,15.00,3,930,3),(2528,8.00,2,931,3),(2529,35.00,3,931,1),(2530,23.00,4,931,3),(2531,18.00,5,931,3),(2532,18.00,6,931,1),(2533,14.00,1,931,3),(2534,5.00,2,932,3),(2535,23.00,5,932,1),(2536,15.00,4,932,3),(2537,47.00,1,932,1),(2538,15.00,3,932,3),(2539,20.00,6,932,1),(2540,24.00,4,933,3),(2541,17.00,6,933,3),(2542,7.00,1,933,3),(2543,11.00,5,933,3),(2544,12.00,2,933,3),(2545,11.00,3,933,3),(2546,20.00,3,934,3),(2547,17.00,6,934,1),(2548,24.00,5,934,3),(2549,17.00,2,934,1),(2550,16.00,4,934,1),(2551,14.00,1,934,3),(2552,15.00,3,935,3),(2553,28.00,1,935,1),(2554,9.00,2,935,3),(2555,11.00,5,935,3),(2556,14.00,6,935,3),(2557,17.00,4,935,1),(2558,49.00,1,936,1),(2559,10.00,6,936,1),(2560,21.00,2,936,1),(2561,29.00,5,936,1),(2562,30.00,4,936,3),(2563,29.00,3,936,1),(2564,14.00,2,937,1),(2565,29.00,5,937,1),(2566,13.00,6,937,1),(2567,11.00,4,937,1),(2568,10.00,3,937,3),(2569,10.00,1,937,3),(2570,18.00,2,938,1),(2571,34.00,1,938,1),(2572,19.00,4,938,1),(2573,8.00,6,938,1),(2574,19.00,3,938,3),(2575,23.00,5,938,3),(2576,26.00,3,939,1),(2577,5.00,1,939,3),(2578,17.00,4,939,1),(2579,17.00,5,939,3),(2580,10.00,6,939,3),(2581,21.00,2,939,1),(2582,33.00,1,940,1),(2583,16.00,5,940,3),(2584,30.00,3,940,1),(2585,16.00,6,940,3),(2586,21.00,2,940,1),(2587,24.00,4,940,3),(2588,40.00,1,941,1),(2589,20.00,5,941,1),(2590,25.00,2,941,1),(2591,26.00,3,941,1),(2592,13.00,4,941,1),(2593,17.00,6,941,1),(2594,25.00,4,942,3),(2595,23.00,5,942,1),(2596,14.00,3,942,3),(2597,43.00,1,942,1),(2598,9.00,2,942,3),(2599,13.00,6,942,3),(2600,17.00,2,943,1),(2601,29.00,1,943,1),(2602,19.00,3,943,1),(2603,11.00,5,943,3),(2604,19.00,4,943,3),(2605,15.00,6,943,3),(2606,45.00,1,944,1),(2607,12.00,6,944,1),(2608,26.00,3,944,1),(2609,25.00,4,944,3),(2610,5.00,2,944,3),(2611,24.00,5,944,3),(2612,28.00,3,945,1),(2613,15.00,5,945,1),(2614,20.00,6,945,1),(2615,12.00,1,945,3),(2616,25.00,2,945,1),(2617,16.00,4,945,1),(2618,13.00,6,946,3),(2619,28.00,3,946,1),(2620,13.00,1,946,3),(2621,5.00,2,946,3),(2622,19.00,4,946,1),(2623,23.00,5,946,3),(2624,18.00,3,947,3),(2625,16.00,4,947,3),(2626,25.00,5,947,3),(2627,39.00,1,947,1),(2628,6.00,2,947,3),(2629,10.00,6,947,3),(2630,30.00,3,948,1),(2631,14.00,6,948,1),(2632,24.00,4,948,3),(2633,24.00,5,948,3),(2634,39.00,1,948,1),(2635,16.00,2,948,1),(2636,15.00,6,949,3),(2637,19.00,3,949,1),(2638,13.00,1,949,3),(2639,17.00,5,949,3),(2640,21.00,4,949,3),(2641,25.00,2,949,1),(2642,9.00,1,950,3),(2643,34.00,3,950,1),(2644,12.00,2,950,1),(2645,19.00,5,950,3),(2646,24.00,4,950,3),(2647,10.00,6,950,3),(2648,13.00,6,951,1),(2649,10.00,3,951,3),(2650,11.00,1,951,3),(2651,16.00,2,951,1),(2652,22.00,5,951,3),(2653,30.00,4,951,3),(2654,32.00,3,952,1),(2655,18.00,6,952,3),(2656,25.00,1,952,1),(2657,17.00,5,952,3),(2658,20.00,2,952,1),(2659,11.00,4,952,1),(2660,18.00,3,953,1),(2661,19.00,5,953,1),(2662,26.00,1,953,1),(2663,12.00,6,953,1),(2664,13.00,2,953,1),(2665,17.00,4,953,3),(2666,23.00,5,954,3),(2667,25.00,2,954,1),(2668,44.00,1,954,1),(2669,20.00,4,954,3),(2670,16.00,3,954,3),(2671,18.00,6,954,3),(2672,20.00,3,955,1),(2673,9.00,1,955,3),(2674,15.00,2,955,1),(2675,21.00,5,955,3),(2676,17.00,6,955,1),(2677,23.00,4,955,3),(2678,11.00,2,956,3),(2679,8.00,3,956,3),(2680,15.00,4,956,1),(2681,20.00,6,956,3),(2682,46.00,1,956,1),(2683,17.00,5,956,3),(2684,27.00,4,957,3),(2685,23.00,3,957,1),(2686,22.00,5,957,1),(2687,8.00,1,957,3),(2688,12.00,6,957,3),(2689,18.00,2,957,1),(2690,14.00,6,958,3),(2691,36.00,1,958,1),(2692,20.00,5,958,1),(2693,17.00,3,958,3),(2694,14.00,4,958,1),(2695,25.00,2,958,1),(2696,19.00,4,959,1),(2697,14.00,3,959,3),(2698,30.00,1,959,1),(2699,6.00,2,959,3),(2700,15.00,5,959,3),(2701,10.00,6,959,1),(2702,11.00,5,960,3),(2703,35.00,3,960,1),(2704,13.00,1,960,3),(2705,22.00,2,960,1),(2706,25.00,4,960,3),(2707,14.00,6,960,3),(2708,10.00,6,961,3),(2709,20.00,3,961,1),(2710,5.00,1,961,3),(2711,16.00,4,961,1),(2712,24.00,2,961,1),(2713,15.00,5,961,1),(2714,11.00,5,962,3),(2715,20.00,6,962,3),(2716,21.00,3,962,1),(2717,10.00,2,962,1),(2718,45.00,1,962,1),(2719,20.00,4,962,3),(2720,7.00,2,963,3),(2721,21.00,5,963,3),(2722,6.00,1,963,3),(2723,22.00,3,963,1),(2724,20.00,4,963,1),(2725,13.00,6,963,3),(2726,12.00,4,964,1),(2727,9.00,2,964,3),(2728,15.00,5,964,3),(2729,33.00,1,964,1),(2730,6.00,6,964,1),(2731,32.00,3,964,1),(2732,9.00,6,965,1),(2733,10.00,2,965,1),(2734,27.00,3,965,1),(2735,20.00,5,965,3),(2736,33.00,1,965,1),(2737,20.00,4,965,1),(2738,22.00,5,966,1),(2739,44.00,1,966,1),(2740,19.00,6,966,3),(2741,10.00,2,966,3),(2742,13.00,3,966,3),(2743,15.00,4,966,1),(2744,16.00,4,967,1),(2745,14.00,1,967,3),(2746,20.00,2,967,1),(2747,9.00,3,967,3),(2748,6.00,6,967,1),(2749,24.00,5,967,3),(2750,13.00,5,968,3),(2751,34.00,1,968,1),(2752,14.00,2,968,1),(2753,14.00,6,968,3),(2754,34.00,3,968,1),(2755,18.00,4,968,1),(2756,6.00,1,969,3),(2757,17.00,4,969,1),(2758,14.00,6,969,1),(2759,21.00,2,969,1),(2760,16.00,3,969,3),(2761,26.00,5,969,1),(2762,20.00,4,970,3),(2763,48.00,1,970,1),(2764,19.00,6,970,3),(2765,33.00,3,970,1),(2766,17.00,5,970,3),(2767,14.00,2,970,1),(2768,25.00,5,971,3),(2769,14.00,6,971,3),(2770,15.00,4,971,1),(2771,10.00,1,971,3),(2772,17.00,3,971,3),(2773,22.00,2,971,1),(2774,11.00,3,972,3),(2775,10.00,4,972,1),(2776,26.00,1,972,1),(2777,7.00,2,972,3),(2778,19.00,5,972,1),(2779,15.00,6,972,3),(2780,15.00,2,973,1),(2781,15.00,6,973,3),(2782,15.00,5,973,3),(2783,21.00,4,973,3),(2784,27.00,1,973,1),(2785,30.00,3,973,1),(2786,16.00,2,974,1),(2787,16.00,3,974,1),(2788,17.00,5,974,3),(2789,40.00,1,974,1),(2790,8.00,6,974,1),(2791,18.00,4,974,1),(2792,19.00,5,975,1),(2793,22.00,2,975,1),(2794,8.00,3,975,3),(2795,19.00,6,975,1),(2796,50.00,1,975,1),(2797,13.00,4,975,1),(2798,16.00,6,976,3),(2799,10.00,2,976,3),(2800,17.00,4,976,1),(2801,7.00,1,976,3),(2802,24.00,5,976,1),(2803,17.00,3,976,1),(2804,14.00,3,977,3),(2805,46.00,1,977,1),(2806,9.00,2,977,3),(2807,16.00,4,977,1),(2808,10.00,6,977,3),(2809,23.00,5,977,1),(2810,22.00,3,978,1),(2811,6.00,2,978,3),(2812,20.00,4,978,1),(2813,25.00,5,978,3),(2814,5.00,1,978,3),(2815,7.00,6,978,1),(2816,7.00,2,979,3),(2817,23.00,5,979,3),(2818,50.00,1,979,1),(2819,18.00,6,979,3),(2820,16.00,3,979,3),(2821,30.00,4,979,3),(2822,11.00,1,980,3),(2823,18.00,5,980,1),(2824,16.00,2,980,1),(2825,23.00,4,980,3),(2826,12.00,6,980,3),(2827,32.00,3,980,1),(2828,27.00,1,981,1),(2829,15.00,4,981,3),(2830,30.00,3,981,1),(2831,10.00,5,981,3),(2832,11.00,2,981,1),(2833,20.00,6,981,3),(2834,26.00,1,982,1),(2835,20.00,3,982,1),(2836,15.00,4,982,1),(2837,23.00,5,982,1),(2838,6.00,2,982,3),(2839,8.00,6,982,1),(2840,25.00,5,983,3),(2841,21.00,4,983,3),(2842,19.00,3,983,3),(2843,18.00,6,983,3),(2844,14.00,2,983,1),(2845,15.00,1,983,3),(2846,11.00,3,984,3),(2847,12.00,5,984,3),(2848,15.00,6,984,1),(2849,31.00,1,984,1),(2850,23.00,2,984,1),(2851,16.00,4,984,3),(2852,13.00,6,985,1),(2853,22.00,4,985,3),(2854,18.00,5,985,3),(2855,26.00,1,985,1),(2856,15.00,3,985,3),(2857,21.00,2,985,1),(2858,10.00,2,986,1),(2859,30.00,3,986,1),(2860,35.00,1,986,1),(2861,5.00,6,986,1),(2862,20.00,4,986,3),(2863,23.00,5,986,1),(2864,12.00,5,987,3),(2865,6.00,6,987,1),(2866,29.00,3,987,1),(2867,13.00,1,987,3),(2868,12.00,2,987,3),(2869,11.00,4,987,1),(2870,35.00,1,988,1),(2871,12.00,2,988,3),(2872,16.00,6,988,3),(2873,19.00,4,988,1),(2874,16.00,3,988,3),(2875,28.00,5,988,1),(2876,23.00,4,989,3),(2877,12.00,6,989,1),(2878,8.00,1,989,3),(2879,11.00,2,989,3),(2880,28.00,5,989,1),(2881,11.00,3,989,3),(2882,15.00,1,990,3),(2883,16.00,5,990,3),(2884,20.00,6,990,1),(2885,5.00,2,990,3),(2886,20.00,4,990,1),(2887,9.00,3,990,3),(2888,17.00,5,991,1),(2889,8.00,2,991,3),(2890,25.00,3,991,1),(2891,33.00,1,991,1),(2892,18.00,4,991,1),(2893,10.00,6,991,3),(2894,16.00,5,992,3),(2895,13.00,3,992,3),(2896,16.00,4,992,1),(2897,11.00,6,992,3),(2898,13.00,2,992,1),(2899,26.00,1,992,1),(2900,20.00,5,993,3),(2901,22.00,4,993,3),(2902,16.00,3,993,3),(2903,13.00,6,993,1),(2904,12.00,2,993,3),(2905,33.00,1,993,1),(2906,10.00,2,994,3),(2907,12.00,1,994,3),(2908,19.00,4,994,1),(2909,10.00,6,994,3),(2910,24.00,5,994,3),(2911,28.00,3,994,1),(2912,8.00,1,995,3),(2913,20.00,6,995,3),(2914,19.00,5,995,1),(2915,14.00,2,995,1),(2916,19.00,3,995,3),(2917,22.00,4,995,3),(2918,17.00,5,996,1),(2919,8.00,1,996,3),(2920,24.00,2,996,1),(2921,16.00,4,996,1),(2922,35.00,3,996,1),(2923,14.00,6,996,3),(2924,19.00,2,997,1),(2925,23.00,5,997,3),(2926,15.00,1,997,3),(2927,18.00,3,997,3),(2928,14.00,4,997,1),(2929,10.00,6,997,1),(2930,8.00,2,998,3),(2931,41.00,1,998,1),(2932,11.00,3,998,3),(2933,23.00,5,998,3),(2934,12.00,4,998,1),(2935,12.00,6,998,1),(2936,8.00,2,999,3),(2937,16.00,4,999,1),(2938,18.00,6,999,3),(2939,27.00,1,999,1),(2940,8.00,3,999,3),(2941,21.00,5,999,1),(2942,11.00,1,1000,3),(2943,33.00,3,1000,1),(2944,14.00,4,1000,1),(2945,11.00,5,1000,3),(2946,19.00,6,1000,3),(2947,23.00,2,1000,1),(2948,13.00,1,1001,3),(2949,15.00,3,1001,3),(2950,12.00,5,1001,3),(2951,7.00,6,1001,1),(2952,21.00,4,1001,3),(2953,5.00,2,1001,3),(2954,12.00,4,1002,1),(2955,19.00,2,1002,1),(2956,27.00,1,1002,1),(2957,24.00,5,1002,3),(2958,15.00,6,1002,1),(2959,10.00,3,1002,3),(2960,22.00,3,1003,1),(2961,19.00,5,1003,3),(2962,29.00,1,1003,1),(2963,17.00,6,1003,3),(2964,18.00,2,1003,1),(2965,22.00,4,1003,3),(2966,8.00,2,1004,3),(2967,11.00,6,1004,3),(2968,25.00,5,1004,1),(2969,6.00,1,1004,3),(2970,18.00,4,1004,1),(2971,20.00,3,1004,1),(2972,11.00,2,1005,3),(2973,6.00,6,1005,1),(2974,18.00,4,1005,1),(2975,19.00,5,1005,1),(2976,31.00,1,1005,1),(2977,30.00,3,1005,1),(2978,28.00,1,1006,1),(2979,12.00,4,1006,1),(2980,6.00,2,1006,3),(2981,16.00,5,1006,1),(2982,13.00,6,1006,1),(2983,12.00,3,1006,3),(2984,17.00,3,1007,3),(2985,15.00,4,1007,1),(2986,9.00,2,1007,3),(2987,19.00,5,1007,3),(2988,14.00,6,1007,1),(2989,38.00,1,1007,1),(2990,10.00,2,1008,3),(2991,14.00,3,1008,3),(2992,18.00,4,1008,1),(2993,23.00,5,1008,3),(2994,29.00,1,1008,1),(2995,10.00,6,1008,1),(2996,30.00,4,1009,3),(2997,9.00,1,1009,3),(2998,6.00,2,1009,3),(2999,12.00,3,1009,3),(3000,11.00,6,1009,1),(3001,28.00,5,1009,1),(3002,17.00,4,1010,1),(3003,12.00,6,1010,3),(3004,47.00,1,1010,1),(3005,19.00,5,1010,3),(3006,16.00,3,1010,3),(3007,19.00,2,1010,1);
/*!40000 ALTER TABLE `transferdiscount` ENABLE KEYS */;
UNLOCK TABLES;

--
-- Table structure for table `transferdiscounttype`
--

DROP TABLE IF EXISTS `transferdiscounttype`;
/*!40101 SET @saved_cs_client     = @@character_set_client */;
/*!50503 SET character_set_client = utf8mb4 */;
CREATE TABLE `transferdiscounttype` (
  `id` int NOT NULL AUTO_INCREMENT,
  `name` varchar(45) DEFAULT NULL,
  PRIMARY KEY (`id`)
) ENGINE=InnoDB AUTO_INCREMENT=7 DEFAULT CHARSET=utf8mb3;
/*!40101 SET character_set_client = @saved_cs_client */;

--
-- Dumping data for table `transferdiscounttype`
--

LOCK TABLES `transferdiscounttype` WRITE;
/*!40000 ALTER TABLE `transferdiscounttype` DISABLE KEYS */;
INSERT INTO `transferdiscounttype` VALUES (1,'Child'),(2,'Senior Citizen'),(3,'Disabled Passenger'),(4,'Honeymoon'),(5,'Hotel Partner'),(6,'Early Booking');
/*!40000 ALTER TABLE `transferdiscounttype` ENABLE KEYS */;
UNLOCK TABLES;

--
-- Table structure for table `transferrate`
--

DROP TABLE IF EXISTS `transferrate`;
/*!40101 SET @saved_cs_client     = @@character_set_client */;
/*!50503 SET character_set_client = utf8mb4 */;
CREATE TABLE `transferrate` (
  `id` int NOT NULL AUTO_INCREMENT,
  `amount` decimal(10,2) DEFAULT NULL,
  `transfercontract_id` int NOT NULL,
  `paxtype_id` int NOT NULL,
  PRIMARY KEY (`id`),
  KEY `fk_transferrate_transfercontract1_idx` (`transfercontract_id`),
  KEY `fk_transferrate_paxtype1_idx` (`paxtype_id`),
  CONSTRAINT `fk_transferrate_paxtype1` FOREIGN KEY (`paxtype_id`) REFERENCES `paxtype` (`id`),
  CONSTRAINT `fk_transferrate_transfercontract1` FOREIGN KEY (`transfercontract_id`) REFERENCES `transfercontract` (`id`)
) ENGINE=InnoDB AUTO_INCREMENT=4030 DEFAULT CHARSET=utf8mb3;
/*!40101 SET character_set_client = @saved_cs_client */;

--
-- Dumping data for table `transferrate`
--

LOCK TABLES `transferrate` WRITE;
/*!40000 ALTER TABLE `transferrate` DISABLE KEYS */;
INSERT INTO `transferrate` VALUES (2030,7200.00,511,2),(2031,6300.00,511,3),(2032,0.00,511,5),(2033,9000.00,511,1),(2034,5250.00,512,3),(2035,0.00,512,5),(2036,6000.00,512,2),(2037,7500.00,512,1),(2038,13500.00,513,1),(2039,0.00,513,5),(2040,10800.00,513,2),(2041,9450.00,513,3),(2042,0.00,514,5),(2043,7500.00,514,1),(2044,5250.00,514,3),(2045,6000.00,514,2),(2046,9000.00,515,1),(2047,7200.00,515,2),(2048,6300.00,515,3),(2049,0.00,515,5),(2050,13500.00,516,1),(2051,9450.00,516,3),(2052,0.00,516,5),(2053,10800.00,516,2),(2054,10800.00,517,2),(2055,9450.00,517,3),(2056,0.00,517,5),(2057,13500.00,517,1),(2058,7000.00,518,3),(2059,10000.00,518,1),(2060,0.00,518,5),(2061,8000.00,518,2),(2062,0.00,519,5),(2063,8000.00,519,2),(2064,7000.00,519,3),(2065,10000.00,519,1),(2066,0.00,520,5),(2067,9000.00,520,1),(2068,6300.00,520,3),(2069,7200.00,520,2),(2070,7000.00,521,3),(2071,10000.00,521,1),(2072,8000.00,521,2),(2073,0.00,521,5),(2074,9000.00,522,1),(2075,7200.00,522,2),(2076,0.00,522,5),(2077,6300.00,522,3),(2078,7000.00,523,3),(2079,0.00,523,5),(2080,10000.00,523,1),(2081,8000.00,523,2),(2082,6000.00,524,2),(2083,5250.00,524,3),(2084,0.00,524,5),(2085,7500.00,524,1),(2086,7500.00,525,1),(2087,6000.00,525,2),(2088,5250.00,525,3),(2089,0.00,525,5),(2090,0.00,526,5),(2091,6300.00,526,3),(2092,7200.00,526,2),(2093,9000.00,526,1),(2094,0.00,527,5),(2095,9450.00,527,3),(2096,10800.00,527,2),(2097,13500.00,527,1),(2098,9450.00,528,3),(2099,10800.00,528,2),(2100,13500.00,528,1),(2101,0.00,528,5),(2102,7200.00,529,2),(2103,9000.00,529,1),(2104,6300.00,529,3),(2105,0.00,529,5),(2106,10000.00,530,1),(2107,0.00,530,5),(2108,8000.00,530,2),(2109,7000.00,530,3),(2110,8000.00,531,2),(2111,7000.00,531,3),(2112,0.00,531,5),(2113,10000.00,531,1),(2114,0.00,532,5),(2115,10000.00,532,1),(2116,8000.00,532,2),(2117,7000.00,532,3),(2118,7200.00,533,2),(2119,0.00,533,5),(2120,9000.00,533,1),(2121,6300.00,533,3),(2122,7500.00,534,1),(2123,6000.00,534,2),(2124,5250.00,534,3),(2125,0.00,534,5),(2126,0.00,535,5),(2127,13500.00,535,1),(2128,10800.00,535,2),(2129,9450.00,535,3),(2130,8000.00,536,2),(2131,0.00,536,5),(2132,10000.00,536,1),(2133,7000.00,536,3),(2134,9450.00,537,3),(2135,0.00,537,5),(2136,13500.00,537,1),(2137,10800.00,537,2),(2138,6300.00,538,3),(2139,9000.00,538,1),(2140,7200.00,538,2),(2141,0.00,538,5),(2142,10800.00,539,2),(2143,9450.00,539,3),(2144,13500.00,539,1),(2145,0.00,539,5),(2146,0.00,540,5),(2147,7000.00,540,3),(2148,10000.00,540,1),(2149,8000.00,540,2),(2150,13500.00,541,1),(2151,0.00,541,5),(2152,9450.00,541,3),(2153,10800.00,541,2),(2154,0.00,542,5),(2155,7000.00,542,3),(2156,10000.00,542,1),(2157,8000.00,542,2),(2158,0.00,543,5),(2159,7200.00,543,2),(2160,9000.00,543,1),(2161,6300.00,543,3),(2162,0.00,544,5),(2163,13500.00,544,1),(2164,9450.00,544,3),(2165,10800.00,544,2),(2166,8000.00,545,2),(2167,10000.00,545,1),(2168,0.00,545,5),(2169,7000.00,545,3),(2170,10800.00,546,2),(2171,13500.00,546,1),(2172,0.00,546,5),(2173,9450.00,546,3),(2174,7000.00,547,3),(2175,8000.00,547,2),(2176,10000.00,547,1),(2177,0.00,547,5),(2178,9450.00,548,3),(2179,10800.00,548,2),(2180,0.00,548,5),(2181,13500.00,548,1),(2182,10800.00,549,2),(2183,9450.00,549,3),(2184,0.00,549,5),(2185,13500.00,549,1),(2186,0.00,550,5),(2187,7200.00,550,2),(2188,9000.00,550,1),(2189,6300.00,550,3),(2190,10000.00,551,1),(2191,0.00,551,5),(2192,8000.00,551,2),(2193,7000.00,551,3),(2194,10800.00,552,2),(2195,13500.00,552,1),(2196,9450.00,552,3),(2197,0.00,552,5),(2198,6000.00,553,2),(2199,5250.00,553,3),(2200,7500.00,553,1),(2201,0.00,553,5),(2202,7200.00,554,2),(2203,9000.00,554,1),(2204,6300.00,554,3),(2205,0.00,554,5),(2206,0.00,555,5),(2207,10800.00,555,2),(2208,13500.00,555,1),(2209,9450.00,555,3),(2210,9000.00,556,1),(2211,0.00,556,5),(2212,7200.00,556,2),(2213,6300.00,556,3),(2214,7200.00,557,2),(2215,0.00,557,5),(2216,6300.00,557,3),(2217,9000.00,557,1),(2218,7500.00,558,1),(2219,6000.00,558,2),(2220,5250.00,558,3),(2221,0.00,558,5),(2222,0.00,559,5),(2223,10800.00,559,2),(2224,13500.00,559,1),(2225,9450.00,559,3),(2226,0.00,560,5),(2227,6000.00,560,2),(2228,7500.00,560,1),(2229,5250.00,560,3),(2230,5250.00,561,3),(2231,0.00,561,5),(2232,6000.00,561,2),(2233,7500.00,561,1),(2234,13500.00,562,1),(2235,0.00,562,5),(2236,10800.00,562,2),(2237,9450.00,562,3),(2238,13500.00,563,1),(2239,0.00,563,5),(2240,10800.00,563,2),(2241,9450.00,563,3),(2242,8000.00,564,2),(2243,10000.00,564,1),(2244,0.00,564,5),(2245,7000.00,564,3),(2246,9450.00,565,3),(2247,0.00,565,5),(2248,13500.00,565,1),(2249,10800.00,565,2),(2250,10800.00,566,2),(2251,13500.00,566,1),(2252,9450.00,566,3),(2253,0.00,566,5),(2254,0.00,567,5),(2255,7000.00,567,3),(2256,10000.00,567,1),(2257,8000.00,567,2),(2258,8000.00,568,2),(2259,7000.00,568,3),(2260,0.00,568,5),(2261,10000.00,568,1),(2262,5250.00,569,3),(2263,6000.00,569,2),(2264,0.00,569,5),(2265,7500.00,569,1),(2266,9450.00,570,3),(2267,10800.00,570,2),(2268,13500.00,570,1),(2269,0.00,570,5),(2270,5250.00,571,3),(2271,6000.00,571,2),(2272,0.00,571,5),(2273,7500.00,571,1),(2274,6000.00,572,2),(2275,0.00,572,5),(2276,5250.00,572,3),(2277,7500.00,572,1),(2278,13500.00,573,1),(2279,10800.00,573,2),(2280,9450.00,573,3),(2281,0.00,573,5),(2282,8000.00,574,2),(2283,10000.00,574,1),(2284,0.00,574,5),(2285,7000.00,574,3),(2286,0.00,575,5),(2287,8000.00,575,2),(2288,10000.00,575,1),(2289,7000.00,575,3),(2290,13500.00,576,1),(2291,10800.00,576,2),(2292,9450.00,576,3),(2293,0.00,576,5),(2294,7500.00,577,1),(2295,5250.00,577,3),(2296,6000.00,577,2),(2297,0.00,577,5),(2298,8000.00,578,2),(2299,0.00,578,5),(2300,7000.00,578,3),(2301,10000.00,578,1),(2302,10000.00,579,1),(2303,0.00,579,5),(2304,8000.00,579,2),(2305,7000.00,579,3),(2306,13500.00,580,1),(2307,10800.00,580,2),(2308,9450.00,580,3),(2309,0.00,580,5),(2310,10000.00,581,1),(2311,8000.00,581,2),(2312,0.00,581,5),(2313,7000.00,581,3),(2314,0.00,582,5),(2315,9000.00,582,1),(2316,6300.00,582,3),(2317,7200.00,582,2),(2318,0.00,583,5),(2319,9000.00,583,1),(2320,6300.00,583,3),(2321,7200.00,583,2),(2322,7000.00,584,3),(2323,10000.00,584,1),(2324,8000.00,584,2),(2325,0.00,584,5),(2326,0.00,585,5),(2327,5250.00,585,3),(2328,7500.00,585,1),(2329,6000.00,585,2),(2330,6000.00,586,2),(2331,7500.00,586,1),(2332,5250.00,586,3),(2333,0.00,586,5),(2334,8000.00,587,2),(2335,0.00,587,5),(2336,10000.00,587,1),(2337,7000.00,587,3),(2338,9450.00,588,3),(2339,13500.00,588,1),(2340,10800.00,588,2),(2341,0.00,588,5),(2342,13500.00,589,1),(2343,9450.00,589,3),(2344,0.00,589,5),(2345,10800.00,589,2),(2346,7500.00,590,1),(2347,0.00,590,5),(2348,5250.00,590,3),(2349,6000.00,590,2),(2350,5250.00,591,3),(2351,0.00,591,5),(2352,7500.00,591,1),(2353,6000.00,591,2),(2354,9450.00,592,3),(2355,10800.00,592,2),(2356,0.00,592,5),(2357,13500.00,592,1),(2358,13500.00,593,1),(2359,0.00,593,5),(2360,10800.00,593,2),(2361,9450.00,593,3),(2362,7000.00,594,3),(2363,8000.00,594,2),(2364,10000.00,594,1),(2365,0.00,594,5),(2366,0.00,595,5),(2367,7200.00,595,2),(2368,6300.00,595,3),(2369,9000.00,595,1),(2370,13500.00,596,1),(2371,9450.00,596,3),(2372,0.00,596,5),(2373,10800.00,596,2),(2374,7000.00,597,3),(2375,8000.00,597,2),(2376,10000.00,597,1),(2377,0.00,597,5),(2378,8000.00,598,2),(2379,0.00,598,5),(2380,10000.00,598,1),(2381,7000.00,598,3),(2382,9450.00,599,3),(2383,13500.00,599,1),(2384,0.00,599,5),(2385,10800.00,599,2),(2386,7000.00,600,3),(2387,0.00,600,5),(2388,8000.00,600,2),(2389,10000.00,600,1),(2390,0.00,601,5),(2391,8000.00,601,2),(2392,10000.00,601,1),(2393,7000.00,601,3),(2394,5250.00,602,3),(2395,0.00,602,5),(2396,7500.00,602,1),(2397,6000.00,602,2),(2398,9450.00,603,3),(2399,0.00,603,5),(2400,13500.00,603,1),(2401,10800.00,603,2),(2402,13500.00,604,1),(2403,0.00,604,5),(2404,10800.00,604,2),(2405,9450.00,604,3),(2406,0.00,605,5),(2407,9450.00,605,3),(2408,10800.00,605,2),(2409,13500.00,605,1),(2410,0.00,606,5),(2411,10800.00,606,2),(2412,9450.00,606,3),(2413,13500.00,606,1),(2414,7200.00,607,2),(2415,6300.00,607,3),(2416,9000.00,607,1),(2417,0.00,607,5),(2418,5250.00,608,3),(2419,0.00,608,5),(2420,7500.00,608,1),(2421,6000.00,608,2),(2422,0.00,609,5),(2423,7200.00,609,2),(2424,6300.00,609,3),(2425,9000.00,609,1),(2426,9450.00,610,3),(2427,10800.00,610,2),(2428,13500.00,610,1),(2429,0.00,610,5),(2430,0.00,611,5),(2431,6000.00,611,2),(2432,7500.00,611,1),(2433,5250.00,611,3),(2434,8000.00,612,2),(2435,10000.00,612,1),(2436,7000.00,612,3),(2437,0.00,612,5),(2438,6000.00,613,2),(2439,7500.00,613,1),(2440,5250.00,613,3),(2441,0.00,613,5),(2442,7500.00,614,1),(2443,5250.00,614,3),(2444,6000.00,614,2),(2445,0.00,614,5),(2446,7200.00,615,2),(2447,9000.00,615,1),(2448,6300.00,615,3),(2449,0.00,615,5),(2450,0.00,616,5),(2451,8000.00,616,2),(2452,7000.00,616,3),(2453,10000.00,616,1),(2454,9450.00,617,3),(2455,10800.00,617,2),(2456,13500.00,617,1),(2457,0.00,617,5),(2458,9000.00,618,1),(2459,0.00,618,5),(2460,7200.00,618,2),(2461,6300.00,618,3),(2462,8000.00,619,2),(2463,0.00,619,5),(2464,10000.00,619,1),(2465,7000.00,619,3),(2466,6300.00,620,3),(2467,7200.00,620,2),(2468,0.00,620,5),(2469,9000.00,620,1),(2470,6300.00,621,3),(2471,0.00,621,5),(2472,7200.00,621,2),(2473,9000.00,621,1),(2474,0.00,622,5),(2475,10800.00,622,2),(2476,9450.00,622,3),(2477,13500.00,622,1),(2478,7000.00,623,3),(2479,8000.00,623,2),(2480,0.00,623,5),(2481,10000.00,623,1),(2482,10000.00,624,1),(2483,0.00,624,5),(2484,8000.00,624,2),(2485,7000.00,624,3),(2486,13500.00,625,1),(2487,9450.00,625,3),(2488,10800.00,625,2),(2489,0.00,625,5),(2490,5250.00,626,3),(2491,6000.00,626,2),(2492,0.00,626,5),(2493,7500.00,626,1),(2494,6300.00,627,3),(2495,9000.00,627,1),(2496,7200.00,627,2),(2497,0.00,627,5),(2498,7500.00,628,1),(2499,0.00,628,5),(2500,6000.00,628,2),(2501,5250.00,628,3),(2502,0.00,629,5),(2503,9000.00,629,1),(2504,6300.00,629,3),(2505,7200.00,629,2),(2506,6300.00,630,3),(2507,9000.00,630,1),(2508,7200.00,630,2),(2509,0.00,630,5),(2510,5250.00,631,3),(2511,0.00,631,5),(2512,7500.00,631,1),(2513,6000.00,631,2),(2514,0.00,632,5),(2515,7000.00,632,3),(2516,8000.00,632,2),(2517,10000.00,632,1),(2518,10000.00,633,1),(2519,0.00,633,5),(2520,8000.00,633,2),(2521,7000.00,633,3),(2522,8000.00,634,2),(2523,0.00,634,5),(2524,7000.00,634,3),(2525,10000.00,634,1),(2526,7500.00,635,1),(2527,6000.00,635,2),(2528,5250.00,635,3),(2529,0.00,635,5),(2530,7200.00,636,2),(2531,9000.00,636,1),(2532,6300.00,636,3),(2533,0.00,636,5),(2534,0.00,637,5),(2535,6300.00,637,3),(2536,9000.00,637,1),(2537,7200.00,637,2),(2538,8000.00,638,2),(2539,10000.00,638,1),(2540,7000.00,638,3),(2541,0.00,638,5),(2542,9000.00,639,1),(2543,7200.00,639,2),(2544,6300.00,639,3),(2545,0.00,639,5),(2546,13500.00,640,1),(2547,9450.00,640,3),(2548,10800.00,640,2),(2549,0.00,640,5),(2550,10000.00,641,1),(2551,8000.00,641,2),(2552,0.00,641,5),(2553,7000.00,641,3),(2554,5250.00,642,3),(2555,6000.00,642,2),(2556,0.00,642,5),(2557,7500.00,642,1),(2558,10800.00,643,2),(2559,9450.00,643,3),(2560,0.00,643,5),(2561,13500.00,643,1),(2562,0.00,644,5),(2563,9000.00,644,1),(2564,6300.00,644,3),(2565,7200.00,644,2),(2566,8000.00,645,2),(2567,7000.00,645,3),(2568,10000.00,645,1),(2569,0.00,645,5),(2570,7500.00,646,1),(2571,6000.00,646,2),(2572,0.00,646,5),(2573,5250.00,646,3),(2574,7200.00,647,2),(2575,0.00,647,5),(2576,9000.00,647,1),(2577,6300.00,647,3),(2578,9000.00,648,1),(2579,6300.00,648,3),(2580,0.00,648,5),(2581,7200.00,648,2),(2582,6300.00,649,3),(2583,7200.00,649,2),(2584,9000.00,649,1),(2585,0.00,649,5),(2586,0.00,650,5),(2587,6000.00,650,2),(2588,7500.00,650,1),(2589,5250.00,650,3),(2590,7200.00,651,2),(2591,6300.00,651,3),(2592,0.00,651,5),(2593,9000.00,651,1),(2594,9450.00,652,3),(2595,13500.00,652,1),(2596,10800.00,652,2),(2597,0.00,652,5),(2598,7000.00,653,3),(2599,10000.00,653,1),(2600,8000.00,653,2),(2601,0.00,653,5),(2602,0.00,654,5),(2603,7200.00,654,2),(2604,9000.00,654,1),(2605,6300.00,654,3),(2606,10000.00,655,1),(2607,0.00,655,5),(2608,8000.00,655,2),(2609,7000.00,655,3),(2610,10800.00,656,2),(2611,13500.00,656,1),(2612,0.00,656,5),(2613,9450.00,656,3),(2614,0.00,657,5),(2615,13500.00,657,1),(2616,10800.00,657,2),(2617,9450.00,657,3),(2618,7000.00,658,3),(2619,8000.00,658,2),(2620,0.00,658,5),(2621,10000.00,658,1),(2622,9000.00,659,1),(2623,0.00,659,5),(2624,7200.00,659,2),(2625,6300.00,659,3),(2626,0.00,660,5),(2627,9450.00,660,3),(2628,13500.00,660,1),(2629,10800.00,660,2),(2630,0.00,661,5),(2631,10000.00,661,1),(2632,8000.00,661,2),(2633,7000.00,661,3),(2634,10000.00,662,1),(2635,0.00,662,5),(2636,8000.00,662,2),(2637,7000.00,662,3),(2638,10000.00,663,1),(2639,7000.00,663,3),(2640,8000.00,663,2),(2641,0.00,663,5),(2642,0.00,664,5),(2643,13500.00,664,1),(2644,10800.00,664,2),(2645,9450.00,664,3),(2646,7200.00,665,2),(2647,0.00,665,5),(2648,9000.00,665,1),(2649,6300.00,665,3),(2650,7500.00,666,1),(2651,6000.00,666,2),(2652,0.00,666,5),(2653,5250.00,666,3),(2654,0.00,667,5),(2655,10800.00,667,2),(2656,13500.00,667,1),(2657,9450.00,667,3),(2658,10000.00,668,1),(2659,7000.00,668,3),(2660,8000.00,668,2),(2661,0.00,668,5),(2662,10800.00,669,2),(2663,13500.00,669,1),(2664,0.00,669,5),(2665,9450.00,669,3),(2666,10800.00,670,2),(2667,0.00,670,5),(2668,9450.00,670,3),(2669,13500.00,670,1),(2670,10000.00,671,1),(2671,8000.00,671,2),(2672,0.00,671,5),(2673,7000.00,671,3),(2674,9000.00,672,1),(2675,0.00,672,5),(2676,7200.00,672,2),(2677,6300.00,672,3),(2678,7000.00,673,3),(2679,10000.00,673,1),(2680,8000.00,673,2),(2681,0.00,673,5),(2682,10000.00,674,1),(2683,8000.00,674,2),(2684,0.00,674,5),(2685,7000.00,674,3),(2686,0.00,675,5),(2687,7500.00,675,1),(2688,6000.00,675,2),(2689,5250.00,675,3),(2690,0.00,676,5),(2691,9000.00,676,1),(2692,6300.00,676,3),(2693,7200.00,676,2),(2694,0.00,677,5),(2695,10000.00,677,1),(2696,8000.00,677,2),(2697,7000.00,677,3),(2698,6300.00,678,3),(2699,9000.00,678,1),(2700,0.00,678,5),(2701,7200.00,678,2),(2702,10000.00,679,1),(2703,7000.00,679,3),(2704,8000.00,679,2),(2705,0.00,679,5),(2706,7200.00,680,2),(2707,9000.00,680,1),(2708,6300.00,680,3),(2709,0.00,680,5),(2710,6000.00,681,2),(2711,5250.00,681,3),(2712,7500.00,681,1),(2713,0.00,681,5),(2714,0.00,682,5),(2715,10800.00,682,2),(2716,9450.00,682,3),(2717,13500.00,682,1),(2718,10000.00,683,1),(2719,8000.00,683,2),(2720,7000.00,683,3),(2721,0.00,683,5),(2722,0.00,684,5),(2723,9450.00,684,3),(2724,13500.00,684,1),(2725,10800.00,684,2),(2726,8000.00,685,2),(2727,7000.00,685,3),(2728,10000.00,685,1),(2729,0.00,685,5),(2730,10800.00,686,2),(2731,9450.00,686,3),(2732,0.00,686,5),(2733,13500.00,686,1),(2734,10000.00,687,1),(2735,0.00,687,5),(2736,8000.00,687,2),(2737,7000.00,687,3),(2738,5250.00,688,3),(2739,0.00,688,5),(2740,6000.00,688,2),(2741,7500.00,688,1),(2742,9000.00,689,1),(2743,6300.00,689,3),(2744,0.00,689,5),(2745,7200.00,689,2),(2746,7000.00,690,3),(2747,0.00,690,5),(2748,10000.00,690,1),(2749,8000.00,690,2),(2750,9450.00,691,3),(2751,10800.00,691,2),(2752,0.00,691,5),(2753,13500.00,691,1),(2754,7000.00,692,3),(2755,10000.00,692,1),(2756,0.00,692,5),(2757,8000.00,692,2),(2758,8000.00,693,2),(2759,10000.00,693,1),(2760,7000.00,693,3),(2761,0.00,693,5),(2762,0.00,694,5),(2763,7000.00,694,3),(2764,8000.00,694,2),(2765,10000.00,694,1),(2766,13500.00,695,1),(2767,10800.00,695,2),(2768,9450.00,695,3),(2769,0.00,695,5),(2770,8000.00,696,2),(2771,7000.00,696,3),(2772,10000.00,696,1),(2773,0.00,696,5),(2774,10800.00,697,2),(2775,0.00,697,5),(2776,13500.00,697,1),(2777,9450.00,697,3),(2778,0.00,698,5),(2779,10000.00,698,1),(2780,8000.00,698,2),(2781,7000.00,698,3),(2782,5250.00,699,3),(2783,7500.00,699,1),(2784,6000.00,699,2),(2785,0.00,699,5),(2786,9450.00,700,3),(2787,0.00,700,5),(2788,10800.00,700,2),(2789,13500.00,700,1),(2790,0.00,701,5),(2791,9000.00,701,1),(2792,7200.00,701,2),(2793,6300.00,701,3),(2794,0.00,702,5),(2795,13500.00,702,1),(2796,10800.00,702,2),(2797,9450.00,702,3),(2798,7200.00,703,2),(2799,9000.00,703,1),(2800,6300.00,703,3),(2801,0.00,703,5),(2802,13500.00,704,1),(2803,10800.00,704,2),(2804,9450.00,704,3),(2805,0.00,704,5),(2806,0.00,705,5),(2807,8000.00,705,2),(2808,10000.00,705,1),(2809,7000.00,705,3),(2810,7500.00,706,1),(2811,6000.00,706,2),(2812,5250.00,706,3),(2813,0.00,706,5),(2814,5250.00,707,3),(2815,6000.00,707,2),(2816,0.00,707,5),(2817,7500.00,707,1),(2818,13500.00,708,1),(2819,9450.00,708,3),(2820,0.00,708,5),(2821,10800.00,708,2),(2822,13500.00,709,1),(2823,10800.00,709,2),(2824,9450.00,709,3),(2825,0.00,709,5),(2826,7200.00,710,2),(2827,6300.00,710,3),(2828,9000.00,710,1),(2829,0.00,710,5),(2830,0.00,711,5),(2831,6300.00,711,3),(2832,7200.00,711,2),(2833,9000.00,711,1),(2834,0.00,712,5),(2835,6300.00,712,3),(2836,9000.00,712,1),(2837,7200.00,712,2),(2838,9450.00,713,3),(2839,0.00,713,5),(2840,13500.00,713,1),(2841,10800.00,713,2),(2842,7200.00,714,2),(2843,0.00,714,5),(2844,9000.00,714,1),(2845,6300.00,714,3),(2846,9000.00,715,1),(2847,7200.00,715,2),(2848,0.00,715,5),(2849,6300.00,715,3),(2850,5250.00,716,3),(2851,6000.00,716,2),(2852,0.00,716,5),(2853,7500.00,716,1),(2854,8000.00,717,2),(2855,0.00,717,5),(2856,10000.00,717,1),(2857,7000.00,717,3),(2858,6300.00,718,3),(2859,7200.00,718,2),(2860,0.00,718,5),(2861,9000.00,718,1),(2862,6000.00,719,2),(2863,0.00,719,5),(2864,7500.00,719,1),(2865,5250.00,719,3),(2866,0.00,720,5),(2867,10000.00,720,1),(2868,8000.00,720,2),(2869,7000.00,720,3),(2870,0.00,721,5),(2871,10000.00,721,1),(2872,8000.00,721,2),(2873,7000.00,721,3),(2874,9000.00,722,1),(2875,7200.00,722,2),(2876,0.00,722,5),(2877,6300.00,722,3),(2878,10800.00,723,2),(2879,9450.00,723,3),(2880,0.00,723,5),(2881,13500.00,723,1),(2882,0.00,724,5),(2883,7000.00,724,3),(2884,10000.00,724,1),(2885,8000.00,724,2),(2886,7500.00,725,1),(2887,0.00,725,5),(2888,6000.00,725,2),(2889,5250.00,725,3),(2890,7500.00,726,1),(2891,6000.00,726,2),(2892,5250.00,726,3),(2893,0.00,726,5),(2894,10000.00,727,1),(2895,0.00,727,5),(2896,8000.00,727,2),(2897,7000.00,727,3),(2898,5250.00,728,3),(2899,6000.00,728,2),(2900,0.00,728,5),(2901,7500.00,728,1),(2902,6300.00,729,3),(2903,7200.00,729,2),(2904,0.00,729,5),(2905,9000.00,729,1),(2906,9450.00,730,3),(2907,0.00,730,5),(2908,10800.00,730,2),(2909,13500.00,730,1),(2910,0.00,731,5),(2911,9000.00,731,1),(2912,7200.00,731,2),(2913,6300.00,731,3),(2914,9450.00,732,3),(2915,13500.00,732,1),(2916,10800.00,732,2),(2917,0.00,732,5),(2918,0.00,733,5),(2919,10000.00,733,1),(2920,7000.00,733,3),(2921,8000.00,733,2),(2922,0.00,734,5),(2923,7200.00,734,2),(2924,6300.00,734,3),(2925,9000.00,734,1),(2926,0.00,735,5),(2927,9000.00,735,1),(2928,7200.00,735,2),(2929,6300.00,735,3),(2930,0.00,736,5),(2931,10800.00,736,2),(2932,13500.00,736,1),(2933,9450.00,736,3),(2934,0.00,737,5),(2935,9450.00,737,3),(2936,13500.00,737,1),(2937,10800.00,737,2),(2938,10800.00,738,2),(2939,13500.00,738,1),(2940,0.00,738,5),(2941,9450.00,738,3),(2942,7200.00,739,2),(2943,6300.00,739,3),(2944,0.00,739,5),(2945,9000.00,739,1),(2946,0.00,740,5),(2947,8000.00,740,2),(2948,7000.00,740,3),(2949,10000.00,740,1),(2950,10000.00,741,1),(2951,7000.00,741,3),(2952,8000.00,741,2),(2953,0.00,741,5),(2954,6000.00,742,2),(2955,0.00,742,5),(2956,5250.00,742,3),(2957,7500.00,742,1),(2958,0.00,743,5),(2959,13500.00,743,1),(2960,9450.00,743,3),(2961,10800.00,743,2),(2962,7500.00,744,1),(2963,6000.00,744,2),(2964,5250.00,744,3),(2965,0.00,744,5),(2966,7200.00,745,2),(2967,9000.00,745,1),(2968,6300.00,745,3),(2969,0.00,745,5),(2970,10000.00,746,1),(2971,7000.00,746,3),(2972,0.00,746,5),(2973,8000.00,746,2),(2974,9000.00,747,1),(2975,6300.00,747,3),(2976,7200.00,747,2),(2977,0.00,747,5),(2978,7200.00,748,2),(2979,6300.00,748,3),(2980,0.00,748,5),(2981,9000.00,748,1),(2982,0.00,749,5),(2983,13500.00,749,1),(2984,9450.00,749,3),(2985,10800.00,749,2),(2986,13500.00,750,1),(2987,0.00,750,5),(2988,9450.00,750,3),(2989,10800.00,750,2),(2990,10000.00,751,1),(2991,0.00,751,5),(2992,7000.00,751,3),(2993,8000.00,751,2),(2994,10000.00,752,1),(2995,0.00,752,5),(2996,8000.00,752,2),(2997,7000.00,752,3),(2998,7200.00,753,2),(2999,6300.00,753,3),(3000,0.00,753,5),(3001,9000.00,753,1),(3002,0.00,754,5),(3003,7200.00,754,2),(3004,6300.00,754,3),(3005,9000.00,754,1),(3006,9000.00,755,1),(3007,0.00,755,5),(3008,6300.00,755,3),(3009,7200.00,755,2),(3010,6000.00,756,2),(3011,7500.00,756,1),(3012,0.00,756,5),(3013,5250.00,756,3),(3014,7500.00,757,1),(3015,6000.00,757,2),(3016,5250.00,757,3),(3017,0.00,757,5),(3018,7500.00,758,1),(3019,0.00,758,5),(3020,5250.00,758,3),(3021,6000.00,758,2),(3022,6300.00,759,3),(3023,7200.00,759,2),(3024,9000.00,759,1),(3025,0.00,759,5),(3026,8000.00,760,2),(3027,7000.00,760,3),(3028,0.00,760,5),(3029,10000.00,760,1),(3030,13500.00,761,1),(3031,0.00,761,5),(3032,10800.00,761,2),(3033,9450.00,761,3),(3034,7500.00,762,1),(3035,6000.00,762,2),(3036,5250.00,762,3),(3037,0.00,762,5),(3038,8000.00,763,2),(3039,10000.00,763,1),(3040,7000.00,763,3),(3041,0.00,763,5),(3042,6000.00,764,2),(3043,5250.00,764,3),(3044,7500.00,764,1),(3045,0.00,764,5),(3046,10000.00,765,1),(3047,0.00,765,5),(3048,8000.00,765,2),(3049,7000.00,765,3),(3050,7500.00,766,1),(3051,5250.00,766,3),(3052,0.00,766,5),(3053,6000.00,766,2),(3054,6300.00,767,3),(3055,7200.00,767,2),(3056,0.00,767,5),(3057,9000.00,767,1),(3058,0.00,768,5),(3059,6000.00,768,2),(3060,5250.00,768,3),(3061,7500.00,768,1),(3062,10000.00,769,1),(3063,0.00,769,5),(3064,7000.00,769,3),(3065,8000.00,769,2),(3066,7200.00,770,2),(3067,9000.00,770,1),(3068,6300.00,770,3),(3069,0.00,770,5),(3070,0.00,771,5),(3071,7500.00,771,1),(3072,6000.00,771,2),(3073,5250.00,771,3),(3074,10000.00,772,1),(3075,8000.00,772,2),(3076,0.00,772,5),(3077,7000.00,772,3),(3078,7000.00,773,3),(3079,10000.00,773,1),(3080,8000.00,773,2),(3081,0.00,773,5),(3082,9000.00,774,1),(3083,0.00,774,5),(3084,6300.00,774,3),(3085,7200.00,774,2),(3086,0.00,775,5),(3087,6300.00,775,3),(3088,7200.00,775,2),(3089,9000.00,775,1),(3090,0.00,776,5),(3091,7200.00,776,2),(3092,9000.00,776,1),(3093,6300.00,776,3),(3094,13500.00,777,1),(3095,9450.00,777,3),(3096,0.00,777,5),(3097,10800.00,777,2),(3098,7000.00,778,3),(3099,10000.00,778,1),(3100,8000.00,778,2),(3101,0.00,778,5),(3102,0.00,779,5),(3103,6300.00,779,3),(3104,9000.00,779,1),(3105,7200.00,779,2),(3106,0.00,780,5),(3107,6000.00,780,2),(3108,5250.00,780,3),(3109,7500.00,780,1),(3110,7000.00,781,3),(3111,8000.00,781,2),(3112,10000.00,781,1),(3113,0.00,781,5),(3114,8000.00,782,2),(3115,0.00,782,5),(3116,7000.00,782,3),(3117,10000.00,782,1),(3118,5250.00,783,3),(3119,0.00,783,5),(3120,6000.00,783,2),(3121,7500.00,783,1),(3122,9000.00,784,1),(3123,6300.00,784,3),(3124,7200.00,784,2),(3125,0.00,784,5),(3126,5250.00,785,3),(3127,0.00,785,5),(3128,6000.00,785,2),(3129,7500.00,785,1),(3130,7200.00,786,2),(3131,0.00,786,5),(3132,6300.00,786,3),(3133,9000.00,786,1),(3134,9450.00,787,3),(3135,10800.00,787,2),(3136,0.00,787,5),(3137,13500.00,787,1),(3138,7200.00,788,2),(3139,9000.00,788,1),(3140,0.00,788,5),(3141,6300.00,788,3),(3142,0.00,789,5),(3143,10000.00,789,1),(3144,8000.00,789,2),(3145,7000.00,789,3),(3146,6000.00,790,2),(3147,0.00,790,5),(3148,5250.00,790,3),(3149,7500.00,790,1),(3150,0.00,791,5),(3151,9000.00,791,1),(3152,6300.00,791,3),(3153,7200.00,791,2),(3154,6000.00,792,2),(3155,5250.00,792,3),(3156,7500.00,792,1),(3157,0.00,792,5),(3158,7000.00,793,3),(3159,0.00,793,5),(3160,8000.00,793,2),(3161,10000.00,793,1),(3162,7000.00,794,3),(3163,10000.00,794,1),(3164,8000.00,794,2),(3165,0.00,794,5),(3166,0.00,795,5),(3167,7000.00,795,3),(3168,10000.00,795,1),(3169,8000.00,795,2),(3170,0.00,796,5),(3171,7000.00,796,3),(3172,10000.00,796,1),(3173,8000.00,796,2),(3174,7000.00,797,3),(3175,8000.00,797,2),(3176,0.00,797,5),(3177,10000.00,797,1),(3178,9450.00,798,3),(3179,10800.00,798,2),(3180,13500.00,798,1),(3181,0.00,798,5),(3182,6300.00,799,3),(3183,7200.00,799,2),(3184,9000.00,799,1),(3185,0.00,799,5),(3186,7200.00,800,2),(3187,6300.00,800,3),(3188,9000.00,800,1),(3189,0.00,800,5),(3190,7200.00,801,2),(3191,6300.00,801,3),(3192,0.00,801,5),(3193,9000.00,801,1),(3194,10800.00,802,2),(3195,9450.00,802,3),(3196,13500.00,802,1),(3197,0.00,802,5),(3198,8000.00,803,2),(3199,10000.00,803,1),(3200,7000.00,803,3),(3201,0.00,803,5),(3202,13500.00,804,1),(3203,9450.00,804,3),(3204,10800.00,804,2),(3205,0.00,804,5),(3206,0.00,805,5),(3207,7200.00,805,2),(3208,6300.00,805,3),(3209,9000.00,805,1),(3210,13500.00,806,1),(3211,0.00,806,5),(3212,10800.00,806,2),(3213,9450.00,806,3),(3214,10800.00,807,2),(3215,9450.00,807,3),(3216,0.00,807,5),(3217,13500.00,807,1),(3218,7500.00,808,1),(3219,6000.00,808,2),(3220,5250.00,808,3),(3221,0.00,808,5),(3222,7200.00,809,2),(3223,6300.00,809,3),(3224,0.00,809,5),(3225,9000.00,809,1),(3226,6000.00,810,2),(3227,7500.00,810,1),(3228,0.00,810,5),(3229,5250.00,810,3),(3230,8000.00,811,2),(3231,10000.00,811,1),(3232,7000.00,811,3),(3233,0.00,811,5),(3234,7000.00,812,3),(3235,0.00,812,5),(3236,8000.00,812,2),(3237,10000.00,812,1),(3238,13500.00,813,1),(3239,0.00,813,5),(3240,10800.00,813,2),(3241,9450.00,813,3),(3242,0.00,814,5),(3243,13500.00,814,1),(3244,9450.00,814,3),(3245,10800.00,814,2),(3246,7500.00,815,1),(3247,5250.00,815,3),(3248,0.00,815,5),(3249,6000.00,815,2),(3250,10800.00,816,2),(3251,13500.00,816,1),(3252,0.00,816,5),(3253,9450.00,816,3),(3254,7200.00,817,2),(3255,6300.00,817,3),(3256,0.00,817,5),(3257,9000.00,817,1),(3258,8000.00,818,2),(3259,10000.00,818,1),(3260,0.00,818,5),(3261,7000.00,818,3),(3262,0.00,819,5),(3263,7500.00,819,1),(3264,6000.00,819,2),(3265,5250.00,819,3),(3266,10800.00,820,2),(3267,13500.00,820,1),(3268,0.00,820,5),(3269,9450.00,820,3),(3270,9000.00,821,1),(3271,6300.00,821,3),(3272,0.00,821,5),(3273,7200.00,821,2),(3274,6300.00,822,3),(3275,9000.00,822,1),(3276,7200.00,822,2),(3277,0.00,822,5),(3278,9000.00,823,1),(3279,7200.00,823,2),(3280,6300.00,823,3),(3281,0.00,823,5),(3282,10800.00,824,2),(3283,0.00,824,5),(3284,13500.00,824,1),(3285,9450.00,824,3),(3286,10000.00,825,1),(3287,0.00,825,5),(3288,7000.00,825,3),(3289,8000.00,825,2),(3290,8000.00,826,2),(3291,0.00,826,5),(3292,10000.00,826,1),(3293,7000.00,826,3),(3294,0.00,827,5),(3295,7500.00,827,1),(3296,5250.00,827,3),(3297,6000.00,827,2),(3298,10800.00,828,2),(3299,0.00,828,5),(3300,13500.00,828,1),(3301,9450.00,828,3),(3302,10000.00,829,1),(3303,0.00,829,5),(3304,8000.00,829,2),(3305,7000.00,829,3),(3306,10800.00,830,2),(3307,0.00,830,5),(3308,13500.00,830,1),(3309,9450.00,830,3),(3310,6000.00,831,2),(3311,5250.00,831,3),(3312,7500.00,831,1),(3313,0.00,831,5),(3314,6300.00,832,3),(3315,9000.00,832,1),(3316,7200.00,832,2),(3317,0.00,832,5),(3318,0.00,833,5),(3319,7000.00,833,3),(3320,8000.00,833,2),(3321,10000.00,833,1),(3322,7500.00,834,1),(3323,0.00,834,5),(3324,6000.00,834,2),(3325,5250.00,834,3),(3326,7500.00,835,1),(3327,0.00,835,5),(3328,6000.00,835,2),(3329,5250.00,835,3),(3330,6000.00,836,2),(3331,5250.00,836,3),(3332,7500.00,836,1),(3333,0.00,836,5),(3334,10800.00,837,2),(3335,0.00,837,5),(3336,9450.00,837,3),(3337,13500.00,837,1),(3338,7500.00,838,1),(3339,6000.00,838,2),(3340,5250.00,838,3),(3341,0.00,838,5),(3342,7500.00,839,1),(3343,6000.00,839,2),(3344,0.00,839,5),(3345,5250.00,839,3),(3346,8000.00,840,2),(3347,10000.00,840,1),(3348,7000.00,840,3),(3349,0.00,840,5),(3350,6300.00,841,3),(3351,0.00,841,5),(3352,9000.00,841,1),(3353,7200.00,841,2),(3354,5250.00,842,3),(3355,7500.00,842,1),(3356,0.00,842,5),(3357,6000.00,842,2),(3358,7200.00,843,2),(3359,6300.00,843,3),(3360,9000.00,843,1),(3361,0.00,843,5),(3362,0.00,844,5),(3363,9000.00,844,1),(3364,7200.00,844,2),(3365,6300.00,844,3),(3366,6000.00,845,2),(3367,5250.00,845,3),(3368,7500.00,845,1),(3369,0.00,845,5),(3370,0.00,846,5),(3371,10000.00,846,1),(3372,7000.00,846,3),(3373,8000.00,846,2),(3374,6000.00,847,2),(3375,7500.00,847,1),(3376,5250.00,847,3),(3377,0.00,847,5),(3378,6000.00,848,2),(3379,7500.00,848,1),(3380,5250.00,848,3),(3381,0.00,848,5),(3382,0.00,849,5),(3383,9450.00,849,3),(3384,13500.00,849,1),(3385,10800.00,849,2),(3386,9000.00,850,1),(3387,0.00,850,5),(3388,7200.00,850,2),(3389,6300.00,850,3),(3390,7500.00,851,1),(3391,6000.00,851,2),(3392,0.00,851,5),(3393,5250.00,851,3),(3394,0.00,852,5),(3395,7200.00,852,2),(3396,6300.00,852,3),(3397,9000.00,852,1),(3398,9000.00,853,1),(3399,0.00,853,5),(3400,7200.00,853,2),(3401,6300.00,853,3),(3402,8000.00,854,2),(3403,0.00,854,5),(3404,7000.00,854,3),(3405,10000.00,854,1),(3406,8000.00,855,2),(3407,10000.00,855,1),(3408,7000.00,855,3),(3409,0.00,855,5),(3410,7200.00,856,2),(3411,9000.00,856,1),(3412,0.00,856,5),(3413,6300.00,856,3),(3414,13500.00,857,1),(3415,0.00,857,5),(3416,9450.00,857,3),(3417,10800.00,857,2),(3418,0.00,858,5),(3419,10800.00,858,2),(3420,9450.00,858,3),(3421,13500.00,858,1),(3422,6300.00,859,3),(3423,9000.00,859,1),(3424,0.00,859,5),(3425,7200.00,859,2),(3426,0.00,860,5),(3427,10800.00,860,2),(3428,9450.00,860,3),(3429,13500.00,860,1),(3430,0.00,861,5),(3431,6300.00,861,3),(3432,7200.00,861,2),(3433,9000.00,861,1),(3434,5250.00,862,3),(3435,7500.00,862,1),(3436,0.00,862,5),(3437,6000.00,862,2),(3438,9000.00,863,1),(3439,7200.00,863,2),(3440,0.00,863,5),(3441,6300.00,863,3),(3442,7500.00,864,1),(3443,5250.00,864,3),(3444,6000.00,864,2),(3445,0.00,864,5),(3446,8000.00,865,2),(3447,7000.00,865,3),(3448,0.00,865,5),(3449,10000.00,865,1),(3450,7000.00,866,3),(3451,0.00,866,5),(3452,8000.00,866,2),(3453,10000.00,866,1),(3454,6300.00,867,3),(3455,0.00,867,5),(3456,7200.00,867,2),(3457,9000.00,867,1),(3458,7000.00,868,3),(3459,8000.00,868,2),(3460,0.00,868,5),(3461,10000.00,868,1),(3462,10000.00,869,1),(3463,8000.00,869,2),(3464,7000.00,869,3),(3465,0.00,869,5),(3466,7500.00,870,1),(3467,6000.00,870,2),(3468,5250.00,870,3),(3469,0.00,870,5),(3470,5250.00,871,3),(3471,0.00,871,5),(3472,7500.00,871,1),(3473,6000.00,871,2),(3474,8000.00,872,2),(3475,0.00,872,5),(3476,10000.00,872,1),(3477,7000.00,872,3),(3478,0.00,873,5),(3479,6300.00,873,3),(3480,9000.00,873,1),(3481,7200.00,873,2),(3482,6300.00,874,3),(3483,0.00,874,5),(3484,9000.00,874,1),(3485,7200.00,874,2),(3486,7000.00,875,3),(3487,8000.00,875,2),(3488,10000.00,875,1),(3489,0.00,875,5),(3490,5250.00,876,3),(3491,6000.00,876,2),(3492,0.00,876,5),(3493,7500.00,876,1),(3494,7500.00,877,1),(3495,5250.00,877,3),(3496,0.00,877,5),(3497,6000.00,877,2),(3498,9450.00,878,3),(3499,13500.00,878,1),(3500,0.00,878,5),(3501,10800.00,878,2),(3502,7200.00,879,2),(3503,6300.00,879,3),(3504,9000.00,879,1),(3505,0.00,879,5),(3506,7000.00,880,3),(3507,0.00,880,5),(3508,8000.00,880,2),(3509,10000.00,880,1),(3510,10000.00,881,1),(3511,8000.00,881,2),(3512,7000.00,881,3),(3513,0.00,881,5),(3514,0.00,882,5),(3515,6000.00,882,2),(3516,5250.00,882,3),(3517,7500.00,882,1),(3518,9000.00,883,1),(3519,7200.00,883,2),(3520,0.00,883,5),(3521,6300.00,883,3),(3522,6000.00,884,2),(3523,5250.00,884,3),(3524,7500.00,884,1),(3525,0.00,884,5),(3526,7000.00,885,3),(3527,0.00,885,5),(3528,8000.00,885,2),(3529,10000.00,885,1),(3530,9000.00,886,1),(3531,6300.00,886,3),(3532,0.00,886,5),(3533,7200.00,886,2),(3534,6300.00,887,3),(3535,7200.00,887,2),(3536,9000.00,887,1),(3537,0.00,887,5),(3538,9000.00,888,1),(3539,0.00,888,5),(3540,6300.00,888,3),(3541,7200.00,888,2),(3542,0.00,889,5),(3543,6300.00,889,3),(3544,7200.00,889,2),(3545,9000.00,889,1),(3546,10000.00,890,1),(3547,0.00,890,5),(3548,8000.00,890,2),(3549,7000.00,890,3),(3550,7200.00,891,2),(3551,0.00,891,5),(3552,9000.00,891,1),(3553,6300.00,891,3),(3554,13500.00,892,1),(3555,0.00,892,5),(3556,10800.00,892,2),(3557,9450.00,892,3),(3558,8000.00,893,2),(3559,0.00,893,5),(3560,7000.00,893,3),(3561,10000.00,893,1),(3562,8000.00,894,2),(3563,7000.00,894,3),(3564,10000.00,894,1),(3565,0.00,894,5),(3566,6000.00,895,2),(3567,0.00,895,5),(3568,7500.00,895,1),(3569,5250.00,895,3),(3570,0.00,896,5),(3571,6300.00,896,3),(3572,9000.00,896,1),(3573,7200.00,896,2),(3574,5250.00,897,3),(3575,7500.00,897,1),(3576,6000.00,897,2),(3577,0.00,897,5),(3578,7000.00,898,3),(3579,10000.00,898,1),(3580,0.00,898,5),(3581,8000.00,898,2),(3582,9000.00,899,1),(3583,6300.00,899,3),(3584,0.00,899,5),(3585,7200.00,899,2),(3586,13500.00,900,1),(3587,10800.00,900,2),(3588,0.00,900,5),(3589,9450.00,900,3),(3590,6300.00,901,3),(3591,0.00,901,5),(3592,9000.00,901,1),(3593,7200.00,901,2),(3594,5250.00,902,3),(3595,6000.00,902,2),(3596,7500.00,902,1),(3597,0.00,902,5),(3598,0.00,903,5),(3599,13500.00,903,1),(3600,9450.00,903,3),(3601,10800.00,903,2),(3602,10800.00,904,2),(3603,13500.00,904,1),(3604,9450.00,904,3),(3605,0.00,904,5),(3606,7200.00,905,2),(3607,6300.00,905,3),(3608,0.00,905,5),(3609,9000.00,905,1),(3610,0.00,906,5),(3611,7200.00,906,2),(3612,9000.00,906,1),(3613,6300.00,906,3),(3614,0.00,907,5),(3615,6000.00,907,2),(3616,5250.00,907,3),(3617,7500.00,907,1),(3618,10000.00,908,1),(3619,8000.00,908,2),(3620,7000.00,908,3),(3621,0.00,908,5),(3622,8000.00,909,2),(3623,7000.00,909,3),(3624,0.00,909,5),(3625,10000.00,909,1),(3626,6300.00,910,3),(3627,9000.00,910,1),(3628,7200.00,910,2),(3629,0.00,910,5),(3630,7000.00,911,3),(3631,8000.00,911,2),(3632,10000.00,911,1),(3633,0.00,911,5),(3634,0.00,912,5),(3635,7500.00,912,1),(3636,6000.00,912,2),(3637,5250.00,912,3),(3638,10000.00,913,1),(3639,8000.00,913,2),(3640,7000.00,913,3),(3641,0.00,913,5),(3642,7200.00,914,2),(3643,0.00,914,5),(3644,9000.00,914,1),(3645,6300.00,914,3),(3646,7000.00,915,3),(3647,0.00,915,5),(3648,10000.00,915,1),(3649,8000.00,915,2),(3650,6000.00,916,2),(3651,7500.00,916,1),(3652,5250.00,916,3),(3653,0.00,916,5),(3654,6300.00,917,3),(3655,9000.00,917,1),(3656,0.00,917,5),(3657,7200.00,917,2),(3658,0.00,918,5),(3659,10800.00,918,2),(3660,9450.00,918,3),(3661,13500.00,918,1),(3662,6300.00,919,3),(3663,7200.00,919,2),(3664,0.00,919,5),(3665,9000.00,919,1),(3666,9450.00,920,3),(3667,0.00,920,5),(3668,10800.00,920,2),(3669,13500.00,920,1),(3670,5250.00,921,3),(3671,6000.00,921,2),(3672,0.00,921,5),(3673,7500.00,921,1),(3674,7200.00,922,2),(3675,9000.00,922,1),(3676,6300.00,922,3),(3677,0.00,922,5),(3678,9450.00,923,3),(3679,10800.00,923,2),(3680,0.00,923,5),(3681,13500.00,923,1),(3682,9000.00,924,1),(3683,7200.00,924,2),(3684,0.00,924,5),(3685,6300.00,924,3),(3686,10000.00,925,1),(3687,7000.00,925,3),(3688,8000.00,925,2),(3689,0.00,925,5),(3690,7200.00,926,2),(3691,9000.00,926,1),(3692,6300.00,926,3),(3693,0.00,926,5),(3694,10800.00,927,2),(3695,0.00,927,5),(3696,9450.00,927,3),(3697,13500.00,927,1),(3698,7000.00,928,3),(3699,10000.00,928,1),(3700,0.00,928,5),(3701,8000.00,928,2),(3702,7500.00,929,1),(3703,6000.00,929,2),(3704,5250.00,929,3),(3705,0.00,929,5),(3706,10000.00,930,1),(3707,0.00,930,5),(3708,7000.00,930,3),(3709,8000.00,930,2),(3710,0.00,931,5),(3711,6300.00,931,3),(3712,7200.00,931,2),(3713,9000.00,931,1),(3714,9450.00,932,3),(3715,0.00,932,5),(3716,10800.00,932,2),(3717,13500.00,932,1),(3718,0.00,933,5),(3719,8000.00,933,2),(3720,10000.00,933,1),(3721,7000.00,933,3),(3722,0.00,934,5),(3723,6000.00,934,2),(3724,7500.00,934,1),(3725,5250.00,934,3),(3726,6000.00,935,2),(3727,5250.00,935,3),(3728,0.00,935,5),(3729,7500.00,935,1),(3730,0.00,936,5),(3731,7000.00,936,3),(3732,10000.00,936,1),(3733,8000.00,936,2),(3734,7000.00,937,3),(3735,8000.00,937,2),(3736,0.00,937,5),(3737,10000.00,937,1),(3738,10000.00,938,1),(3739,8000.00,938,2),(3740,7000.00,938,3),(3741,0.00,938,5),(3742,7000.00,939,3),(3743,0.00,939,5),(3744,10000.00,939,1),(3745,8000.00,939,2),(3746,0.00,940,5),(3747,10800.00,940,2),(3748,13500.00,940,1),(3749,9450.00,940,3),(3750,10000.00,941,1),(3751,8000.00,941,2),(3752,0.00,941,5),(3753,7000.00,941,3),(3754,0.00,942,5),(3755,6000.00,942,2),(3756,7500.00,942,1),(3757,5250.00,942,3),(3758,9450.00,943,3),(3759,13500.00,943,1),(3760,0.00,943,5),(3761,10800.00,943,2),(3762,9000.00,944,1),(3763,6300.00,944,3),(3764,0.00,944,5),(3765,7200.00,944,2),(3766,0.00,945,5),(3767,7200.00,945,2),(3768,9000.00,945,1),(3769,6300.00,945,3),(3770,0.00,946,5),(3771,9450.00,946,3),(3772,13500.00,946,1),(3773,10800.00,946,2),(3774,0.00,947,5),(3775,6300.00,947,3),(3776,7200.00,947,2),(3777,9000.00,947,1),(3778,5250.00,948,3),(3779,0.00,948,5),(3780,6000.00,948,2),(3781,7500.00,948,1),(3782,13500.00,949,1),(3783,9450.00,949,3),(3784,0.00,949,5),(3785,10800.00,949,2),(3786,0.00,950,5),(3787,6300.00,950,3),(3788,9000.00,950,1),(3789,7200.00,950,2),(3790,7200.00,951,2),(3791,9000.00,951,1),(3792,0.00,951,5),(3793,6300.00,951,3),(3794,10800.00,952,2),(3795,13500.00,952,1),(3796,9450.00,952,3),(3797,0.00,952,5),(3798,6300.00,953,3),(3799,7200.00,953,2),(3800,0.00,953,5),(3801,9000.00,953,1),(3802,0.00,954,5),(3803,7000.00,954,3),(3804,8000.00,954,2),(3805,10000.00,954,1),(3806,8000.00,955,2),(3807,0.00,955,5),(3808,10000.00,955,1),(3809,7000.00,955,3),(3810,8000.00,956,2),(3811,0.00,956,5),(3812,10000.00,956,1),(3813,7000.00,956,3),(3814,7500.00,957,1),(3815,0.00,957,5),(3816,6000.00,957,2),(3817,5250.00,957,3),(3818,7200.00,958,2),(3819,9000.00,958,1),(3820,6300.00,958,3),(3821,0.00,958,5),(3822,10000.00,959,1),(3823,8000.00,959,2),(3824,0.00,959,5),(3825,7000.00,959,3),(3826,7000.00,960,3),(3827,8000.00,960,2),(3828,10000.00,960,1),(3829,0.00,960,5),(3830,9000.00,961,1),(3831,0.00,961,5),(3832,7200.00,961,2),(3833,6300.00,961,3),(3834,9450.00,962,3),(3835,0.00,962,5),(3836,10800.00,962,2),(3837,13500.00,962,1),(3838,0.00,963,5),(3839,10800.00,963,2),(3840,9450.00,963,3),(3841,13500.00,963,1),(3842,7200.00,964,2),(3843,6300.00,964,3),(3844,9000.00,964,1),(3845,0.00,964,5),(3846,9000.00,965,1),(3847,7200.00,965,2),(3848,6300.00,965,3),(3849,0.00,965,5),(3850,6300.00,966,3),(3851,0.00,966,5),(3852,9000.00,966,1),(3853,7200.00,966,2),(3854,13500.00,967,1),(3855,0.00,967,5),(3856,9450.00,967,3),(3857,10800.00,967,2),(3858,9000.00,968,1),(3859,7200.00,968,2),(3860,0.00,968,5),(3861,6300.00,968,3),(3862,5250.00,969,3),(3863,7500.00,969,1),(3864,0.00,969,5),(3865,6000.00,969,2),(3866,10800.00,970,2),(3867,9450.00,970,3),(3868,0.00,970,5),(3869,13500.00,970,1),(3870,9000.00,971,1),(3871,7200.00,971,2),(3872,6300.00,971,3),(3873,0.00,971,5),(3874,9450.00,972,3),(3875,13500.00,972,1),(3876,10800.00,972,2),(3877,0.00,972,5),(3878,13500.00,973,1),(3879,9450.00,973,3),(3880,0.00,973,5),(3881,10800.00,973,2),(3882,10000.00,974,1),(3883,0.00,974,5),(3884,7000.00,974,3),(3885,8000.00,974,2),(3886,7500.00,975,1),(3887,0.00,975,5),(3888,5250.00,975,3),(3889,6000.00,975,2),(3890,9000.00,976,1),(3891,7200.00,976,2),(3892,0.00,976,5),(3893,6300.00,976,3),(3894,9000.00,977,1),(3895,7200.00,977,2),(3896,6300.00,977,3),(3897,0.00,977,5),(3898,0.00,978,5),(3899,9000.00,978,1),(3900,6300.00,978,3),(3901,7200.00,978,2),(3902,9000.00,979,1),(3903,7200.00,979,2),(3904,0.00,979,5),(3905,6300.00,979,3),(3906,7200.00,980,2),(3907,0.00,980,5),(3908,6300.00,980,3),(3909,9000.00,980,1),(3910,9450.00,981,3),(3911,0.00,981,5),(3912,13500.00,981,1),(3913,10800.00,981,2),(3914,0.00,982,5),(3915,7000.00,982,3),(3916,8000.00,982,2),(3917,10000.00,982,1),(3918,6300.00,983,3),(3919,7200.00,983,2),(3920,9000.00,983,1),(3921,0.00,983,5),(3922,13500.00,984,1),(3923,0.00,984,5),(3924,10800.00,984,2),(3925,9450.00,984,3),(3926,9000.00,985,1),(3927,7200.00,985,2),(3928,0.00,985,5),(3929,6300.00,985,3),(3930,5250.00,986,3),(3931,0.00,986,5),(3932,7500.00,986,1),(3933,6000.00,986,2),(3934,5250.00,987,3),(3935,0.00,987,5),(3936,7500.00,987,1),(3937,6000.00,987,2),(3938,9450.00,988,3),(3939,10800.00,988,2),(3940,13500.00,988,1),(3941,0.00,988,5),(3942,7000.00,989,3),(3943,0.00,989,5),(3944,10000.00,989,1),(3945,8000.00,989,2),(3946,7000.00,990,3),(3947,10000.00,990,1),(3948,8000.00,990,2),(3949,0.00,990,5),(3950,10800.00,991,2),(3951,9450.00,991,3),(3952,0.00,991,5),(3953,13500.00,991,1),(3954,7200.00,992,2),(3955,6300.00,992,3),(3956,9000.00,992,1),(3957,0.00,992,5),(3958,10800.00,993,2),(3959,13500.00,993,1),(3960,9450.00,993,3),(3961,0.00,993,5),(3962,6000.00,994,2),(3963,0.00,994,5),(3964,5250.00,994,3),(3965,7500.00,994,1),(3966,5250.00,995,3),(3967,0.00,995,5),(3968,7500.00,995,1),(3969,6000.00,995,2),(3970,9450.00,996,3),(3971,0.00,996,5),(3972,13500.00,996,1),(3973,10800.00,996,2),(3974,5250.00,997,3),(3975,6000.00,997,2),(3976,7500.00,997,1),(3977,0.00,997,5),(3978,9000.00,998,1),(3979,0.00,998,5),(3980,6300.00,998,3),(3981,7200.00,998,2),(3982,10000.00,999,1),(3983,7000.00,999,3),(3984,0.00,999,5),(3985,8000.00,999,2),(3986,6300.00,1000,3),(3987,0.00,1000,5),(3988,9000.00,1000,1),(3989,7200.00,1000,2),(3990,13500.00,1001,1),(3991,0.00,1001,5),(3992,10800.00,1001,2),(3993,9450.00,1001,3),(3994,6000.00,1002,2),(3995,7500.00,1002,1),(3996,5250.00,1002,3),(3997,0.00,1002,5),(3998,10800.00,1003,2),(3999,13500.00,1003,1),(4000,9450.00,1003,3),(4001,0.00,1003,5),(4002,9000.00,1004,1),(4003,6300.00,1004,3),(4004,0.00,1004,5),(4005,7200.00,1004,2),(4006,10000.00,1005,1),(4007,8000.00,1005,2),(4008,0.00,1005,5),(4009,7000.00,1005,3),(4010,7200.00,1006,2),(4011,6300.00,1006,3),(4012,0.00,1006,5),(4013,9000.00,1006,1),(4014,7500.00,1007,1),(4015,6000.00,1007,2),(4016,0.00,1007,5),(4017,5250.00,1007,3),(4018,0.00,1008,5),(4019,8000.00,1008,2),(4020,7000.00,1008,3),(4021,10000.00,1008,1),(4022,0.00,1009,5),(4023,10000.00,1009,1),(4024,8000.00,1009,2),(4025,7000.00,1009,3),(4026,13500.00,1010,1),(4027,9450.00,1010,3),(4028,10800.00,1010,2),(4029,0.00,1010,5);
/*!40000 ALTER TABLE `transferrate` ENABLE KEYS */;
UNLOCK TABLES;

--
-- Table structure for table `transferstatus`
--

DROP TABLE IF EXISTS `transferstatus`;
/*!40101 SET @saved_cs_client     = @@character_set_client */;
/*!50503 SET character_set_client = utf8mb4 */;
CREATE TABLE `transferstatus` (
  `id` int NOT NULL AUTO_INCREMENT,
  `name` varchar(45) DEFAULT NULL,
  PRIMARY KEY (`id`)
) ENGINE=InnoDB AUTO_INCREMENT=6 DEFAULT CHARSET=utf8mb3;
/*!40101 SET character_set_client = @saved_cs_client */;

--
-- Dumping data for table `transferstatus`
--

LOCK TABLES `transferstatus` WRITE;
/*!40000 ALTER TABLE `transferstatus` DISABLE KEYS */;
INSERT INTO `transferstatus` VALUES (1,'Pending'),(2,'Confirmed'),(3,'Waiting for payment'),(4,'Paid'),(5,'Cancelled');
/*!40000 ALTER TABLE `transferstatus` ENABLE KEYS */;
UNLOCK TABLES;

--
-- Table structure for table `transfertype`
--

DROP TABLE IF EXISTS `transfertype`;
/*!40101 SET @saved_cs_client     = @@character_set_client */;
/*!50503 SET character_set_client = utf8mb4 */;
CREATE TABLE `transfertype` (
  `id` int NOT NULL AUTO_INCREMENT,
  `name` varchar(45) DEFAULT NULL,
  PRIMARY KEY (`id`)
) ENGINE=InnoDB AUTO_INCREMENT=8 DEFAULT CHARSET=utf8mb3;
/*!40101 SET character_set_client = @saved_cs_client */;

--
-- Dumping data for table `transfertype`
--

LOCK TABLES `transfertype` WRITE;
/*!40000 ALTER TABLE `transfertype` DISABLE KEYS */;
INSERT INTO `transfertype` VALUES (1,'Personal'),(2,'Shared'),(3,'Luxury'),(4,'Group'),(5,'VIP/Business'),(6,'Minibus'),(7,'Airport');
/*!40000 ALTER TABLE `transfertype` ENABLE KEYS */;
UNLOCK TABLES;

--
-- Table structure for table `user`
--

DROP TABLE IF EXISTS `user`;
/*!40101 SET @saved_cs_client     = @@character_set_client */;
/*!50503 SET character_set_client = utf8mb4 */;
CREATE TABLE `user` (
  `id` int NOT NULL AUTO_INCREMENT,
  `employee_id` int NOT NULL,
  `username` varchar(45) DEFAULT NULL,
  `password` varchar(255) DEFAULT NULL,
  `createdon` timestamp NULL DEFAULT NULL,
  `updatedon` timestamp NULL DEFAULT NULL,
  `descrption` tinytext,
  `userstatus_id` int NOT NULL,
  `usertype_id` int NOT NULL,
  `account_locked` bit(1) NOT NULL,
  `recovery_code` varchar(6) DEFAULT NULL,
  `recovery_code_expiration` timestamp NULL DEFAULT NULL,
  `recovery_code_used` bit(1) DEFAULT NULL,
  PRIMARY KEY (`id`),
  KEY `fk_user_userstatus1_idx` (`userstatus_id`),
  KEY `fk_user_usertype1_idx` (`usertype_id`),
  KEY `fk_user_employee1_idx` (`employee_id`),
  CONSTRAINT `fk_user_employee1` FOREIGN KEY (`employee_id`) REFERENCES `employee` (`id`),
  CONSTRAINT `fk_user_userstatus1` FOREIGN KEY (`userstatus_id`) REFERENCES `userstatus` (`id`),
  CONSTRAINT `fk_user_usertype1` FOREIGN KEY (`usertype_id`) REFERENCES `usertype` (`id`)
) ENGINE=InnoDB AUTO_INCREMENT=13 DEFAULT CHARSET=utf8mb3;
/*!40101 SET character_set_client = @saved_cs_client */;

--
-- Dumping data for table `user`
--

LOCK TABLES `user` WRITE;
/*!40000 ALTER TABLE `user` DISABLE KEYS */;
INSERT INTO `user` VALUES (6,13,'dileesha','$2a$10$2g4f8Bc6VkvVhDpZB.1LHOBje.DTByO.0aKP0VoMsHVJ.b27s25MC','2025-02-21 14:03:56','2025-08-16 18:46:15','Travellion#Admin@25',1,1,_binary '\0',NULL,NULL,NULL),(9,15,'nipuni','$2a$10$hIyUwO/26DymEaPOKIgdA.9nVe0gzVoJFPvUO8J06LumplZ2a2iHK','2025-02-21 18:54:14','2025-07-08 19:37:46','Nipu@123456',1,1,_binary '\0',NULL,NULL,NULL),(10,17,'kanishka.t','$2a$10$xoStx0q9YALxNWU8/p7M7Ox8rBdDjVjhEB4KG4CkVre9rIeXt5.oG','2025-07-18 09:27:46','2025-08-05 12:18:13','Kanishka@123',1,1,_binary '\0',NULL,NULL,NULL),(11,18,'dilini.r','$2a$10$WLiRP.oL6iY4SNZ/ariMvOHp5c54KKEZgu3LWN5p6DqqQLC58qqoa','2025-07-18 09:29:23','2025-07-18 09:29:23','Dilini@123',1,1,_binary '\0',NULL,NULL,NULL),(12,19,'ravindu.a','$2a$10$8epKgmMMvDi8rU4.HgSLU.FHJHL8VJI1BNFS.hQ2n2f4FlyxAMOfu','2025-07-18 09:30:43','2025-07-18 09:30:43','Ravindu@123',1,1,_binary '\0',NULL,NULL,NULL);
/*!40000 ALTER TABLE `user` ENABLE KEYS */;
UNLOCK TABLES;

--
-- Table structure for table `userrole`
--

DROP TABLE IF EXISTS `userrole`;
/*!40101 SET @saved_cs_client     = @@character_set_client */;
/*!50503 SET character_set_client = utf8mb4 */;
CREATE TABLE `userrole` (
  `id` int NOT NULL AUTO_INCREMENT,
  `user_id` int NOT NULL,
  `role_id` int NOT NULL,
  PRIMARY KEY (`id`),
  KEY `fk_user_has_role_role1_idx` (`role_id`),
  KEY `fk_user_has_role_user1_idx` (`user_id`),
  CONSTRAINT `fk_user_has_role_role1` FOREIGN KEY (`role_id`) REFERENCES `role` (`id`),
  CONSTRAINT `fk_user_has_role_user1` FOREIGN KEY (`user_id`) REFERENCES `user` (`id`)
) ENGINE=InnoDB AUTO_INCREMENT=44 DEFAULT CHARSET=utf8mb3;
/*!40101 SET character_set_client = @saved_cs_client */;

--
-- Dumping data for table `userrole`
--

LOCK TABLES `userrole` WRITE;
/*!40000 ALTER TABLE `userrole` DISABLE KEYS */;
INSERT INTO `userrole` VALUES (34,9,1),(40,6,1),(41,10,3),(42,11,4),(43,12,5);
/*!40000 ALTER TABLE `userrole` ENABLE KEYS */;
UNLOCK TABLES;

--
-- Table structure for table `userstatus`
--

DROP TABLE IF EXISTS `userstatus`;
/*!40101 SET @saved_cs_client     = @@character_set_client */;
/*!50503 SET character_set_client = utf8mb4 */;
CREATE TABLE `userstatus` (
  `id` int NOT NULL AUTO_INCREMENT,
  `name` varchar(45) DEFAULT NULL,
  PRIMARY KEY (`id`)
) ENGINE=InnoDB AUTO_INCREMENT=3 DEFAULT CHARSET=utf8mb3;
/*!40101 SET character_set_client = @saved_cs_client */;

--
-- Dumping data for table `userstatus`
--

LOCK TABLES `userstatus` WRITE;
/*!40000 ALTER TABLE `userstatus` DISABLE KEYS */;
INSERT INTO `userstatus` VALUES (1,'Active'),(2,'Deactivated');
/*!40000 ALTER TABLE `userstatus` ENABLE KEYS */;
UNLOCK TABLES;

--
-- Table structure for table `usertype`
--

DROP TABLE IF EXISTS `usertype`;
/*!40101 SET @saved_cs_client     = @@character_set_client */;
/*!50503 SET character_set_client = utf8mb4 */;
CREATE TABLE `usertype` (
  `id` int NOT NULL AUTO_INCREMENT,
  `name` varchar(45) DEFAULT NULL,
  PRIMARY KEY (`id`)
) ENGINE=InnoDB AUTO_INCREMENT=2 DEFAULT CHARSET=utf8mb3;
/*!40101 SET character_set_client = @saved_cs_client */;

--
-- Dumping data for table `usertype`
--

LOCK TABLES `usertype` WRITE;
/*!40000 ALTER TABLE `usertype` DISABLE KEYS */;
INSERT INTO `usertype` VALUES (1,'Privileged');
/*!40000 ALTER TABLE `usertype` ENABLE KEYS */;
UNLOCK TABLES;
/*!40103 SET TIME_ZONE=@OLD_TIME_ZONE */;

/*!40101 SET SQL_MODE=@OLD_SQL_MODE */;
/*!40014 SET FOREIGN_KEY_CHECKS=@OLD_FOREIGN_KEY_CHECKS */;
/*!40014 SET UNIQUE_CHECKS=@OLD_UNIQUE_CHECKS */;
/*!40101 SET CHARACTER_SET_CLIENT=@OLD_CHARACTER_SET_CLIENT */;
/*!40101 SET CHARACTER_SET_RESULTS=@OLD_CHARACTER_SET_RESULTS */;
/*!40101 SET COLLATION_CONNECTION=@OLD_COLLATION_CONNECTION */;
/*!40111 SET SQL_NOTES=@OLD_SQL_NOTES */;

-- Dump completed on 2025-08-17  0:17:43
